{"type":"FeatureCollection","features":[{"type":"Feature","geometry":{"type":"Point","coordinates":[-121.74951813,38.54128925]},"properties":{"phone_id":"100000000350362.0","t":25582.5}},{"type":"Feature","geometry":{"type":"Point","coordinates":[-121.74942211,38.54133341]},"properties":{"phone_id":"100000000353163.0","t":25582.5}},{"type":"Feature","geometry":{"type":"Point","coordinates":[-121.74964843,38.54109179]},"properties":{"phone_id":"100000000353680.0","t":25582.5}},{"type":"Feature","geometry":{"type":"Point","coordinates":[-121.74951429,38.54090469]},"properties":{"phone_id":"100000000354224.0","t":25582.5}},{"type":"Feature","geometry":{"type":"Point","coordinates":[-121.74926396,38.5409607]},"properties":{"phone_id":"100000000354233.0","t":25582.5}},{"type":"Feature","geometry":{"type":"Point","coordinates":[-121.74925945,38.54090795]},"properties":{"phone_id":"100000000354242.0","t":25582.5}},{"type":"Feature","geometry":{"type":"Point","coordinates":[-121.74921514,38.54096257]},"properties":{"phone_id":"100000000354331.0","t":25582.5}},{"type":"Feature","geometry":{"type":"Point","coordinates":[-121.74949901,38.54132974]},"properties":{"phone_id":"100000000354377.0","t":25582.5}},{"type":"Feature","geometry":{"type":"Point","coordinates":[-121.74941994,38.54092393]},"properties":{"phone_id":"100000000354395.0","t":25582.5}},{"type":"Feature","geometry":{"type":"Point","coordinates":[-121.74912389,38.5412217]},"properties":{"phone_id":"100000000354402.0","t":25582.5}},{"type":"Feature","geometry":{"type":"Point","coordinates":[-121.74914599,38.54103282]},"properties":{"phone_id":"100000000354411.0","t":25582.5}},{"type":"Feature","geometry":{"type":"Point","coordinates":[-121.74938924,38.54123155]},"properties":{"phone_id":"100000000354466.0","t":25582.5}},{"type":"Feature","geometry":{"type":"Point","coordinates":[-121.74930877,38.54103104]},"properties":{"phone_id":"100000000354493.0","t":25582.5}},{"type":"Feature","geometry":{"type":"Point","coordinates":[-121.74907417,38.54130183]},"properties":{"phone_id":"100000000354518.0","t":25582.5}},{"type":"Feature","geometry":{"type":"Point","coordinates":[-121.74944222,38.54114005]},"properties":{"phone_id":"100000000354536.0","t":25582.5}},{"type":"Feature","geometry":{"type":"Point","coordinates":[-121.74925083,38.5411662]},"properties":{"phone_id":"100000000354545.0","t":25582.5}},{"type":"Feature","geometry":{"type":"Point","coordinates":[-121.74945221,38.54109778]},"properties":{"phone_id":"100000000354563.0","t":25582.5}},{"type":"Feature","geometry":{"type":"Point","coordinates":[-121.74964501,38.54105883]},"properties":{"phone_id":"100000000354581.0","t":25582.5}},{"type":"Feature","geometry":{"type":"Point","coordinates":[-121.74940381,38.54107745]},"properties":{"phone_id":"100000000354634.0","t":25582.5}},{"type":"Feature","geometry":{"type":"Point","coordinates":[-121.74942203,38.54110896]},"properties":{"phone_id":"100000000354661.0","t":25582.5}},{"type":"Feature","geometry":{"type":"Point","coordinates":[-121.74939464,38.54112433]},"properties":{"phone_id":"100000000354698.0","t":25582.5}},{"type":"Feature","geometry":{"type":"Point","coordinates":[-121.74933466,38.54115721]},"properties":{"phone_id":"100000000354714.0","t":25582.5}},{"type":"Feature","geometry":{"type":"Point","coordinates":[-121.74955769,38.54127557]},"properties":{"phone_id":"100000000354723.0","t":25582.5}},{"type":"Feature","geometry":{"type":"Point","coordinates":[-121.74937197,38.54113746]},"properties":{"phone_id":"100000000354741.0","t":25582.5}},{"type":"Feature","geometry":{"type":"Point","coordinates":[-121.74940392,38.5410684]},"properties":{"phone_id":"100000000354750.0","t":25582.5}},{"type":"Feature","geometry":{"type":"Point","coordinates":[-121.74932365,38.54107359]},"properties":{"phone_id":"100000000354769.0","t":25582.5}},{"type":"Feature","geometry":{"type":"Point","coordinates":[-121.74953212,38.541145]},"properties":{"phone_id":"100000000354787.0","t":25582.5}},{"type":"Feature","geometry":{"type":"Point","coordinates":[-121.74928923,38.54110845]},"properties":{"phone_id":"100000000354796.0","t":25582.5}},{"type":"Feature","geometry":{"type":"Point","coordinates":[-121.74919959,38.54130523]},"properties":{"phone_id":"100000000354803.0","t":25582.5}},{"type":"Feature","geometry":{"type":"Point","coordinates":[-121.74924066,38.54091276]},"properties":{"phone_id":"100000000354812.0","t":25582.5}},{"type":"Feature","geometry":{"type":"Point","coordinates":[-121.7491163,38.54129156]},"properties":{"phone_id":"100000000354849.0","t":25582.5}},{"type":"Feature","geometry":{"type":"Point","coordinates":[-121.7491151,38.54122808]},"properties":{"phone_id":"100000000354858.0","t":25582.5}},{"type":"Feature","geometry":{"type":"Point","coordinates":[-121.7490835,38.54101787]},"properties":{"phone_id":"100000000354867.0","t":25582.5}},{"type":"Feature","geometry":{"type":"Point","coordinates":[-121.74935335,38.54111862]},"properties":{"phone_id":"100000000354876.0","t":25582.5}},{"type":"Feature","geometry":{"type":"Point","coordinates":[-121.74909124,38.54132433]},"properties":{"phone_id":"100000000354885.0","t":25582.5}},{"type":"Feature","geometry":{"type":"Point","coordinates":[-121.74942367,38.54108954]},"properties":{"phone_id":"100000000354894.0","t":25582.5}},{"type":"Feature","geometry":{"type":"Point","coordinates":[-121.74949833,38.54091499]},"properties":{"phone_id":"100000000354910.0","t":25582.5}},{"type":"Feature","geometry":{"type":"Point","coordinates":[-121.74929205,38.54112622]},"properties":{"phone_id":"100000000354929.0","t":25582.5}},{"type":"Feature","geometry":{"type":"Point","coordinates":[-121.74910829,38.54102165]},"properties":{"phone_id":"100000000354947.0","t":25582.5}},{"type":"Feature","geometry":{"type":"Point","coordinates":[-121.74958969,38.54089188]},"properties":{"phone_id":"100000000354983.0","t":25582.5}},{"type":"Feature","geometry":{"type":"Point","coordinates":[-121.74935371,38.54112309]},"properties":{"phone_id":"100000000354992.0","t":25582.5}},{"type":"Feature","geometry":{"type":"Point","coordinates":[-121.74938612,38.5411427]},"properties":{"phone_id":"100000000355009.0","t":25582.5}},{"type":"Feature","geometry":{"type":"Point","coordinates":[-121.74956124,38.54113631]},"properties":{"phone_id":"100000000355027.0","t":25582.5}},{"type":"Feature","geometry":{"type":"Point","coordinates":[-121.74922431,38.54119797]},"properties":{"phone_id":"100000000355036.0","t":25582.5}},{"type":"Feature","geometry":{"type":"Point","coordinates":[-121.74927328,38.54103411]},"properties":{"phone_id":"100000000355045.0","t":25582.5}},{"type":"Feature","geometry":{"type":"Point","coordinates":[-121.74934986,38.54114068]},"properties":{"phone_id":"100000000355054.0","t":25582.5}},{"type":"Feature","geometry":{"type":"Point","coordinates":[-121.74929892,38.54097432]},"properties":{"phone_id":"100000000355063.0","t":25582.5}},{"type":"Feature","geometry":{"type":"Point","coordinates":[-121.74937665,38.5412185]},"properties":{"phone_id":"100000000355072.0","t":25582.5}},{"type":"Feature","geometry":{"type":"Point","coordinates":[-121.74952905,38.54115095]},"properties":{"phone_id":"100000000355081.0","t":25582.5}},{"type":"Feature","geometry":{"type":"Point","coordinates":[-121.74924467,38.54099572]},"properties":{"phone_id":"100000000355090.0","t":25582.5}},{"type":"Feature","geometry":{"type":"Point","coordinates":[-121.74930862,38.54116485]},"properties":{"phone_id":"100000000355107.0","t":25582.5}},{"type":"Feature","geometry":{"type":"Point","coordinates":[-121.74930054,38.54114521]},"properties":{"phone_id":"100000000355116.0","t":25582.5}},{"type":"Feature","geometry":{"type":"Point","coordinates":[-121.74938935,38.54107528]},"properties":{"phone_id":"100000000355125.0","t":25582.5}},{"type":"Feature","geometry":{"type":"Point","coordinates":[-121.74916416,38.54096128]},"properties":{"phone_id":"100000000355134.0","t":25582.5}},{"type":"Feature","geometry":{"type":"Point","coordinates":[-121.7492903,38.54124702]},"properties":{"phone_id":"100000000355143.0","t":25582.5}},{"type":"Feature","geometry":{"type":"Point","coordinates":[-121.74919167,38.54100514]},"properties":{"phone_id":"100000000355152.0","t":25582.5}},{"type":"Feature","geometry":{"type":"Point","coordinates":[-121.74924352,38.54119026]},"properties":{"phone_id":"100000000355161.0","t":25582.5}},{"type":"Feature","geometry":{"type":"Point","coordinates":[-121.74929906,38.54126167]},"properties":{"phone_id":"100000000355170.0","t":25582.5}},{"type":"Feature","geometry":{"type":"Point","coordinates":[-121.74916053,38.54123474]},"properties":{"phone_id":"100000000355189.0","t":25582.5}},{"type":"Feature","geometry":{"type":"Point","coordinates":[-121.74947932,38.54110816]},"properties":{"phone_id":"100000000355198.0","t":25582.5}},{"type":"Feature","geometry":{"type":"Point","coordinates":[-121.74926524,38.54109956]},"properties":{"phone_id":"100000000355205.0","t":25582.5}},{"type":"Feature","geometry":{"type":"Point","coordinates":[-121.74912927,38.54109581]},"properties":{"phone_id":"100000000355214.0","t":25582.5}},{"type":"Feature","geometry":{"type":"Point","coordinates":[-121.74931087,38.54124039]},"properties":{"phone_id":"100000000355223.0","t":25582.5}},{"type":"Feature","geometry":{"type":"Point","coordinates":[-121.74929675,38.54128826]},"properties":{"phone_id":"100000000355232.0","t":25582.5}},{"type":"Feature","geometry":{"type":"Point","coordinates":[-121.74947832,38.54096923]},"properties":{"phone_id":"100000000355241.0","t":25582.5}},{"type":"Feature","geometry":{"type":"Point","coordinates":[-121.74953822,38.5411426]},"properties":{"phone_id":"100000000355250.0","t":25582.5}},{"type":"Feature","geometry":{"type":"Point","coordinates":[-121.74916953,38.54122642]},"properties":{"phone_id":"100000000355269.0","t":25582.5}},{"type":"Feature","geometry":{"type":"Point","coordinates":[-121.74913058,38.54120886]},"properties":{"phone_id":"100000000355278.0","t":25582.5}},{"type":"Feature","geometry":{"type":"Point","coordinates":[-121.74914139,38.54108081]},"properties":{"phone_id":"100000000355287.0","t":25582.5}},{"type":"Feature","geometry":{"type":"Point","coordinates":[-121.74914694,38.54092273]},"properties":{"phone_id":"100000000355296.0","t":25582.5}},{"type":"Feature","geometry":{"type":"Point","coordinates":[-121.74917982,38.54090199]},"properties":{"phone_id":"100000000355303.0","t":25582.5}},{"type":"Feature","geometry":{"type":"Point","coordinates":[-121.74959155,38.54123357]},"properties":{"phone_id":"100000000355312.0","t":25582.5}},{"type":"Feature","geometry":{"type":"Point","coordinates":[-121.74958898,38.54103399]},"properties":{"phone_id":"100000000355321.0","t":25582.5}},{"type":"Feature","geometry":{"type":"Point","coordinates":[-121.74910622,38.5412242]},"properties":{"phone_id":"100000000355330.0","t":25582.5}},{"type":"Feature","geometry":{"type":"Point","coordinates":[-121.74945595,38.54090844]},"properties":{"phone_id":"100000000355349.0","t":25582.5}},{"type":"Feature","geometry":{"type":"Point","coordinates":[-121.74940975,38.54093432]},"properties":{"phone_id":"100000000355358.0","t":25582.5}},{"type":"Feature","geometry":{"type":"Point","coordinates":[-121.74959834,38.54091747]},"properties":{"phone_id":"100000000355367.0","t":25582.5}},{"type":"Feature","geometry":{"type":"Point","coordinates":[-121.74914363,38.54103479]},"properties":{"phone_id":"100000000355376.0","t":25582.5}},{"type":"Feature","geometry":{"type":"Point","coordinates":[-121.74948688,38.54124509]},"properties":{"phone_id":"100000000350362.0","t":25585.0}},{"type":"Feature","geometry":{"type":"Point","coordinates":[-121.74942211,38.54133341]},"properties":{"phone_id":"100000000353163.0","t":25585.0}},{"type":"Feature","geometry":{"type":"Point","coordinates":[-121.74964843,38.54109179]},"properties":{"phone_id":"100000000353680.0","t":25585.0}},{"type":"Feature","geometry":{"type":"Point","coordinates":[-121.74924639,38.54093953]},"properties":{"phone_id":"100000000354233.0","t":25585.0}},{"type":"Feature","geometry":{"type":"Point","coordinates":[-121.74925812,38.54088518]},"properties":{"phone_id":"100000000354242.0","t":25585.0}},{"type":"Feature","geometry":{"type":"Point","coordinates":[-121.74918596,38.54094621]},"properties":{"phone_id":"100000000354331.0","t":25585.0}},{"type":"Feature","geometry":{"type":"Point","coordinates":[-121.74944329,38.54090317]},"properties":{"phone_id":"100000000354395.0","t":25585.0}},{"type":"Feature","geometry":{"type":"Point","coordinates":[-121.74909146,38.54123498]},"properties":{"phone_id":"100000000354402.0","t":25585.0}},{"type":"Feature","geometry":{"type":"Point","coordinates":[-121.74911679,38.54102336]},"properties":{"phone_id":"100000000354411.0","t":25585.0}},{"type":"Feature","geometry":{"type":"Point","coordinates":[-121.74938791,38.54125478]},"properties":{"phone_id":"100000000354466.0","t":25585.0}},{"type":"Feature","geometry":{"type":"Point","coordinates":[-121.74929002,38.54101068]},"properties":{"phone_id":"100000000354493.0","t":25585.0}},{"type":"Feature","geometry":{"type":"Point","coordinates":[-121.74907417,38.54130183]},"properties":{"phone_id":"100000000354518.0","t":25585.0}},{"type":"Feature","geometry":{"type":"Point","coordinates":[-121.74947555,38.54114923]},"properties":{"phone_id":"100000000354536.0","t":25585.0}},{"type":"Feature","geometry":{"type":"Point","coordinates":[-121.74923865,38.54119219]},"properties":{"phone_id":"100000000354545.0","t":25585.0}},{"type":"Feature","geometry":{"type":"Point","coordinates":[-121.74948709,38.54105779]},"properties":{"phone_id":"100000000354563.0","t":25585.0}},{"type":"Feature","geometry":{"type":"Point","coordinates":[-121.74938579,38.54105508]},"properties":{"phone_id":"100000000354634.0","t":25585.0}},{"type":"Feature","geometry":{"type":"Point","coordinates":[-121.74944641,38.54113062]},"properties":{"phone_id":"100000000354661.0","t":25585.0}},{"type":"Feature","geometry":{"type":"Point","coordinates":[-121.74942161,38.54110457]},"properties":{"phone_id":"100000000354698.0","t":25585.0}},{"type":"Feature","geometry":{"type":"Point","coordinates":[-121.74933481,38.54118222]},"properties":{"phone_id":"100000000354714.0","t":25585.0}},{"type":"Feature","geometry":{"type":"Point","coordinates":[-121.74960009,38.54131178]},"properties":{"phone_id":"100000000354723.0","t":25585.0}},{"type":"Feature","geometry":{"type":"Point","coordinates":[-121.74935164,38.54112102]},"properties":{"phone_id":"100000000354741.0","t":25585.0}},{"type":"Feature","geometry":{"type":"Point","coordinates":[-121.74938296,38.54108549]},"properties":{"phone_id":"100000000354750.0","t":25585.0}},{"type":"Feature","geometry":{"type":"Point","coordinates":[-121.74929387,38.54106272]},"properties":{"phone_id":"100000000354769.0","t":25585.0}},{"type":"Feature","geometry":{"type":"Point","coordinates":[-121.74953212,38.541145]},"properties":{"phone_id":"100000000354787.0","t":25585.0}},{"type":"Feature","geometry":{"type":"Point","coordinates":[-121.74925611,38.54110782]},"properties":{"phone_id":"100000000354796.0","t":25585.0}},{"type":"Feature","geometry":{"type":"Point","coordinates":[-121.74932957,38.54110067]},"properties":{"phone_id":"100000000354876.0","t":25585.0}},{"type":"Feature","geometry":{"type":"Point","coordinates":[-121.74949337,38.54108745]},"properties":{"phone_id":"100000000354894.0","t":25585.0}},{"type":"Feature","geometry":{"type":"Point","coordinates":[-121.74925948,38.54113248]},"properties":{"phone_id":"100000000354929.0","t":25585.0}},{"type":"Feature","geometry":{"type":"Point","coordinates":[-121.74934638,38.5410991]},"properties":{"phone_id":"100000000354992.0","t":25585.0}},{"type":"Feature","geometry":{"type":"Point","coordinates":[-121.74938899,38.54117189]},"properties":{"phone_id":"100000000355009.0","t":25585.0}},{"type":"Feature","geometry":{"type":"Point","coordinates":[-121.749623,38.5411457]},"properties":{"phone_id":"100000000355027.0","t":25585.0}},{"type":"Feature","geometry":{"type":"Point","coordinates":[-121.74917349,38.54123735]},"properties":{"phone_id":"100000000355036.0","t":25585.0}},{"type":"Feature","geometry":{"type":"Point","coordinates":[-121.74923882,38.54099616]},"properties":{"phone_id":"100000000355045.0","t":25585.0}},{"type":"Feature","geometry":{"type":"Point","coordinates":[-121.74935619,38.54111667]},"properties":{"phone_id":"100000000355054.0","t":25585.0}},{"type":"Feature","geometry":{"type":"Point","coordinates":[-121.74925886,38.54092989]},"properties":{"phone_id":"100000000355063.0","t":25585.0}},{"type":"Feature","geometry":{"type":"Point","coordinates":[-121.74939706,38.54126719]},"properties":{"phone_id":"100000000355072.0","t":25585.0}},{"type":"Feature","geometry":{"type":"Point","coordinates":[-121.74959483,38.5411572]},"properties":{"phone_id":"100000000355081.0","t":25585.0}},{"type":"Feature","geometry":{"type":"Point","coordinates":[-121.74929172,38.54103604]},"properties":{"phone_id":"100000000355090.0","t":25585.0}},{"type":"Feature","geometry":{"type":"Point","coordinates":[-121.74935237,38.54112994]},"properties":{"phone_id":"100000000355107.0","t":25585.0}},{"type":"Feature","geometry":{"type":"Point","coordinates":[-121.74934872,38.54111793]},"properties":{"phone_id":"100000000355116.0","t":25585.0}},{"type":"Feature","geometry":{"type":"Point","coordinates":[-121.74935916,38.54112519]},"properties":{"phone_id":"100000000355125.0","t":25585.0}},{"type":"Feature","geometry":{"type":"Point","coordinates":[-121.74918615,38.54097673]},"properties":{"phone_id":"100000000355134.0","t":25585.0}},{"type":"Feature","geometry":{"type":"Point","coordinates":[-121.74930675,38.5412255]},"properties":{"phone_id":"100000000355143.0","t":25585.0}},{"type":"Feature","geometry":{"type":"Point","coordinates":[-121.74922172,38.54101812]},"properties":{"phone_id":"100000000355152.0","t":25585.0}},{"type":"Feature","geometry":{"type":"Point","coordinates":[-121.74928771,38.54115702]},"properties":{"phone_id":"100000000355161.0","t":25585.0}},{"type":"Feature","geometry":{"type":"Point","coordinates":[-121.74930559,38.54123697]},"properties":{"phone_id":"100000000355170.0","t":25585.0}},{"type":"Feature","geometry":{"type":"Point","coordinates":[-121.74919124,38.54122259]},"properties":{"phone_id":"100000000355189.0","t":25585.0}},{"type":"Feature","geometry":{"type":"Point","coordinates":[-121.74942402,38.54108451]},"properties":{"phone_id":"100000000355198.0","t":25585.0}},{"type":"Feature","geometry":{"type":"Point","coordinates":[-121.74932843,38.54108768]},"properties":{"phone_id":"100000000355205.0","t":25585.0}},{"type":"Feature","geometry":{"type":"Point","coordinates":[-121.74915686,38.54110274]},"properties":{"phone_id":"100000000355214.0","t":25585.0}},{"type":"Feature","geometry":{"type":"Point","coordinates":[-121.74932632,38.54119232]},"properties":{"phone_id":"100000000355223.0","t":25585.0}},{"type":"Feature","geometry":{"type":"Point","coordinates":[-121.74930133,38.54126551]},"properties":{"phone_id":"100000000355232.0","t":25585.0}},{"type":"Feature","geometry":{"type":"Point","coordinates":[-121.74943599,38.54101078]},"properties":{"phone_id":"100000000355241.0","t":25585.0}},{"type":"Feature","geometry":{"type":"Point","coordinates":[-121.74948262,38.54112712]},"properties":{"phone_id":"100000000355250.0","t":25585.0}},{"type":"Feature","geometry":{"type":"Point","coordinates":[-121.74921193,38.54118157]},"properties":{"phone_id":"100000000355269.0","t":25585.0}},{"type":"Feature","geometry":{"type":"Point","coordinates":[-121.74918755,38.54118348]},"properties":{"phone_id":"100000000355278.0","t":25585.0}},{"type":"Feature","geometry":{"type":"Point","coordinates":[-121.7492094,38.54109644]},"properties":{"phone_id":"100000000355287.0","t":25585.0}},{"type":"Feature","geometry":{"type":"Point","coordinates":[-121.74917985,38.54096352]},"properties":{"phone_id":"100000000355296.0","t":25585.0}},{"type":"Feature","geometry":{"type":"Point","coordinates":[-121.74919799,38.54092205]},"properties":{"phone_id":"100000000355303.0","t":25585.0}},{"type":"Feature","geometry":{"type":"Point","coordinates":[-121.74953545,38.54120779]},"properties":{"phone_id":"100000000355312.0","t":25585.0}},{"type":"Feature","geometry":{"type":"Point","coordinates":[-121.7495298,38.54105486]},"properties":{"phone_id":"100000000355321.0","t":25585.0}},{"type":"Feature","geometry":{"type":"Point","coordinates":[-121.74913896,38.54121184]},"properties":{"phone_id":"100000000355330.0","t":25585.0}},{"type":"Feature","geometry":{"type":"Point","coordinates":[-121.74944186,38.54093358]},"properties":{"phone_id":"100000000355349.0","t":25585.0}},{"type":"Feature","geometry":{"type":"Point","coordinates":[-121.74938857,38.54098729]},"properties":{"phone_id":"100000000355358.0","t":25585.0}},{"type":"Feature","geometry":{"type":"Point","coordinates":[-121.74955142,38.54095244]},"properties":{"phone_id":"100000000355367.0","t":25585.0}},{"type":"Feature","geometry":{"type":"Point","coordinates":[-121.74921406,38.54105016]},"properties":{"phone_id":"100000000355376.0","t":25585.0}},{"type":"Feature","geometry":{"type":"Point","coordinates":[-121.74958526,38.54119982]},"properties":{"phone_id":"100000000355385.0","t":25585.0}},{"type":"Feature","geometry":{"type":"Point","coordinates":[-121.74927888,38.54093536]},"properties":{"phone_id":"100000000355394.0","t":25585.0}},{"type":"Feature","geometry":{"type":"Point","coordinates":[-121.74927043,38.54128062]},"properties":{"phone_id":"100000000355401.0","t":25585.0}},{"type":"Feature","geometry":{"type":"Point","coordinates":[-121.74907417,38.54126967]},"properties":{"phone_id":"100000000355410.0","t":25585.0}},{"type":"Feature","geometry":{"type":"Point","coordinates":[-121.74920946,38.54092824]},"properties":{"phone_id":"100000000355429.0","t":25585.0}},{"type":"Feature","geometry":{"type":"Point","coordinates":[-121.74957494,38.54113318]},"properties":{"phone_id":"100000000355438.0","t":25585.0}},{"type":"Feature","geometry":{"type":"Point","coordinates":[-121.74932616,38.54091072]},"properties":{"phone_id":"100000000355447.0","t":25585.0}},{"type":"Feature","geometry":{"type":"Point","coordinates":[-121.74919877,38.54091967]},"properties":{"phone_id":"100000000355456.0","t":25585.0}},{"type":"Feature","geometry":{"type":"Point","coordinates":[-121.74961986,38.54110644]},"properties":{"phone_id":"100000000355465.0","t":25585.0}},{"type":"Feature","geometry":{"type":"Point","coordinates":[-121.74930621,38.54130896]},"properties":{"phone_id":"100000000355474.0","t":25585.0}},{"type":"Feature","geometry":{"type":"Point","coordinates":[-121.74925458,38.54092737]},"properties":{"phone_id":"100000000355483.0","t":25585.0}},{"type":"Feature","geometry":{"type":"Point","coordinates":[-121.74910526,38.54109973]},"properties":{"phone_id":"100000000355492.0","t":25585.0}},{"type":"Feature","geometry":{"type":"Point","coordinates":[-121.74946038,38.54119906]},"properties":{"phone_id":"100000000350362.0","t":25587.5}},{"type":"Feature","geometry":{"type":"Point","coordinates":[-121.74942211,38.54133341]},"properties":{"phone_id":"100000000353163.0","t":25587.5}},{"type":"Feature","geometry":{"type":"Point","coordinates":[-121.74964843,38.54109179]},"properties":{"phone_id":"100000000353680.0","t":25587.5}},{"type":"Feature","geometry":{"type":"Point","coordinates":[-121.74922734,38.54091917]},"properties":{"phone_id":"100000000354233.0","t":25587.5}},{"type":"Feature","geometry":{"type":"Point","coordinates":[-121.7491552,38.54093173]},"properties":{"phone_id":"100000000354331.0","t":25587.5}},{"type":"Feature","geometry":{"type":"Point","coordinates":[-121.74908836,38.54101256]},"properties":{"phone_id":"100000000354411.0","t":25587.5}},{"type":"Feature","geometry":{"type":"Point","coordinates":[-121.74938753,38.54127803]},"properties":{"phone_id":"100000000354466.0","t":25587.5}},{"type":"Feature","geometry":{"type":"Point","coordinates":[-121.74926931,38.54099153]},"properties":{"phone_id":"100000000354493.0","t":25587.5}},{"type":"Feature","geometry":{"type":"Point","coordinates":[-121.74907417,38.54130183]},"properties":{"phone_id":"100000000354518.0","t":25587.5}},{"type":"Feature","geometry":{"type":"Point","coordinates":[-121.74950913,38.54115781]},"properties":{"phone_id":"100000000354536.0","t":25587.5}},{"type":"Feature","geometry":{"type":"Point","coordinates":[-121.74922482,38.54121767]},"properties":{"phone_id":"100000000354545.0","t":25587.5}},{"type":"Feature","geometry":{"type":"Point","coordinates":[-121.74952447,38.54101922]},"properties":{"phone_id":"100000000354563.0","t":25587.5}},{"type":"Feature","geometry":{"type":"Point","coordinates":[-121.74936953,38.54103189]},"properties":{"phone_id":"100000000354634.0","t":25587.5}},{"type":"Feature","geometry":{"type":"Point","coordinates":[-121.74946938,38.54115321]},"properties":{"phone_id":"100000000354661.0","t":25587.5}},{"type":"Feature","geometry":{"type":"Point","coordinates":[-121.74944905,38.54108522]},"properties":{"phone_id":"100000000354698.0","t":25587.5}},{"type":"Feature","geometry":{"type":"Point","coordinates":[-121.74933665,38.54120719]},"properties":{"phone_id":"100000000354714.0","t":25587.5}},{"type":"Feature","geometry":{"type":"Point","coordinates":[-121.74933048,38.54110523]},"properties":{"phone_id":"100000000354741.0","t":25587.5}},{"type":"Feature","geometry":{"type":"Point","coordinates":[-121.74936027,38.54110116]},"properties":{"phone_id":"100000000354750.0","t":25587.5}},{"type":"Feature","geometry":{"type":"Point","coordinates":[-121.74926343,38.54105303]},"properties":{"phone_id":"100000000354769.0","t":25587.5}},{"type":"Feature","geometry":{"type":"Point","coordinates":[-121.74953212,38.541145]},"properties":{"phone_id":"100000000354787.0","t":25587.5}},{"type":"Feature","geometry":{"type":"Point","coordinates":[-121.749223,38.54110819]},"properties":{"phone_id":"100000000354796.0","t":25587.5}},{"type":"Feature","geometry":{"type":"Point","coordinates":[-121.7493067,38.54108201]},"properties":{"phone_id":"100000000354876.0","t":25587.5}},{"type":"Feature","geometry":{"type":"Point","coordinates":[-121.74956305,38.54108506]},"properties":{"phone_id":"100000000354894.0","t":25587.5}},{"type":"Feature","geometry":{"type":"Point","coordinates":[-121.74922763,38.54114068]},"properties":{"phone_id":"100000000354929.0","t":25587.5}},{"type":"Feature","geometry":{"type":"Point","coordinates":[-121.74933795,38.54107532]},"properties":{"phone_id":"100000000354992.0","t":25587.5}},{"type":"Feature","geometry":{"type":"Point","coordinates":[-121.74938956,38.54120116]},"properties":{"phone_id":"100000000355009.0","t":25587.5}},{"type":"Feature","geometry":{"type":"Point","coordinates":[-121.74912331,38.54127724]},"properties":{"phone_id":"100000000355036.0","t":25587.5}},{"type":"Feature","geometry":{"type":"Point","coordinates":[-121.74920548,38.54095759]},"properties":{"phone_id":"100000000355045.0","t":25587.5}},{"type":"Feature","geometry":{"type":"Point","coordinates":[-121.74936277,38.5410927]},"properties":{"phone_id":"100000000355054.0","t":25587.5}},{"type":"Feature","geometry":{"type":"Point","coordinates":[-121.7492194,38.54088514]},"properties":{"phone_id":"100000000355063.0","t":25587.5}},{"type":"Feature","geometry":{"type":"Point","coordinates":[-121.7494168,38.54131606]},"properties":{"phone_id":"100000000355072.0","t":25587.5}},{"type":"Feature","geometry":{"type":"Point","coordinates":[-121.74933854,38.54107653]},"properties":{"phone_id":"100000000355090.0","t":25587.5}},{"type":"Feature","geometry":{"type":"Point","coordinates":[-121.74939318,38.54109291]},"properties":{"phone_id":"100000000355107.0","t":25587.5}},{"type":"Feature","geometry":{"type":"Point","coordinates":[-121.74939909,38.54109319]},"properties":{"phone_id":"100000000355116.0","t":25587.5}},{"type":"Feature","geometry":{"type":"Point","coordinates":[-121.74932831,38.54117485]},"properties":{"phone_id":"100000000355125.0","t":25587.5}},{"type":"Feature","geometry":{"type":"Point","coordinates":[-121.74920821,38.54099212]},"properties":{"phone_id":"100000000355134.0","t":25587.5}},{"type":"Feature","geometry":{"type":"Point","coordinates":[-121.74932532,38.54120506]},"properties":{"phone_id":"100000000355143.0","t":25587.5}},{"type":"Feature","geometry":{"type":"Point","coordinates":[-121.74925119,38.54103188]},"properties":{"phone_id":"100000000355152.0","t":25587.5}},{"type":"Feature","geometry":{"type":"Point","coordinates":[-121.74933324,38.5411249]},"properties":{"phone_id":"100000000355161.0","t":25587.5}},{"type":"Feature","geometry":{"type":"Point","coordinates":[-121.74931384,38.54121259]},"properties":{"phone_id":"100000000355170.0","t":25587.5}},{"type":"Feature","geometry":{"type":"Point","coordinates":[-121.7492224,38.54121115]},"properties":{"phone_id":"100000000355189.0","t":25587.5}},{"type":"Feature","geometry":{"type":"Point","coordinates":[-121.74937122,38.54105756]},"properties":{"phone_id":"100000000355198.0","t":25587.5}},{"type":"Feature","geometry":{"type":"Point","coordinates":[-121.74939112,38.54107426]},"properties":{"phone_id":"100000000355205.0","t":25587.5}},{"type":"Feature","geometry":{"type":"Point","coordinates":[-121.74918454,38.54110946]},"properties":{"phone_id":"100000000355214.0","t":25587.5}},{"type":"Feature","geometry":{"type":"Point","coordinates":[-121.74933927,38.5411438]},"properties":{"phone_id":"100000000355223.0","t":25587.5}},{"type":"Feature","geometry":{"type":"Point","coordinates":[-121.74930496,38.54124265]},"properties":{"phone_id":"100000000355232.0","t":25587.5}},{"type":"Feature","geometry":{"type":"Point","coordinates":[-121.74939762,38.54105464]},"properties":{"phone_id":"100000000355241.0","t":25587.5}},{"type":"Feature","geometry":{"type":"Point","coordinates":[-121.74942694,38.54111179]},"properties":{"phone_id":"100000000355250.0","t":25587.5}},{"type":"Feature","geometry":{"type":"Point","coordinates":[-121.74925206,38.54113546]},"properties":{"phone_id":"100000000355269.0","t":25587.5}},{"type":"Feature","geometry":{"type":"Point","coordinates":[-121.74924342,38.54115665]},"properties":{"phone_id":"100000000355278.0","t":25587.5}},{"type":"Feature","geometry":{"type":"Point","coordinates":[-121.74927697,38.54111324]},"properties":{"phone_id":"100000000355287.0","t":25587.5}},{"type":"Feature","geometry":{"type":"Point","coordinates":[-121.74921641,38.54100235]},"properties":{"phone_id":"100000000355296.0","t":25587.5}},{"type":"Feature","geometry":{"type":"Point","coordinates":[-121.74921712,38.54094155]},"properties":{"phone_id":"100000000355303.0","t":25587.5}},{"type":"Feature","geometry":{"type":"Point","coordinates":[-121.74947728,38.54118503]},"properties":{"phone_id":"100000000355312.0","t":25587.5}},{"type":"Feature","geometry":{"type":"Point","coordinates":[-121.7495025,38.54106643]},"properties":{"phone_id":"100000000355321.0","t":25587.5}},{"type":"Feature","geometry":{"type":"Point","coordinates":[-121.74917107,38.54119849]},"properties":{"phone_id":"100000000355330.0","t":25587.5}},{"type":"Feature","geometry":{"type":"Point","coordinates":[-121.74942999,38.54095943]},"properties":{"phone_id":"100000000355349.0","t":25587.5}},{"type":"Feature","geometry":{"type":"Point","coordinates":[-121.74937082,38.54104104]},"properties":{"phone_id":"100000000355358.0","t":25587.5}},{"type":"Feature","geometry":{"type":"Point","coordinates":[-121.74950756,38.54098978]},"properties":{"phone_id":"100000000355367.0","t":25587.5}},{"type":"Feature","geometry":{"type":"Point","coordinates":[-121.7492859,38.5410608]},"properties":{"phone_id":"100000000355376.0","t":25587.5}},{"type":"Feature","geometry":{"type":"Point","coordinates":[-121.74952131,38.54117673]},"properties":{"phone_id":"100000000355385.0","t":25587.5}},{"type":"Feature","geometry":{"type":"Point","coordinates":[-121.74929647,38.54098738]},"properties":{"phone_id":"100000000355394.0","t":25587.5}},{"type":"Feature","geometry":{"type":"Point","coordinates":[-121.74929394,38.54122752]},"properties":{"phone_id":"100000000355401.0","t":25587.5}},{"type":"Feature","geometry":{"type":"Point","coordinates":[-121.74907417,38.54126967]},"properties":{"phone_id":"100000000355410.0","t":25587.5}},{"type":"Feature","geometry":{"type":"Point","coordinates":[-121.74924424,38.54097402]},"properties":{"phone_id":"100000000355429.0","t":25587.5}},{"type":"Feature","geometry":{"type":"Point","coordinates":[-121.74950121,38.54113011]},"properties":{"phone_id":"100000000355438.0","t":25587.5}},{"type":"Feature","geometry":{"type":"Point","coordinates":[-121.74932569,38.54093848]},"properties":{"phone_id":"100000000355447.0","t":25587.5}},{"type":"Feature","geometry":{"type":"Point","coordinates":[-121.74923658,38.54095414]},"properties":{"phone_id":"100000000355456.0","t":25587.5}},{"type":"Feature","geometry":{"type":"Point","coordinates":[-121.74959138,38.54110941]},"properties":{"phone_id":"100000000355465.0","t":25587.5}},{"type":"Feature","geometry":{"type":"Point","coordinates":[-121.7493131,38.54128487]},"properties":{"phone_id":"100000000355474.0","t":25587.5}},{"type":"Feature","geometry":{"type":"Point","coordinates":[-121.74927996,38.54097337]},"properties":{"phone_id":"100000000355483.0","t":25587.5}},{"type":"Feature","geometry":{"type":"Point","coordinates":[-121.74913638,38.54109944]},"properties":{"phone_id":"100000000355492.0","t":25587.5}},{"type":"Feature","geometry":{"type":"Point","coordinates":[-121.74964843,38.54109414]},"properties":{"phone_id":"100000000355508.0","t":25587.5}},{"type":"Feature","geometry":{"type":"Point","coordinates":[-121.74958936,38.54114121]},"properties":{"phone_id":"100000000355517.0","t":25587.5}},{"type":"Feature","geometry":{"type":"Point","coordinates":[-121.74961816,38.54119179]},"properties":{"phone_id":"100000000355526.0","t":25587.5}},{"type":"Feature","geometry":{"type":"Point","coordinates":[-121.749278,38.54128925]},"properties":{"phone_id":"100000000355535.0","t":25587.5}},{"type":"Feature","geometry":{"type":"Point","coordinates":[-121.74924204,38.54093219]},"properties":{"phone_id":"100000000355544.0","t":25587.5}},{"type":"Feature","geometry":{"type":"Point","coordinates":[-121.74921476,38.54128482]},"properties":{"phone_id":"100000000355553.0","t":25587.5}},{"type":"Feature","geometry":{"type":"Point","coordinates":[-121.74951603,38.54090397]},"properties":{"phone_id":"100000000355562.0","t":25587.5}},{"type":"Feature","geometry":{"type":"Point","coordinates":[-121.74911843,38.54125602]},"properties":{"phone_id":"100000000355571.0","t":25587.5}},{"type":"Feature","geometry":{"type":"Point","coordinates":[-121.74912676,38.5412659]},"properties":{"phone_id":"100000000355580.0","t":25587.5}},{"type":"Feature","geometry":{"type":"Point","coordinates":[-121.7494191,38.54093939]},"properties":{"phone_id":"100000000355599.0","t":25587.5}},{"type":"Feature","geometry":{"type":"Point","coordinates":[-121.74940879,38.54129124]},"properties":{"phone_id":"100000000355606.0","t":25587.5}},{"type":"Feature","geometry":{"type":"Point","coordinates":[-121.7493088,38.54090961]},"properties":{"phone_id":"100000000355615.0","t":25587.5}},{"type":"Feature","geometry":{"type":"Point","coordinates":[-121.74943229,38.54115362]},"properties":{"phone_id":"100000000350362.0","t":25590.0}},{"type":"Feature","geometry":{"type":"Point","coordinates":[-121.74942211,38.54133341]},"properties":{"phone_id":"100000000353163.0","t":25590.0}},{"type":"Feature","geometry":{"type":"Point","coordinates":[-121.74964843,38.54109179]},"properties":{"phone_id":"100000000353680.0","t":25590.0}},{"type":"Feature","geometry":{"type":"Point","coordinates":[-121.74920694,38.54089962]},"properties":{"phone_id":"100000000354233.0","t":25590.0}},{"type":"Feature","geometry":{"type":"Point","coordinates":[-121.74912491,38.54091666]},"properties":{"phone_id":"100000000354331.0","t":25590.0}},{"type":"Feature","geometry":{"type":"Point","coordinates":[-121.74938504,38.5413012]},"properties":{"phone_id":"100000000354466.0","t":25590.0}},{"type":"Feature","geometry":{"type":"Point","coordinates":[-121.74924957,38.54097175]},"properties":{"phone_id":"100000000354493.0","t":25590.0}},{"type":"Feature","geometry":{"type":"Point","coordinates":[-121.74907417,38.54130183]},"properties":{"phone_id":"100000000354518.0","t":25590.0}},{"type":"Feature","geometry":{"type":"Point","coordinates":[-121.7495427,38.54116642]},"properties":{"phone_id":"100000000354536.0","t":25590.0}},{"type":"Feature","geometry":{"type":"Point","coordinates":[-121.74920872,38.54124231]},"properties":{"phone_id":"100000000354545.0","t":25590.0}},{"type":"Feature","geometry":{"type":"Point","coordinates":[-121.74955888,38.54097899]},"properties":{"phone_id":"100000000354563.0","t":25590.0}},{"type":"Feature","geometry":{"type":"Point","coordinates":[-121.74935435,38.54100825]},"properties":{"phone_id":"100000000354634.0","t":25590.0}},{"type":"Feature","geometry":{"type":"Point","coordinates":[-121.74949042,38.54117693]},"properties":{"phone_id":"100000000354661.0","t":25590.0}},{"type":"Feature","geometry":{"type":"Point","coordinates":[-121.7494785,38.54106778]},"properties":{"phone_id":"100000000354698.0","t":25590.0}},{"type":"Feature","geometry":{"type":"Point","coordinates":[-121.74933883,38.54123215]},"properties":{"phone_id":"100000000354714.0","t":25590.0}},{"type":"Feature","geometry":{"type":"Point","coordinates":[-121.74930934,38.54108943]},"properties":{"phone_id":"100000000354741.0","t":25590.0}},{"type":"Feature","geometry":{"type":"Point","coordinates":[-121.74933753,38.54111678]},"properties":{"phone_id":"100000000354750.0","t":25590.0}},{"type":"Feature","geometry":{"type":"Point","coordinates":[-121.74923234,38.54104471]},"properties":{"phone_id":"100000000354769.0","t":25590.0}},{"type":"Feature","geometry":{"type":"Point","coordinates":[-121.74953212,38.541145]},"properties":{"phone_id":"100000000354787.0","t":25590.0}},{"type":"Feature","geometry":{"type":"Point","coordinates":[-121.74918989,38.54110743]},"properties":{"phone_id":"100000000354796.0","t":25590.0}},{"type":"Feature","geometry":{"type":"Point","coordinates":[-121.74928597,38.54106187]},"properties":{"phone_id":"100000000354876.0","t":25590.0}},{"type":"Feature","geometry":{"type":"Point","coordinates":[-121.74963225,38.54107821]},"properties":{"phone_id":"100000000354894.0","t":25590.0}},{"type":"Feature","geometry":{"type":"Point","coordinates":[-121.74919575,38.54114885]},"properties":{"phone_id":"100000000354929.0","t":25590.0}},{"type":"Feature","geometry":{"type":"Point","coordinates":[-121.74933162,38.54105116]},"properties":{"phone_id":"100000000354992.0","t":25590.0}},{"type":"Feature","geometry":{"type":"Point","coordinates":[-121.74939171,38.54123038]},"properties":{"phone_id":"100000000355009.0","t":25590.0}},{"type":"Feature","geometry":{"type":"Point","coordinates":[-121.7490745,38.54131816]},"properties":{"phone_id":"100000000355036.0","t":25590.0}},{"type":"Feature","geometry":{"type":"Point","coordinates":[-121.74917024,38.54092008]},"properties":{"phone_id":"100000000355045.0","t":25590.0}},{"type":"Feature","geometry":{"type":"Point","coordinates":[-121.74936836,38.54106858]},"properties":{"phone_id":"100000000355054.0","t":25590.0}},{"type":"Feature","geometry":{"type":"Point","coordinates":[-121.74938634,38.54111631]},"properties":{"phone_id":"100000000355090.0","t":25590.0}},{"type":"Feature","geometry":{"type":"Point","coordinates":[-121.74943163,38.54105435]},"properties":{"phone_id":"100000000355107.0","t":25590.0}},{"type":"Feature","geometry":{"type":"Point","coordinates":[-121.74945105,38.54107057]},"properties":{"phone_id":"100000000355116.0","t":25590.0}},{"type":"Feature","geometry":{"type":"Point","coordinates":[-121.74929618,38.54122401]},"properties":{"phone_id":"100000000355125.0","t":25590.0}},{"type":"Feature","geometry":{"type":"Point","coordinates":[-121.74922882,38.5410087]},"properties":{"phone_id":"100000000355134.0","t":25590.0}},{"type":"Feature","geometry":{"type":"Point","coordinates":[-121.74934271,38.541184]},"properties":{"phone_id":"100000000355143.0","t":25590.0}},{"type":"Feature","geometry":{"type":"Point","coordinates":[-121.74927988,38.54104664]},"properties":{"phone_id":"100000000355152.0","t":25590.0}},{"type":"Feature","geometry":{"type":"Point","coordinates":[-121.74937623,38.54109071]},"properties":{"phone_id":"100000000355161.0","t":25590.0}},{"type":"Feature","geometry":{"type":"Point","coordinates":[-121.74932272,38.54118835]},"properties":{"phone_id":"100000000355170.0","t":25590.0}},{"type":"Feature","geometry":{"type":"Point","coordinates":[-121.74925429,38.54120104]},"properties":{"phone_id":"100000000355189.0","t":25590.0}},{"type":"Feature","geometry":{"type":"Point","coordinates":[-121.74931672,38.5410328]},"properties":{"phone_id":"100000000355198.0","t":25590.0}},{"type":"Feature","geometry":{"type":"Point","coordinates":[-121.74945228,38.54105703]},"properties":{"phone_id":"100000000355205.0","t":25590.0}},{"type":"Feature","geometry":{"type":"Point","coordinates":[-121.74921275,38.54111462]},"properties":{"phone_id":"100000000355214.0","t":25590.0}},{"type":"Feature","geometry":{"type":"Point","coordinates":[-121.74935253,38.54109533]},"properties":{"phone_id":"100000000355223.0","t":25590.0}},{"type":"Feature","geometry":{"type":"Point","coordinates":[-121.7493099,38.54121994]},"properties":{"phone_id":"100000000355232.0","t":25590.0}},{"type":"Feature","geometry":{"type":"Point","coordinates":[-121.74935757,38.54109756]},"properties":{"phone_id":"100000000355241.0","t":25590.0}},{"type":"Feature","geometry":{"type":"Point","coordinates":[-121.74937074,38.5410977]},"properties":{"phone_id":"100000000355250.0","t":25590.0}},{"type":"Feature","geometry":{"type":"Point","coordinates":[-121.74929278,38.54108966]},"properties":{"phone_id":"100000000355269.0","t":25590.0}},{"type":"Feature","geometry":{"type":"Point","coordinates":[-121.74929935,38.54112988]},"properties":{"phone_id":"100000000355278.0","t":25590.0}},{"type":"Feature","geometry":{"type":"Point","coordinates":[-121.74934281,38.54113383]},"properties":{"phone_id":"100000000355287.0","t":25590.0}},{"type":"Feature","geometry":{"type":"Point","coordinates":[-121.74925531,38.54103976]},"properties":{"phone_id":"100000000355296.0","t":25590.0}},{"type":"Feature","geometry":{"type":"Point","coordinates":[-121.74923707,38.54096053]},"properties":{"phone_id":"100000000355303.0","t":25590.0}},{"type":"Feature","geometry":{"type":"Point","coordinates":[-121.74942092,38.54115961]},"properties":{"phone_id":"100000000355312.0","t":25590.0}},{"type":"Feature","geometry":{"type":"Point","coordinates":[-121.74947446,38.54107688]},"properties":{"phone_id":"100000000355321.0","t":25590.0}},{"type":"Feature","geometry":{"type":"Point","coordinates":[-121.74920258,38.5411843]},"properties":{"phone_id":"100000000355330.0","t":25590.0}},{"type":"Feature","geometry":{"type":"Point","coordinates":[-121.74941663,38.54098482]},"properties":{"phone_id":"100000000355349.0","t":25590.0}},{"type":"Feature","geometry":{"type":"Point","coordinates":[-121.74934939,38.54109396]},"properties":{"phone_id":"100000000355358.0","t":25590.0}},{"type":"Feature","geometry":{"type":"Point","coordinates":[-121.74946779,38.54102984]},"properties":{"phone_id":"100000000355367.0","t":25590.0}},{"type":"Feature","geometry":{"type":"Point","coordinates":[-121.74935819,38.54106934]},"properties":{"phone_id":"100000000355376.0","t":25590.0}},{"type":"Feature","geometry":{"type":"Point","coordinates":[-121.74945842,38.54115189]},"properties":{"phone_id":"100000000355385.0","t":25590.0}},{"type":"Feature","geometry":{"type":"Point","coordinates":[-121.74931389,38.54103944]},"properties":{"phone_id":"100000000355394.0","t":25590.0}},{"type":"Feature","geometry":{"type":"Point","coordinates":[-121.7493225,38.54117598]},"properties":{"phone_id":"100000000355401.0","t":25590.0}},{"type":"Feature","geometry":{"type":"Point","coordinates":[-121.74907417,38.54126967]},"properties":{"phone_id":"100000000355410.0","t":25590.0}},{"type":"Feature","geometry":{"type":"Point","coordinates":[-121.74927834,38.54102012]},"properties":{"phone_id":"100000000355429.0","t":25590.0}},{"type":"Feature","geometry":{"type":"Point","coordinates":[-121.74942742,38.54113194]},"properties":{"phone_id":"100000000355438.0","t":25590.0}},{"type":"Feature","geometry":{"type":"Point","coordinates":[-121.74932365,38.5409662]},"properties":{"phone_id":"100000000355447.0","t":25590.0}},{"type":"Feature","geometry":{"type":"Point","coordinates":[-121.74927292,38.54098957]},"properties":{"phone_id":"100000000355456.0","t":25590.0}},{"type":"Feature","geometry":{"type":"Point","coordinates":[-121.74956305,38.54111322]},"properties":{"phone_id":"100000000355465.0","t":25590.0}},{"type":"Feature","geometry":{"type":"Point","coordinates":[-121.74931925,38.54126065]},"properties":{"phone_id":"100000000355474.0","t":25590.0}},{"type":"Feature","geometry":{"type":"Point","coordinates":[-121.74930124,38.54102063]},"properties":{"phone_id":"100000000355483.0","t":25590.0}},{"type":"Feature","geometry":{"type":"Point","coordinates":[-121.74916739,38.54109737]},"properties":{"phone_id":"100000000355492.0","t":25590.0}},{"type":"Feature","geometry":{"type":"Point","coordinates":[-121.74964843,38.54109414]},"properties":{"phone_id":"100000000355508.0","t":25590.0}},{"type":"Feature","geometry":{"type":"Point","coordinates":[-121.74953092,38.54112513]},"properties":{"phone_id":"100000000355517.0","t":25590.0}},{"type":"Feature","geometry":{"type":"Point","coordinates":[-121.74958727,38.54118546]},"properties":{"phone_id":"100000000355526.0","t":25590.0}},{"type":"Feature","geometry":{"type":"Point","coordinates":[-121.74930008,38.54124369]},"properties":{"phone_id":"100000000355535.0","t":25590.0}},{"type":"Feature","geometry":{"type":"Point","coordinates":[-121.7492724,38.54098273]},"properties":{"phone_id":"100000000355544.0","t":25590.0}},{"type":"Feature","geometry":{"type":"Point","coordinates":[-121.74925557,38.54123852]},"properties":{"phone_id":"100000000355553.0","t":25590.0}},{"type":"Feature","geometry":{"type":"Point","coordinates":[-121.74949614,38.54092402]},"properties":{"phone_id":"100000000355562.0","t":25590.0}},{"type":"Feature","geometry":{"type":"Point","coordinates":[-121.74916399,38.54122261]},"properties":{"phone_id":"100000000355571.0","t":25590.0}},{"type":"Feature","geometry":{"type":"Point","coordinates":[-121.74917634,38.54123314]},"properties":{"phone_id":"100000000355580.0","t":25590.0}},{"type":"Feature","geometry":{"type":"Point","coordinates":[-121.74940111,38.54099522]},"properties":{"phone_id":"100000000355599.0","t":25590.0}},{"type":"Feature","geometry":{"type":"Point","coordinates":[-121.74938764,38.54124912]},"properties":{"phone_id":"100000000355606.0","t":25590.0}},{"type":"Feature","geometry":{"type":"Point","coordinates":[-121.74932009,38.54093628]},"properties":{"phone_id":"100000000355615.0","t":25590.0}},{"type":"Feature","geometry":{"type":"Point","coordinates":[-121.74913024,38.54104289]},"properties":{"phone_id":"100000000355624.0","t":25590.0}},{"type":"Feature","geometry":{"type":"Point","coordinates":[-121.74913608,38.54104086]},"properties":{"phone_id":"100000000355633.0","t":25590.0}},{"type":"Feature","geometry":{"type":"Point","coordinates":[-121.74958403,38.54104478]},"properties":{"phone_id":"100000000355642.0","t":25590.0}},{"type":"Feature","geometry":{"type":"Point","coordinates":[-121.74913357,38.54099862]},"properties":{"phone_id":"100000000355651.0","t":25590.0}},{"type":"Feature","geometry":{"type":"Point","coordinates":[-121.74910446,38.54108286]},"properties":{"phone_id":"100000000355660.0","t":25590.0}},{"type":"Feature","geometry":{"type":"Point","coordinates":[-121.7492634,38.54130809]},"properties":{"phone_id":"100000000355679.0","t":25590.0}},{"type":"Feature","geometry":{"type":"Point","coordinates":[-121.74940473,38.54110798]},"properties":{"phone_id":"100000000350362.0","t":25592.5}},{"type":"Feature","geometry":{"type":"Point","coordinates":[-121.74942211,38.54133341]},"properties":{"phone_id":"100000000353163.0","t":25592.5}},{"type":"Feature","geometry":{"type":"Point","coordinates":[-121.74964843,38.54109179]},"properties":{"phone_id":"100000000353680.0","t":25592.5}},{"type":"Feature","geometry":{"type":"Point","coordinates":[-121.74909396,38.54090244]},"properties":{"phone_id":"100000000354331.0","t":25592.5}},{"type":"Feature","geometry":{"type":"Point","coordinates":[-121.74938445,38.54132445]},"properties":{"phone_id":"100000000354466.0","t":25592.5}},{"type":"Feature","geometry":{"type":"Point","coordinates":[-121.74922943,38.54095222]},"properties":{"phone_id":"100000000354493.0","t":25592.5}},{"type":"Feature","geometry":{"type":"Point","coordinates":[-121.74907417,38.54130183]},"properties":{"phone_id":"100000000354518.0","t":25592.5}},{"type":"Feature","geometry":{"type":"Point","coordinates":[-121.74957708,38.54117276]},"properties":{"phone_id":"100000000354536.0","t":25592.5}},{"type":"Feature","geometry":{"type":"Point","coordinates":[-121.74919183,38.54126663]},"properties":{"phone_id":"100000000354545.0","t":25592.5}},{"type":"Feature","geometry":{"type":"Point","coordinates":[-121.7495975,38.54094117]},"properties":{"phone_id":"100000000354563.0","t":25592.5}},{"type":"Feature","geometry":{"type":"Point","coordinates":[-121.7493388,38.54098477]},"properties":{"phone_id":"100000000354634.0","t":25592.5}},{"type":"Feature","geometry":{"type":"Point","coordinates":[-121.74951374,38.5411993]},"properties":{"phone_id":"100000000354661.0","t":25592.5}},{"type":"Feature","geometry":{"type":"Point","coordinates":[-121.74950798,38.54105036]},"properties":{"phone_id":"100000000354698.0","t":25592.5}},{"type":"Feature","geometry":{"type":"Point","coordinates":[-121.74934091,38.54125711]},"properties":{"phone_id":"100000000354714.0","t":25592.5}},{"type":"Feature","geometry":{"type":"Point","coordinates":[-121.74928858,38.54107332]},"properties":{"phone_id":"100000000354741.0","t":25592.5}},{"type":"Feature","geometry":{"type":"Point","coordinates":[-121.74931579,38.54113326]},"properties":{"phone_id":"100000000354750.0","t":25592.5}},{"type":"Feature","geometry":{"type":"Point","coordinates":[-121.74920144,38.54103598]},"properties":{"phone_id":"100000000354769.0","t":25592.5}},{"type":"Feature","geometry":{"type":"Point","coordinates":[-121.74953212,38.541145]},"properties":{"phone_id":"100000000354787.0","t":25592.5}},{"type":"Feature","geometry":{"type":"Point","coordinates":[-121.74915682,38.5411089]},"properties":{"phone_id":"100000000354796.0","t":25592.5}},{"type":"Feature","geometry":{"type":"Point","coordinates":[-121.74926691,38.54104073]},"properties":{"phone_id":"100000000354876.0","t":25592.5}},{"type":"Feature","geometry":{"type":"Point","coordinates":[-121.7491648,38.54115895]},"properties":{"phone_id":"100000000354929.0","t":25592.5}},{"type":"Feature","geometry":{"type":"Point","coordinates":[-121.74932491,38.54102705]},"properties":{"phone_id":"100000000354992.0","t":25592.5}},{"type":"Feature","geometry":{"type":"Point","coordinates":[-121.74939207,38.54125965]},"properties":{"phone_id":"100000000355009.0","t":25592.5}},{"type":"Feature","geometry":{"type":"Point","coordinates":[-121.74937521,38.54104466]},"properties":{"phone_id":"100000000355054.0","t":25592.5}},{"type":"Feature","geometry":{"type":"Point","coordinates":[-121.74943308,38.54115685]},"properties":{"phone_id":"100000000355090.0","t":25592.5}},{"type":"Feature","geometry":{"type":"Point","coordinates":[-121.74946796,38.54101456]},"properties":{"phone_id":"100000000355107.0","t":25592.5}},{"type":"Feature","geometry":{"type":"Point","coordinates":[-121.74950276,38.5410476]},"properties":{"phone_id":"100000000355116.0","t":25592.5}},{"type":"Feature","geometry":{"type":"Point","coordinates":[-121.74926157,38.54127212]},"properties":{"phone_id":"100000000355125.0","t":25592.5}},{"type":"Feature","geometry":{"type":"Point","coordinates":[-121.74925076,38.5410242]},"properties":{"phone_id":"100000000355134.0","t":25592.5}},{"type":"Feature","geometry":{"type":"Point","coordinates":[-121.74936224,38.54116412]},"properties":{"phone_id":"100000000355143.0","t":25592.5}},{"type":"Feature","geometry":{"type":"Point","coordinates":[-121.749309,38.54106087]},"properties":{"phone_id":"100000000355152.0","t":25592.5}},{"type":"Feature","geometry":{"type":"Point","coordinates":[-121.74942014,38.54105723]},"properties":{"phone_id":"100000000355161.0","t":25592.5}},{"type":"Feature","geometry":{"type":"Point","coordinates":[-121.74933409,38.54116475]},"properties":{"phone_id":"100000000355170.0","t":25592.5}},{"type":"Feature","geometry":{"type":"Point","coordinates":[-121.74928533,38.54118941]},"properties":{"phone_id":"100000000355189.0","t":25592.5}},{"type":"Feature","geometry":{"type":"Point","coordinates":[-121.74926163,38.54100884]},"properties":{"phone_id":"100000000355198.0","t":25592.5}},{"type":"Feature","geometry":{"type":"Point","coordinates":[-121.74951479,38.54104311]},"properties":{"phone_id":"100000000355205.0","t":25592.5}},{"type":"Feature","geometry":{"type":"Point","coordinates":[-121.74924104,38.5411195]},"properties":{"phone_id":"100000000355214.0","t":25592.5}},{"type":"Feature","geometry":{"type":"Point","coordinates":[-121.74936717,38.54104711]},"properties":{"phone_id":"100000000355223.0","t":25592.5}},{"type":"Feature","geometry":{"type":"Point","coordinates":[-121.74931237,38.54119698]},"properties":{"phone_id":"100000000355232.0","t":25592.5}},{"type":"Feature","geometry":{"type":"Point","coordinates":[-121.74932222,38.54114295]},"properties":{"phone_id":"100000000355241.0","t":25592.5}},{"type":"Feature","geometry":{"type":"Point","coordinates":[-121.74931521,38.54108205]},"properties":{"phone_id":"100000000355250.0","t":25592.5}},{"type":"Feature","geometry":{"type":"Point","coordinates":[-121.74933179,38.54104296]},"properties":{"phone_id":"100000000355269.0","t":25592.5}},{"type":"Feature","geometry":{"type":"Point","coordinates":[-121.74935251,38.54109985]},"properties":{"phone_id":"100000000355278.0","t":25592.5}},{"type":"Feature","geometry":{"type":"Point","coordinates":[-121.74941004,38.54115142]},"properties":{"phone_id":"100000000355287.0","t":25592.5}},{"type":"Feature","geometry":{"type":"Point","coordinates":[-121.74929413,38.54107721]},"properties":{"phone_id":"100000000355296.0","t":25592.5}},{"type":"Feature","geometry":{"type":"Point","coordinates":[-121.74925684,38.54097964]},"properties":{"phone_id":"100000000355303.0","t":25592.5}},{"type":"Feature","geometry":{"type":"Point","coordinates":[-121.74936392,38.54113509]},"properties":{"phone_id":"100000000355312.0","t":25592.5}},{"type":"Feature","geometry":{"type":"Point","coordinates":[-121.74944642,38.54108732]},"properties":{"phone_id":"100000000355321.0","t":25592.5}},{"type":"Feature","geometry":{"type":"Point","coordinates":[-121.74923425,38.54117032]},"properties":{"phone_id":"100000000355330.0","t":25592.5}},{"type":"Feature","geometry":{"type":"Point","coordinates":[-121.74940354,38.5410103]},"properties":{"phone_id":"100000000355349.0","t":25592.5}},{"type":"Feature","geometry":{"type":"Point","coordinates":[-121.74933104,38.54114758]},"properties":{"phone_id":"100000000355358.0","t":25592.5}},{"type":"Feature","geometry":{"type":"Point","coordinates":[-121.7494265,38.54106893]},"properties":{"phone_id":"100000000355367.0","t":25592.5}},{"type":"Feature","geometry":{"type":"Point","coordinates":[-121.74943012,38.54107954]},"properties":{"phone_id":"100000000355376.0","t":25592.5}},{"type":"Feature","geometry":{"type":"Point","coordinates":[-121.74939384,38.54112991]},"properties":{"phone_id":"100000000355385.0","t":25592.5}},{"type":"Feature","geometry":{"type":"Point","coordinates":[-121.74933506,38.54109063]},"properties":{"phone_id":"100000000355394.0","t":25592.5}},{"type":"Feature","geometry":{"type":"Point","coordinates":[-121.74935521,38.54112598]},"properties":{"phone_id":"100000000355401.0","t":25592.5}},{"type":"Feature","geometry":{"type":"Point","coordinates":[-121.74907417,38.54126967]},"properties":{"phone_id":"100000000355410.0","t":25592.5}},{"type":"Feature","geometry":{"type":"Point","coordinates":[-121.74931674,38.54106408]},"properties":{"phone_id":"100000000355429.0","t":25592.5}},{"type":"Feature","geometry":{"type":"Point","coordinates":[-121.74935364,38.54112983]},"properties":{"phone_id":"100000000355438.0","t":25592.5}},{"type":"Feature","geometry":{"type":"Point","coordinates":[-121.74932208,38.54099394]},"properties":{"phone_id":"100000000355447.0","t":25592.5}},{"type":"Feature","geometry":{"type":"Point","coordinates":[-121.74930557,38.54102714]},"properties":{"phone_id":"100000000355456.0","t":25592.5}},{"type":"Feature","geometry":{"type":"Point","coordinates":[-121.74953454,38.54111604]},"properties":{"phone_id":"100000000355465.0","t":25592.5}},{"type":"Feature","geometry":{"type":"Point","coordinates":[-121.7493241,38.54123626]},"properties":{"phone_id":"100000000355474.0","t":25592.5}},{"type":"Feature","geometry":{"type":"Point","coordinates":[-121.74932438,38.54106734]},"properties":{"phone_id":"100000000355483.0","t":25592.5}},{"type":"Feature","geometry":{"type":"Point","coordinates":[-121.7491985,38.54109714]},"properties":{"phone_id":"100000000355492.0","t":25592.5}},{"type":"Feature","geometry":{"type":"Point","coordinates":[-121.74964843,38.54109414]},"properties":{"phone_id":"100000000355508.0","t":25592.5}},{"type":"Feature","geometry":{"type":"Point","coordinates":[-121.74947131,38.54111197]},"properties":{"phone_id":"100000000355517.0","t":25592.5}},{"type":"Feature","geometry":{"type":"Point","coordinates":[-121.74955581,38.54118124]},"properties":{"phone_id":"100000000355526.0","t":25592.5}},{"type":"Feature","geometry":{"type":"Point","coordinates":[-121.74932192,38.54119806]},"properties":{"phone_id":"100000000355535.0","t":25592.5}},{"type":"Feature","geometry":{"type":"Point","coordinates":[-121.74930444,38.54102875]},"properties":{"phone_id":"100000000355544.0","t":25592.5}},{"type":"Feature","geometry":{"type":"Point","coordinates":[-121.74929819,38.54119322]},"properties":{"phone_id":"100000000355553.0","t":25592.5}},{"type":"Feature","geometry":{"type":"Point","coordinates":[-121.74947431,38.54094278]},"properties":{"phone_id":"100000000355562.0","t":25592.5}},{"type":"Feature","geometry":{"type":"Point","coordinates":[-121.74920905,38.54118878]},"properties":{"phone_id":"100000000355571.0","t":25592.5}},{"type":"Feature","geometry":{"type":"Point","coordinates":[-121.74922467,38.54119924]},"properties":{"phone_id":"100000000355580.0","t":25592.5}},{"type":"Feature","geometry":{"type":"Point","coordinates":[-121.74937908,38.54105015]},"properties":{"phone_id":"100000000355599.0","t":25592.5}},{"type":"Feature","geometry":{"type":"Point","coordinates":[-121.74936374,38.54120791]},"properties":{"phone_id":"100000000355606.0","t":25592.5}},{"type":"Feature","geometry":{"type":"Point","coordinates":[-121.74933012,38.54096325]},"properties":{"phone_id":"100000000355615.0","t":25592.5}},{"type":"Feature","geometry":{"type":"Point","coordinates":[-121.74918545,38.54106628]},"properties":{"phone_id":"100000000355624.0","t":25592.5}},{"type":"Feature","geometry":{"type":"Point","coordinates":[-121.74919904,38.54105105]},"properties":{"phone_id":"100000000355633.0","t":25592.5}},{"type":"Feature","geometry":{"type":"Point","coordinates":[-121.74951923,38.54105618]},"properties":{"phone_id":"100000000355642.0","t":25592.5}},{"type":"Feature","geometry":{"type":"Point","coordinates":[-121.74919509,38.54101734]},"properties":{"phone_id":"100000000355651.0","t":25592.5}},{"type":"Feature","geometry":{"type":"Point","coordinates":[-121.74913476,38.54108383]},"properties":{"phone_id":"100000000355660.0","t":25592.5}},{"type":"Feature","geometry":{"type":"Point","coordinates":[-121.74927996,38.54128207]},"properties":{"phone_id":"100000000355679.0","t":25592.5}},{"type":"Feature","geometry":{"type":"Point","coordinates":[-121.74913441,38.54115631]},"properties":{"phone_id":"100000000355688.0","t":25592.5}},{"type":"Feature","geometry":{"type":"Point","coordinates":[-121.7491976,38.54092513]},"properties":{"phone_id":"100000000355697.0","t":25592.5}},{"type":"Feature","geometry":{"type":"Point","coordinates":[-121.74959172,38.5412932]},"properties":{"phone_id":"100000000355704.0","t":25592.5}},{"type":"Feature","geometry":{"type":"Point","coordinates":[-121.74938151,38.54106087]},"properties":{"phone_id":"100000000350362.0","t":25595.0}},{"type":"Feature","geometry":{"type":"Point","coordinates":[-121.74942211,38.54133341]},"properties":{"phone_id":"100000000353163.0","t":25595.0}},{"type":"Feature","geometry":{"type":"Point","coordinates":[-121.74964843,38.54109179]},"properties":{"phone_id":"100000000353680.0","t":25595.0}},{"type":"Feature","geometry":{"type":"Point","coordinates":[-121.74921152,38.54093246]},"properties":{"phone_id":"100000000354493.0","t":25595.0}},{"type":"Feature","geometry":{"type":"Point","coordinates":[-121.74907417,38.54130183]},"properties":{"phone_id":"100000000354518.0","t":25595.0}},{"type":"Feature","geometry":{"type":"Point","coordinates":[-121.74961087,38.54118083]},"properties":{"phone_id":"100000000354536.0","t":25595.0}},{"type":"Feature","geometry":{"type":"Point","coordinates":[-121.74917603,38.54129139]},"properties":{"phone_id":"100000000354545.0","t":25595.0}},{"type":"Feature","geometry":{"type":"Point","coordinates":[-121.74963337,38.54090173]},"properties":{"phone_id":"100000000354563.0","t":25595.0}},{"type":"Feature","geometry":{"type":"Point","coordinates":[-121.74932543,38.54096047]},"properties":{"phone_id":"100000000354634.0","t":25595.0}},{"type":"Feature","geometry":{"type":"Point","coordinates":[-121.74953854,38.54122067]},"properties":{"phone_id":"100000000354661.0","t":25595.0}},{"type":"Feature","geometry":{"type":"Point","coordinates":[-121.74953639,38.5410319]},"properties":{"phone_id":"100000000354698.0","t":25595.0}},{"type":"Feature","geometry":{"type":"Point","coordinates":[-121.7493407,38.54128212]},"properties":{"phone_id":"100000000354714.0","t":25595.0}},{"type":"Feature","geometry":{"type":"Point","coordinates":[-121.7492675,38.54105747]},"properties":{"phone_id":"100000000354741.0","t":25595.0}},{"type":"Feature","geometry":{"type":"Point","coordinates":[-121.74929364,38.54114939]},"properties":{"phone_id":"100000000354750.0","t":25595.0}},{"type":"Feature","geometry":{"type":"Point","coordinates":[-121.74917063,38.54102705]},"properties":{"phone_id":"100000000354769.0","t":25595.0}},{"type":"Feature","geometry":{"type":"Point","coordinates":[-121.74953212,38.541145]},"properties":{"phone_id":"100000000354787.0","t":25595.0}},{"type":"Feature","geometry":{"type":"Point","coordinates":[-121.74912394,38.54111199]},"properties":{"phone_id":"100000000354796.0","t":25595.0}},{"type":"Feature","geometry":{"type":"Point","coordinates":[-121.74924581,38.54102083]},"properties":{"phone_id":"100000000354876.0","t":25595.0}},{"type":"Feature","geometry":{"type":"Point","coordinates":[-121.74913355,38.54116848]},"properties":{"phone_id":"100000000354929.0","t":25595.0}},{"type":"Feature","geometry":{"type":"Point","coordinates":[-121.74931915,38.5410028]},"properties":{"phone_id":"100000000354992.0","t":25595.0}},{"type":"Feature","geometry":{"type":"Point","coordinates":[-121.74939528,38.54128881]},"properties":{"phone_id":"100000000355009.0","t":25595.0}},{"type":"Feature","geometry":{"type":"Point","coordinates":[-121.74938041,38.54102049]},"properties":{"phone_id":"100000000355054.0","t":25595.0}},{"type":"Feature","geometry":{"type":"Point","coordinates":[-121.74947796,38.54119867]},"properties":{"phone_id":"100000000355090.0","t":25595.0}},{"type":"Feature","geometry":{"type":"Point","coordinates":[-121.74950146,38.54097326]},"properties":{"phone_id":"100000000355107.0","t":25595.0}},{"type":"Feature","geometry":{"type":"Point","coordinates":[-121.74955514,38.54102558]},"properties":{"phone_id":"100000000355116.0","t":25595.0}},{"type":"Feature","geometry":{"type":"Point","coordinates":[-121.74922179,38.54131771]},"properties":{"phone_id":"100000000355125.0","t":25595.0}},{"type":"Feature","geometry":{"type":"Point","coordinates":[-121.74927313,38.54103931]},"properties":{"phone_id":"100000000355134.0","t":25595.0}},{"type":"Feature","geometry":{"type":"Point","coordinates":[-121.74938125,38.54114394]},"properties":{"phone_id":"100000000355143.0","t":25595.0}},{"type":"Feature","geometry":{"type":"Point","coordinates":[-121.74933804,38.54107519]},"properties":{"phone_id":"100000000355152.0","t":25595.0}},{"type":"Feature","geometry":{"type":"Point","coordinates":[-121.74946685,38.54102618]},"properties":{"phone_id":"100000000355161.0","t":25595.0}},{"type":"Feature","geometry":{"type":"Point","coordinates":[-121.74934737,38.54114178]},"properties":{"phone_id":"100000000355170.0","t":25595.0}},{"type":"Feature","geometry":{"type":"Point","coordinates":[-121.74931726,38.54117938]},"properties":{"phone_id":"100000000355189.0","t":25595.0}},{"type":"Feature","geometry":{"type":"Point","coordinates":[-121.7492087,38.54098206]},"properties":{"phone_id":"100000000355198.0","t":25595.0}},{"type":"Feature","geometry":{"type":"Point","coordinates":[-121.74957754,38.54102986]},"properties":{"phone_id":"100000000355205.0","t":25595.0}},{"type":"Feature","geometry":{"type":"Point","coordinates":[-121.74926914,38.54112505]},"properties":{"phone_id":"100000000355214.0","t":25595.0}},{"type":"Feature","geometry":{"type":"Point","coordinates":[-121.74938283,38.54099908]},"properties":{"phone_id":"100000000355223.0","t":25595.0}},{"type":"Feature","geometry":{"type":"Point","coordinates":[-121.74931677,38.54117421]},"properties":{"phone_id":"100000000355232.0","t":25595.0}},{"type":"Feature","geometry":{"type":"Point","coordinates":[-121.74928242,38.54118601]},"properties":{"phone_id":"100000000355241.0","t":25595.0}},{"type":"Feature","geometry":{"type":"Point","coordinates":[-121.74926054,38.54106465]},"properties":{"phone_id":"100000000355250.0","t":25595.0}},{"type":"Feature","geometry":{"type":"Point","coordinates":[-121.74936669,38.5409943]},"properties":{"phone_id":"100000000355269.0","t":25595.0}},{"type":"Feature","geometry":{"type":"Point","coordinates":[-121.7494089,38.54106776]},"properties":{"phone_id":"100000000355278.0","t":25595.0}},{"type":"Feature","geometry":{"type":"Point","coordinates":[-121.74947672,38.54117029]},"properties":{"phone_id":"100000000355287.0","t":25595.0}},{"type":"Feature","geometry":{"type":"Point","coordinates":[-121.74933123,38.54111573]},"properties":{"phone_id":"100000000355296.0","t":25595.0}},{"type":"Feature","geometry":{"type":"Point","coordinates":[-121.7492785,38.54099744]},"properties":{"phone_id":"100000000355303.0","t":25595.0}},{"type":"Feature","geometry":{"type":"Point","coordinates":[-121.74930615,38.54111169]},"properties":{"phone_id":"100000000355312.0","t":25595.0}},{"type":"Feature","geometry":{"type":"Point","coordinates":[-121.74941838,38.54109776]},"properties":{"phone_id":"100000000355321.0","t":25595.0}},{"type":"Feature","geometry":{"type":"Point","coordinates":[-121.74926733,38.54115852]},"properties":{"phone_id":"100000000355330.0","t":25595.0}},{"type":"Feature","geometry":{"type":"Point","coordinates":[-121.74939206,38.54103625]},"properties":{"phone_id":"100000000355349.0","t":25595.0}},{"type":"Feature","geometry":{"type":"Point","coordinates":[-121.74931621,38.54120187]},"properties":{"phone_id":"100000000355358.0","t":25595.0}},{"type":"Feature","geometry":{"type":"Point","coordinates":[-121.74938125,38.54110524]},"properties":{"phone_id":"100000000355367.0","t":25595.0}},{"type":"Feature","geometry":{"type":"Point","coordinates":[-121.74950229,38.54108869]},"properties":{"phone_id":"100000000355376.0","t":25595.0}},{"type":"Feature","geometry":{"type":"Point","coordinates":[-121.74932984,38.54110689]},"properties":{"phone_id":"100000000355385.0","t":25595.0}},{"type":"Feature","geometry":{"type":"Point","coordinates":[-121.74935261,38.54114266]},"properties":{"phone_id":"100000000355394.0","t":25595.0}},{"type":"Feature","geometry":{"type":"Point","coordinates":[-121.74939001,38.54107685]},"properties":{"phone_id":"100000000355401.0","t":25595.0}},{"type":"Feature","geometry":{"type":"Point","coordinates":[-121.74907417,38.54126967]},"properties":{"phone_id":"100000000355410.0","t":25595.0}},{"type":"Feature","geometry":{"type":"Point","coordinates":[-121.74935984,38.54110528]},"properties":{"phone_id":"100000000355429.0","t":25595.0}},{"type":"Feature","geometry":{"type":"Point","coordinates":[-121.74927984,38.54113138]},"properties":{"phone_id":"100000000355438.0","t":25595.0}},{"type":"Feature","geometry":{"type":"Point","coordinates":[-121.74932104,38.54102169]},"properties":{"phone_id":"100000000355447.0","t":25595.0}},{"type":"Feature","geometry":{"type":"Point","coordinates":[-121.74933824,38.54106471]},"properties":{"phone_id":"100000000355456.0","t":25595.0}},{"type":"Feature","geometry":{"type":"Point","coordinates":[-121.74950633,38.54112034]},"properties":{"phone_id":"100000000355465.0","t":25595.0}},{"type":"Feature","geometry":{"type":"Point","coordinates":[-121.74932915,38.54121188]},"properties":{"phone_id":"100000000355474.0","t":25595.0}},{"type":"Feature","geometry":{"type":"Point","coordinates":[-121.74935181,38.5411126]},"properties":{"phone_id":"100000000355483.0","t":25595.0}},{"type":"Feature","geometry":{"type":"Point","coordinates":[-121.74922957,38.54109576]},"properties":{"phone_id":"100000000355492.0","t":25595.0}},{"type":"Feature","geometry":{"type":"Point","coordinates":[-121.74964843,38.54109414]},"properties":{"phone_id":"100000000355508.0","t":25595.0}},{"type":"Feature","geometry":{"type":"Point","coordinates":[-121.74941047,38.54110288]},"properties":{"phone_id":"100000000355517.0","t":25595.0}},{"type":"Feature","geometry":{"type":"Point","coordinates":[-121.74952446,38.5411765]},"properties":{"phone_id":"100000000355526.0","t":25595.0}},{"type":"Feature","geometry":{"type":"Point","coordinates":[-121.74934281,38.54115215]},"properties":{"phone_id":"100000000355535.0","t":25595.0}},{"type":"Feature","geometry":{"type":"Point","coordinates":[-121.74933876,38.54107374]},"properties":{"phone_id":"100000000355544.0","t":25595.0}},{"type":"Feature","geometry":{"type":"Point","coordinates":[-121.74934325,38.54114941]},"properties":{"phone_id":"100000000355553.0","t":25595.0}},{"type":"Feature","geometry":{"type":"Point","coordinates":[-121.74945308,38.54096197]},"properties":{"phone_id":"100000000355562.0","t":25595.0}},{"type":"Feature","geometry":{"type":"Point","coordinates":[-121.74925754,38.54115802]},"properties":{"phone_id":"100000000355571.0","t":25595.0}},{"type":"Feature","geometry":{"type":"Point","coordinates":[-121.74927393,38.54116619]},"properties":{"phone_id":"100000000355580.0","t":25595.0}},{"type":"Feature","geometry":{"type":"Point","coordinates":[-121.74935229,38.54110376]},"properties":{"phone_id":"100000000355599.0","t":25595.0}},{"type":"Feature","geometry":{"type":"Point","coordinates":[-121.74933638,38.54116805]},"properties":{"phone_id":"100000000355606.0","t":25595.0}},{"type":"Feature","geometry":{"type":"Point","coordinates":[-121.74933888,38.5409905]},"properties":{"phone_id":"100000000355615.0","t":25595.0}},{"type":"Feature","geometry":{"type":"Point","coordinates":[-121.74923988,38.54109077]},"properties":{"phone_id":"100000000355624.0","t":25595.0}},{"type":"Feature","geometry":{"type":"Point","coordinates":[-121.74926198,38.54106135]},"properties":{"phone_id":"100000000355633.0","t":25595.0}},{"type":"Feature","geometry":{"type":"Point","coordinates":[-121.74945501,38.54106943]},"properties":{"phone_id":"100000000355642.0","t":25595.0}},{"type":"Feature","geometry":{"type":"Point","coordinates":[-121.74925768,38.54103378]},"properties":{"phone_id":"100000000355651.0","t":25595.0}},{"type":"Feature","geometry":{"type":"Point","coordinates":[-121.74916507,38.54108357]},"properties":{"phone_id":"100000000355660.0","t":25595.0}},{"type":"Feature","geometry":{"type":"Point","coordinates":[-121.7492937,38.54125505]},"properties":{"phone_id":"100000000355679.0","t":25595.0}},{"type":"Feature","geometry":{"type":"Point","coordinates":[-121.74919538,38.54114005]},"properties":{"phone_id":"100000000355688.0","t":25595.0}},{"type":"Feature","geometry":{"type":"Point","coordinates":[-121.74923477,38.54096846]},"properties":{"phone_id":"100000000355697.0","t":25595.0}},{"type":"Feature","geometry":{"type":"Point","coordinates":[-121.74954875,38.54125356]},"properties":{"phone_id":"100000000355704.0","t":25595.0}},{"type":"Feature","geometry":{"type":"Point","coordinates":[-121.7494883,38.54130891]},"properties":{"phone_id":"100000000355713.0","t":25595.0}},{"type":"Feature","geometry":{"type":"Point","coordinates":[-121.74961802,38.54095561]},"properties":{"phone_id":"100000000355722.0","t":25595.0}},{"type":"Feature","geometry":{"type":"Point","coordinates":[-121.74923637,38.54131274]},"properties":{"phone_id":"100000000355731.0","t":25595.0}},{"type":"Feature","geometry":{"type":"Point","coordinates":[-121.74962392,38.54122208]},"properties":{"phone_id":"100000000355740.0","t":25595.0}},{"type":"Feature","geometry":{"type":"Point","coordinates":[-121.74936193,38.54101276]},"properties":{"phone_id":"100000000350362.0","t":25597.5}},{"type":"Feature","geometry":{"type":"Point","coordinates":[-121.74942211,38.54133341]},"properties":{"phone_id":"100000000353163.0","t":25597.5}},{"type":"Feature","geometry":{"type":"Point","coordinates":[-121.74964843,38.54109179]},"properties":{"phone_id":"100000000353680.0","t":25597.5}},{"type":"Feature","geometry":{"type":"Point","coordinates":[-121.74919304,38.54091303]},"properties":{"phone_id":"100000000354493.0","t":25597.5}},{"type":"Feature","geometry":{"type":"Point","coordinates":[-121.74907417,38.54130183]},"properties":{"phone_id":"100000000354518.0","t":25597.5}},{"type":"Feature","geometry":{"type":"Point","coordinates":[-121.74964524,38.5411872]},"properties":{"phone_id":"100000000354536.0","t":25597.5}},{"type":"Feature","geometry":{"type":"Point","coordinates":[-121.74915775,38.54131508]},"properties":{"phone_id":"100000000354545.0","t":25597.5}},{"type":"Feature","geometry":{"type":"Point","coordinates":[-121.74931101,38.54093655]},"properties":{"phone_id":"100000000354634.0","t":25597.5}},{"type":"Feature","geometry":{"type":"Point","coordinates":[-121.74956526,38.54124055]},"properties":{"phone_id":"100000000354661.0","t":25597.5}},{"type":"Feature","geometry":{"type":"Point","coordinates":[-121.74959001,38.54099545]},"properties":{"phone_id":"100000000354698.0","t":25597.5}},{"type":"Feature","geometry":{"type":"Point","coordinates":[-121.7493416,38.54130712]},"properties":{"phone_id":"100000000354714.0","t":25597.5}},{"type":"Feature","geometry":{"type":"Point","coordinates":[-121.74924711,38.54104107]},"properties":{"phone_id":"100000000354741.0","t":25597.5}},{"type":"Feature","geometry":{"type":"Point","coordinates":[-121.74927072,38.54116486]},"properties":{"phone_id":"100000000354750.0","t":25597.5}},{"type":"Feature","geometry":{"type":"Point","coordinates":[-121.74914054,38.54101671]},"properties":{"phone_id":"100000000354769.0","t":25597.5}},{"type":"Feature","geometry":{"type":"Point","coordinates":[-121.74953212,38.541145]},"properties":{"phone_id":"100000000354787.0","t":25597.5}},{"type":"Feature","geometry":{"type":"Point","coordinates":[-121.74909125,38.54111618]},"properties":{"phone_id":"100000000354796.0","t":25597.5}},{"type":"Feature","geometry":{"type":"Point","coordinates":[-121.74922607,38.54100009]},"properties":{"phone_id":"100000000354876.0","t":25597.5}},{"type":"Feature","geometry":{"type":"Point","coordinates":[-121.74910277,38.5411789]},"properties":{"phone_id":"100000000354929.0","t":25597.5}},{"type":"Feature","geometry":{"type":"Point","coordinates":[-121.74931586,38.54097826]},"properties":{"phone_id":"100000000354992.0","t":25597.5}},{"type":"Feature","geometry":{"type":"Point","coordinates":[-121.74939966,38.54131788]},"properties":{"phone_id":"100000000355009.0","t":25597.5}},{"type":"Feature","geometry":{"type":"Point","coordinates":[-121.74938613,38.54099639]},"properties":{"phone_id":"100000000355054.0","t":25597.5}},{"type":"Feature","geometry":{"type":"Point","coordinates":[-121.74952621,38.54123811]},"properties":{"phone_id":"100000000355090.0","t":25597.5}},{"type":"Feature","geometry":{"type":"Point","coordinates":[-121.7495361,38.54093255]},"properties":{"phone_id":"100000000355107.0","t":25597.5}},{"type":"Feature","geometry":{"type":"Point","coordinates":[-121.74960723,38.54100315]},"properties":{"phone_id":"100000000355116.0","t":25597.5}},{"type":"Feature","geometry":{"type":"Point","coordinates":[-121.74929628,38.54105369]},"properties":{"phone_id":"100000000355134.0","t":25597.5}},{"type":"Feature","geometry":{"type":"Point","coordinates":[-121.74939887,38.541123]},"properties":{"phone_id":"100000000355143.0","t":25597.5}},{"type":"Feature","geometry":{"type":"Point","coordinates":[-121.74936643,38.5410903]},"properties":{"phone_id":"100000000355152.0","t":25597.5}},{"type":"Feature","geometry":{"type":"Point","coordinates":[-121.74951074,38.5409927]},"properties":{"phone_id":"100000000355161.0","t":25597.5}},{"type":"Feature","geometry":{"type":"Point","coordinates":[-121.74936157,38.54111915]},"properties":{"phone_id":"100000000355170.0","t":25597.5}},{"type":"Feature","geometry":{"type":"Point","coordinates":[-121.74935011,38.54117138]},"properties":{"phone_id":"100000000355189.0","t":25597.5}},{"type":"Feature","geometry":{"type":"Point","coordinates":[-121.74915801,38.54095274]},"properties":{"phone_id":"100000000355198.0","t":25597.5}},{"type":"Feature","geometry":{"type":"Point","coordinates":[-121.74964065,38.54101775]},"properties":{"phone_id":"100000000355205.0","t":25597.5}},{"type":"Feature","geometry":{"type":"Point","coordinates":[-121.74929772,38.54112874]},"properties":{"phone_id":"100000000355214.0","t":25597.5}},{"type":"Feature","geometry":{"type":"Point","coordinates":[-121.74939707,38.54095079]},"properties":{"phone_id":"100000000355223.0","t":25597.5}},{"type":"Feature","geometry":{"type":"Point","coordinates":[-121.74932224,38.54115158]},"properties":{"phone_id":"100000000355232.0","t":25597.5}},{"type":"Feature","geometry":{"type":"Point","coordinates":[-121.74924655,38.54123115]},"properties":{"phone_id":"100000000355241.0","t":25597.5}},{"type":"Feature","geometry":{"type":"Point","coordinates":[-121.74920557,38.54104785]},"properties":{"phone_id":"100000000355250.0","t":25597.5}},{"type":"Feature","geometry":{"type":"Point","coordinates":[-121.74940248,38.54095149]},"properties":{"phone_id":"100000000355269.0","t":25597.5}},{"type":"Feature","geometry":{"type":"Point","coordinates":[-121.74946204,38.54103243]},"properties":{"phone_id":"100000000355278.0","t":25597.5}},{"type":"Feature","geometry":{"type":"Point","coordinates":[-121.749545,38.5411852]},"properties":{"phone_id":"100000000355287.0","t":25597.5}},{"type":"Feature","geometry":{"type":"Point","coordinates":[-121.74936478,38.5411562]},"properties":{"phone_id":"100000000355296.0","t":25597.5}},{"type":"Feature","geometry":{"type":"Point","coordinates":[-121.7492989,38.54101613]},"properties":{"phone_id":"100000000355303.0","t":25597.5}},{"type":"Feature","geometry":{"type":"Point","coordinates":[-121.74924691,38.5410907]},"properties":{"phone_id":"100000000355312.0","t":25597.5}},{"type":"Feature","geometry":{"type":"Point","coordinates":[-121.74939015,38.54110788]},"properties":{"phone_id":"100000000355321.0","t":25597.5}},{"type":"Feature","geometry":{"type":"Point","coordinates":[-121.74929949,38.54114525]},"properties":{"phone_id":"100000000355330.0","t":25597.5}},{"type":"Feature","geometry":{"type":"Point","coordinates":[-121.74938316,38.54106282]},"properties":{"phone_id":"100000000355349.0","t":25597.5}},{"type":"Feature","geometry":{"type":"Point","coordinates":[-121.74930119,38.54125612]},"properties":{"phone_id":"100000000355358.0","t":25597.5}},{"type":"Feature","geometry":{"type":"Point","coordinates":[-121.74933771,38.54114281]},"properties":{"phone_id":"100000000355367.0","t":25597.5}},{"type":"Feature","geometry":{"type":"Point","coordinates":[-121.74957445,38.5410979]},"properties":{"phone_id":"100000000355376.0","t":25597.5}},{"type":"Feature","geometry":{"type":"Point","coordinates":[-121.74926648,38.54108281]},"properties":{"phone_id":"100000000355385.0","t":25597.5}},{"type":"Feature","geometry":{"type":"Point","coordinates":[-121.74936797,38.54119511]},"properties":{"phone_id":"100000000355394.0","t":25597.5}},{"type":"Feature","geometry":{"type":"Point","coordinates":[-121.74942674,38.54102859]},"properties":{"phone_id":"100000000355401.0","t":25597.5}},{"type":"Feature","geometry":{"type":"Point","coordinates":[-121.74907417,38.54126967]},"properties":{"phone_id":"100000000355410.0","t":25597.5}},{"type":"Feature","geometry":{"type":"Point","coordinates":[-121.74940584,38.5411445]},"properties":{"phone_id":"100000000355429.0","t":25597.5}},{"type":"Feature","geometry":{"type":"Point","coordinates":[-121.74920603,38.54113249]},"properties":{"phone_id":"100000000355438.0","t":25597.5}},{"type":"Feature","geometry":{"type":"Point","coordinates":[-121.74932036,38.54104944]},"properties":{"phone_id":"100000000355447.0","t":25597.5}},{"type":"Feature","geometry":{"type":"Point","coordinates":[-121.74937415,38.5411004]},"properties":{"phone_id":"100000000355456.0","t":25597.5}},{"type":"Feature","geometry":{"type":"Point","coordinates":[-121.74947851,38.54112599]},"properties":{"phone_id":"100000000355465.0","t":25597.5}},{"type":"Feature","geometry":{"type":"Point","coordinates":[-121.74933302,38.54118738]},"properties":{"phone_id":"100000000355474.0","t":25597.5}},{"type":"Feature","geometry":{"type":"Point","coordinates":[-121.74937605,38.54115898]},"properties":{"phone_id":"100000000355483.0","t":25597.5}},{"type":"Feature","geometry":{"type":"Point","coordinates":[-121.74926057,38.5410936]},"properties":{"phone_id":"100000000355492.0","t":25597.5}},{"type":"Feature","geometry":{"type":"Point","coordinates":[-121.74964843,38.54109414]},"properties":{"phone_id":"100000000355508.0","t":25597.5}},{"type":"Feature","geometry":{"type":"Point","coordinates":[-121.7493493,38.5410953]},"properties":{"phone_id":"100000000355517.0","t":25597.5}},{"type":"Feature","geometry":{"type":"Point","coordinates":[-121.74949278,38.54117342]},"properties":{"phone_id":"100000000355526.0","t":25597.5}},{"type":"Feature","geometry":{"type":"Point","coordinates":[-121.74936879,38.54110332]},"properties":{"phone_id":"100000000355535.0","t":25597.5}},{"type":"Feature","geometry":{"type":"Point","coordinates":[-121.74936956,38.54112027]},"properties":{"phone_id":"100000000355544.0","t":25597.5}},{"type":"Feature","geometry":{"type":"Point","coordinates":[-121.74938342,38.54110276]},"properties":{"phone_id":"100000000355553.0","t":25597.5}},{"type":"Feature","geometry":{"type":"Point","coordinates":[-121.74943173,38.54098108]},"properties":{"phone_id":"100000000355562.0","t":25597.5}},{"type":"Feature","geometry":{"type":"Point","coordinates":[-121.74930503,38.54112631]},"properties":{"phone_id":"100000000355571.0","t":25597.5}},{"type":"Feature","geometry":{"type":"Point","coordinates":[-121.74931994,38.54113037]},"properties":{"phone_id":"100000000355580.0","t":25597.5}},{"type":"Feature","geometry":{"type":"Point","coordinates":[-121.74932307,38.54115658]},"properties":{"phone_id":"100000000355599.0","t":25597.5}},{"type":"Feature","geometry":{"type":"Point","coordinates":[-121.74930834,38.54112848]},"properties":{"phone_id":"100000000355606.0","t":25597.5}},{"type":"Feature","geometry":{"type":"Point","coordinates":[-121.74934486,38.5410182]},"properties":{"phone_id":"100000000355615.0","t":25597.5}},{"type":"Feature","geometry":{"type":"Point","coordinates":[-121.74929374,38.54111601]},"properties":{"phone_id":"100000000355624.0","t":25597.5}},{"type":"Feature","geometry":{"type":"Point","coordinates":[-121.74932502,38.54107123]},"properties":{"phone_id":"100000000355633.0","t":25597.5}},{"type":"Feature","geometry":{"type":"Point","coordinates":[-121.74939205,38.54108599]},"properties":{"phone_id":"100000000355642.0","t":25597.5}},{"type":"Feature","geometry":{"type":"Point","coordinates":[-121.74932129,38.54104756]},"properties":{"phone_id":"100000000355651.0","t":25597.5}},{"type":"Feature","geometry":{"type":"Point","coordinates":[-121.74919529,38.5410816]},"properties":{"phone_id":"100000000355660.0","t":25597.5}},{"type":"Feature","geometry":{"type":"Point","coordinates":[-121.74930843,38.54122836]},"properties":{"phone_id":"100000000355679.0","t":25597.5}},{"type":"Feature","geometry":{"type":"Point","coordinates":[-121.74925545,38.54112187]},"properties":{"phone_id":"100000000355688.0","t":25597.5}},{"type":"Feature","geometry":{"type":"Point","coordinates":[-121.74927236,38.54101156]},"properties":{"phone_id":"100000000355697.0","t":25597.5}},{"type":"Feature","geometry":{"type":"Point","coordinates":[-121.74950527,38.54121427]},"properties":{"phone_id":"100000000355704.0","t":25597.5}},{"type":"Feature","geometry":{"type":"Point","coordinates":[-121.74947182,38.5412851]},"properties":{"phone_id":"100000000355713.0","t":25597.5}},{"type":"Feature","geometry":{"type":"Point","coordinates":[-121.74958619,38.54097019]},"properties":{"phone_id":"100000000355722.0","t":25597.5}},{"type":"Feature","geometry":{"type":"Point","coordinates":[-121.74924869,38.54129179]},"properties":{"phone_id":"100000000355731.0","t":25597.5}},{"type":"Feature","geometry":{"type":"Point","coordinates":[-121.74960107,38.54120536]},"properties":{"phone_id":"100000000355740.0","t":25597.5}},{"type":"Feature","geometry":{"type":"Point","coordinates":[-121.74917433,38.54131368]},"properties":{"phone_id":"100000000355759.0","t":25597.5}},{"type":"Feature","geometry":{"type":"Point","coordinates":[-121.74957808,38.54090417]},"properties":{"phone_id":"100000000355768.0","t":25597.5}},{"type":"Feature","geometry":{"type":"Point","coordinates":[-121.7493385,38.54096572]},"properties":{"phone_id":"100000000350362.0","t":25600.0}},{"type":"Feature","geometry":{"type":"Point","coordinates":[-121.74942211,38.54133341]},"properties":{"phone_id":"100000000353163.0","t":25600.0}},{"type":"Feature","geometry":{"type":"Point","coordinates":[-121.74964843,38.54109179]},"properties":{"phone_id":"100000000353680.0","t":25600.0}},{"type":"Feature","geometry":{"type":"Point","coordinates":[-121.74917272,38.54089476]},"properties":{"phone_id":"100000000354493.0","t":25600.0}},{"type":"Feature","geometry":{"type":"Point","coordinates":[-121.74907417,38.54130183]},"properties":{"phone_id":"100000000354518.0","t":25600.0}},{"type":"Feature","geometry":{"type":"Point","coordinates":[-121.74929789,38.54091217]},"properties":{"phone_id":"100000000354634.0","t":25600.0}},{"type":"Feature","geometry":{"type":"Point","coordinates":[-121.74959291,38.54125965]},"properties":{"phone_id":"100000000354661.0","t":25600.0}},{"type":"Feature","geometry":{"type":"Point","coordinates":[-121.74964089,38.54095666]},"properties":{"phone_id":"100000000354698.0","t":25600.0}},{"type":"Feature","geometry":{"type":"Point","coordinates":[-121.74934421,38.54133205]},"properties":{"phone_id":"100000000354714.0","t":25600.0}},{"type":"Feature","geometry":{"type":"Point","coordinates":[-121.74922829,38.54102356]},"properties":{"phone_id":"100000000354741.0","t":25600.0}},{"type":"Feature","geometry":{"type":"Point","coordinates":[-121.74924922,38.54118153]},"properties":{"phone_id":"100000000354750.0","t":25600.0}},{"type":"Feature","geometry":{"type":"Point","coordinates":[-121.74911161,38.5410045]},"properties":{"phone_id":"100000000354769.0","t":25600.0}},{"type":"Feature","geometry":{"type":"Point","coordinates":[-121.74953212,38.541145]},"properties":{"phone_id":"100000000354787.0","t":25600.0}},{"type":"Feature","geometry":{"type":"Point","coordinates":[-121.74920457,38.54098045]},"properties":{"phone_id":"100000000354876.0","t":25600.0}},{"type":"Feature","geometry":{"type":"Point","coordinates":[-121.7493146,38.5409536]},"properties":{"phone_id":"100000000354992.0","t":25600.0}},{"type":"Feature","geometry":{"type":"Point","coordinates":[-121.74938962,38.54097203]},"properties":{"phone_id":"100000000355054.0","t":25600.0}},{"type":"Feature","geometry":{"type":"Point","coordinates":[-121.74957351,38.54127825]},"properties":{"phone_id":"100000000355090.0","t":25600.0}},{"type":"Feature","geometry":{"type":"Point","coordinates":[-121.7495682,38.54089057]},"properties":{"phone_id":"100000000355107.0","t":25600.0}},{"type":"Feature","geometry":{"type":"Point","coordinates":[-121.74931812,38.54106927]},"properties":{"phone_id":"100000000355134.0","t":25600.0}},{"type":"Feature","geometry":{"type":"Point","coordinates":[-121.74941456,38.54110113]},"properties":{"phone_id":"100000000355143.0","t":25600.0}},{"type":"Feature","geometry":{"type":"Point","coordinates":[-121.74939488,38.54110533]},"properties":{"phone_id":"100000000355152.0","t":25600.0}},{"type":"Feature","geometry":{"type":"Point","coordinates":[-121.74955157,38.54095691]},"properties":{"phone_id":"100000000355161.0","t":25600.0}},{"type":"Feature","geometry":{"type":"Point","coordinates":[-121.74937386,38.54109584]},"properties":{"phone_id":"100000000355170.0","t":25600.0}},{"type":"Feature","geometry":{"type":"Point","coordinates":[-121.74938296,38.54116339]},"properties":{"phone_id":"100000000355189.0","t":25600.0}},{"type":"Feature","geometry":{"type":"Point","coordinates":[-121.74910951,38.54092122]},"properties":{"phone_id":"100000000355198.0","t":25600.0}},{"type":"Feature","geometry":{"type":"Point","coordinates":[-121.74932633,38.54113231]},"properties":{"phone_id":"100000000355214.0","t":25600.0}},{"type":"Feature","geometry":{"type":"Point","coordinates":[-121.74941542,38.54090335]},"properties":{"phone_id":"100000000355223.0","t":25600.0}},{"type":"Feature","geometry":{"type":"Point","coordinates":[-121.74932817,38.54112901]},"properties":{"phone_id":"100000000355232.0","t":25600.0}},{"type":"Feature","geometry":{"type":"Point","coordinates":[-121.74921453,38.54127804]},"properties":{"phone_id":"100000000355241.0","t":25600.0}},{"type":"Feature","geometry":{"type":"Point","coordinates":[-121.74914081,38.54102739]},"properties":{"phone_id":"100000000355250.0","t":25600.0}},{"type":"Feature","geometry":{"type":"Point","coordinates":[-121.74943869,38.5409089]},"properties":{"phone_id":"100000000355269.0","t":25600.0}},{"type":"Feature","geometry":{"type":"Point","coordinates":[-121.74951213,38.54099445]},"properties":{"phone_id":"100000000355278.0","t":25600.0}},{"type":"Feature","geometry":{"type":"Point","coordinates":[-121.74961317,38.54120041]},"properties":{"phone_id":"100000000355287.0","t":25600.0}},{"type":"Feature","geometry":{"type":"Point","coordinates":[-121.74939544,38.54119805]},"properties":{"phone_id":"100000000355296.0","t":25600.0}},{"type":"Feature","geometry":{"type":"Point","coordinates":[-121.74932033,38.54103409]},"properties":{"phone_id":"100000000355303.0","t":25600.0}},{"type":"Feature","geometry":{"type":"Point","coordinates":[-121.74918742,38.54107012]},"properties":{"phone_id":"100000000355312.0","t":25600.0}},{"type":"Feature","geometry":{"type":"Point","coordinates":[-121.7493624,38.54111878]},"properties":{"phone_id":"100000000355321.0","t":25600.0}},{"type":"Feature","geometry":{"type":"Point","coordinates":[-121.74933095,38.541131]},"properties":{"phone_id":"100000000355330.0","t":25600.0}},{"type":"Feature","geometry":{"type":"Point","coordinates":[-121.74937199,38.54108885]},"properties":{"phone_id":"100000000355349.0","t":25600.0}},{"type":"Feature","geometry":{"type":"Point","coordinates":[-121.74928967,38.5413109]},"properties":{"phone_id":"100000000355358.0","t":25600.0}},{"type":"Feature","geometry":{"type":"Point","coordinates":[-121.74929242,38.54117908]},"properties":{"phone_id":"100000000355367.0","t":25600.0}},{"type":"Feature","geometry":{"type":"Point","coordinates":[-121.74964581,38.54111034]},"properties":{"phone_id":"100000000355376.0","t":25600.0}},{"type":"Feature","geometry":{"type":"Point","coordinates":[-121.74920184,38.54106092]},"properties":{"phone_id":"100000000355385.0","t":25600.0}},{"type":"Feature","geometry":{"type":"Point","coordinates":[-121.74938732,38.54124674]},"properties":{"phone_id":"100000000355394.0","t":25600.0}},{"type":"Feature","geometry":{"type":"Point","coordinates":[-121.74946472,38.54098094]},"properties":{"phone_id":"100000000355401.0","t":25600.0}},{"type":"Feature","geometry":{"type":"Point","coordinates":[-121.74907417,38.54126967]},"properties":{"phone_id":"100000000355410.0","t":25600.0}},{"type":"Feature","geometry":{"type":"Point","coordinates":[-121.74944937,38.54118542]},"properties":{"phone_id":"100000000355429.0","t":25600.0}},{"type":"Feature","geometry":{"type":"Point","coordinates":[-121.74913256,38.54113821]},"properties":{"phone_id":"100000000355438.0","t":25600.0}},{"type":"Feature","geometry":{"type":"Point","coordinates":[-121.74932121,38.5410772]},"properties":{"phone_id":"100000000355447.0","t":25600.0}},{"type":"Feature","geometry":{"type":"Point","coordinates":[-121.74940726,38.54113772]},"properties":{"phone_id":"100000000355456.0","t":25600.0}},{"type":"Feature","geometry":{"type":"Point","coordinates":[-121.74945028,38.54113021]},"properties":{"phone_id":"100000000355465.0","t":25600.0}},{"type":"Feature","geometry":{"type":"Point","coordinates":[-121.74933524,38.54116275]},"properties":{"phone_id":"100000000355474.0","t":25600.0}},{"type":"Feature","geometry":{"type":"Point","coordinates":[-121.74940355,38.54120422]},"properties":{"phone_id":"100000000355483.0","t":25600.0}},{"type":"Feature","geometry":{"type":"Point","coordinates":[-121.74929168,38.5410935]},"properties":{"phone_id":"100000000355492.0","t":25600.0}},{"type":"Feature","geometry":{"type":"Point","coordinates":[-121.74964843,38.54109414]},"properties":{"phone_id":"100000000355508.0","t":25600.0}},{"type":"Feature","geometry":{"type":"Point","coordinates":[-121.7492882,38.54108737]},"properties":{"phone_id":"100000000355517.0","t":25600.0}},{"type":"Feature","geometry":{"type":"Point","coordinates":[-121.74946127,38.54116943]},"properties":{"phone_id":"100000000355526.0","t":25600.0}},{"type":"Feature","geometry":{"type":"Point","coordinates":[-121.74939812,38.54105553]},"properties":{"phone_id":"100000000355535.0","t":25600.0}},{"type":"Feature","geometry":{"type":"Point","coordinates":[-121.74939693,38.54116811]},"properties":{"phone_id":"100000000355544.0","t":25600.0}},{"type":"Feature","geometry":{"type":"Point","coordinates":[-121.7494216,38.5410551]},"properties":{"phone_id":"100000000355553.0","t":25600.0}},{"type":"Feature","geometry":{"type":"Point","coordinates":[-121.74941119,38.54100072]},"properties":{"phone_id":"100000000355562.0","t":25600.0}},{"type":"Feature","geometry":{"type":"Point","coordinates":[-121.74935418,38.54109618]},"properties":{"phone_id":"100000000355571.0","t":25600.0}},{"type":"Feature","geometry":{"type":"Point","coordinates":[-121.74936244,38.54109197]},"properties":{"phone_id":"100000000355580.0","t":25600.0}},{"type":"Feature","geometry":{"type":"Point","coordinates":[-121.74929,38.54120799]},"properties":{"phone_id":"100000000355599.0","t":25600.0}},{"type":"Feature","geometry":{"type":"Point","coordinates":[-121.74928138,38.54108845]},"properties":{"phone_id":"100000000355606.0","t":25600.0}},{"type":"Feature","geometry":{"type":"Point","coordinates":[-121.74935246,38.54106298]},"properties":{"phone_id":"100000000355615.0","t":25600.0}},{"type":"Feature","geometry":{"type":"Point","coordinates":[-121.74934462,38.54114481]},"properties":{"phone_id":"100000000355624.0","t":25600.0}},{"type":"Feature","geometry":{"type":"Point","coordinates":[-121.74938848,38.54107932]},"properties":{"phone_id":"100000000355633.0","t":25600.0}},{"type":"Feature","geometry":{"type":"Point","coordinates":[-121.74932857,38.54110129]},"properties":{"phone_id":"100000000355642.0","t":25600.0}},{"type":"Feature","geometry":{"type":"Point","coordinates":[-121.74938453,38.54106238]},"properties":{"phone_id":"100000000355651.0","t":25600.0}},{"type":"Feature","geometry":{"type":"Point","coordinates":[-121.74922533,38.54107842]},"properties":{"phone_id":"100000000355660.0","t":25600.0}},{"type":"Feature","geometry":{"type":"Point","coordinates":[-121.74932367,38.54120184]},"properties":{"phone_id":"100000000355679.0","t":25600.0}},{"type":"Feature","geometry":{"type":"Point","coordinates":[-121.74931714,38.54110739]},"properties":{"phone_id":"100000000355688.0","t":25600.0}},{"type":"Feature","geometry":{"type":"Point","coordinates":[-121.74930987,38.5410547]},"properties":{"phone_id":"100000000355697.0","t":25600.0}},{"type":"Feature","geometry":{"type":"Point","coordinates":[-121.74945906,38.54117695]},"properties":{"phone_id":"100000000355704.0","t":25600.0}},{"type":"Feature","geometry":{"type":"Point","coordinates":[-121.74944105,38.54123651]},"properties":{"phone_id":"100000000355713.0","t":25600.0}},{"type":"Feature","geometry":{"type":"Point","coordinates":[-121.74955506,38.54098568]},"properties":{"phone_id":"100000000355722.0","t":25600.0}},{"type":"Feature","geometry":{"type":"Point","coordinates":[-121.74926317,38.54127171]},"properties":{"phone_id":"100000000355731.0","t":25600.0}},{"type":"Feature","geometry":{"type":"Point","coordinates":[-121.74957887,38.54118811]},"properties":{"phone_id":"100000000355740.0","t":25600.0}},{"type":"Feature","geometry":{"type":"Point","coordinates":[-121.74919321,38.54129446]},"properties":{"phone_id":"100000000355759.0","t":25600.0}},{"type":"Feature","geometry":{"type":"Point","coordinates":[-121.74955357,38.54092522]},"properties":{"phone_id":"100000000355768.0","t":25600.0}},{"type":"Feature","geometry":{"type":"Point","coordinates":[-121.7491414,38.54113043]},"properties":{"phone_id":"100000000355777.0","t":25600.0}},{"type":"Feature","geometry":{"type":"Point","coordinates":[-121.74911024,38.54113133]},"properties":{"phone_id":"100000000355786.0","t":25600.0}},{"type":"Feature","geometry":{"type":"Point","coordinates":[-121.74931075,38.54092014]},"properties":{"phone_id":"100000000350362.0","t":25602.5}},{"type":"Feature","geometry":{"type":"Point","coordinates":[-121.74942211,38.54133341]},"properties":{"phone_id":"100000000353163.0","t":25602.5}},{"type":"Feature","geometry":{"type":"Point","coordinates":[-121.74964843,38.54109179]},"properties":{"phone_id":"100000000353680.0","t":25602.5}},{"type":"Feature","geometry":{"type":"Point","coordinates":[-121.74907417,38.54130183]},"properties":{"phone_id":"100000000354518.0","t":25602.5}},{"type":"Feature","geometry":{"type":"Point","coordinates":[-121.74928265,38.54088856]},"properties":{"phone_id":"100000000354634.0","t":25602.5}},{"type":"Feature","geometry":{"type":"Point","coordinates":[-121.74962133,38.54127804]},"properties":{"phone_id":"100000000354661.0","t":25602.5}},{"type":"Feature","geometry":{"type":"Point","coordinates":[-121.7492092,38.54100622]},"properties":{"phone_id":"100000000354741.0","t":25602.5}},{"type":"Feature","geometry":{"type":"Point","coordinates":[-121.7492268,38.54119743]},"properties":{"phone_id":"100000000354750.0","t":25602.5}},{"type":"Feature","geometry":{"type":"Point","coordinates":[-121.7490837,38.54099091]},"properties":{"phone_id":"100000000354769.0","t":25602.5}},{"type":"Feature","geometry":{"type":"Point","coordinates":[-121.74953212,38.541145]},"properties":{"phone_id":"100000000354787.0","t":25602.5}},{"type":"Feature","geometry":{"type":"Point","coordinates":[-121.74918369,38.5409604]},"properties":{"phone_id":"100000000354876.0","t":25602.5}},{"type":"Feature","geometry":{"type":"Point","coordinates":[-121.74931243,38.54092899]},"properties":{"phone_id":"100000000354992.0","t":25602.5}},{"type":"Feature","geometry":{"type":"Point","coordinates":[-121.74939483,38.54094786]},"properties":{"phone_id":"100000000355054.0","t":25602.5}},{"type":"Feature","geometry":{"type":"Point","coordinates":[-121.74961932,38.54131945]},"properties":{"phone_id":"100000000355090.0","t":25602.5}},{"type":"Feature","geometry":{"type":"Point","coordinates":[-121.74933841,38.5410861]},"properties":{"phone_id":"100000000355134.0","t":25602.5}},{"type":"Feature","geometry":{"type":"Point","coordinates":[-121.74943261,38.54108041]},"properties":{"phone_id":"100000000355143.0","t":25602.5}},{"type":"Feature","geometry":{"type":"Point","coordinates":[-121.74942387,38.54111972]},"properties":{"phone_id":"100000000355152.0","t":25602.5}},{"type":"Feature","geometry":{"type":"Point","coordinates":[-121.74959531,38.5409233]},"properties":{"phone_id":"100000000355161.0","t":25602.5}},{"type":"Feature","geometry":{"type":"Point","coordinates":[-121.74938825,38.54107328]},"properties":{"phone_id":"100000000355170.0","t":25602.5}},{"type":"Feature","geometry":{"type":"Point","coordinates":[-121.74941553,38.54115471]},"properties":{"phone_id":"100000000355189.0","t":25602.5}},{"type":"Feature","geometry":{"type":"Point","coordinates":[-121.74935461,38.54113725]},"properties":{"phone_id":"100000000355214.0","t":25602.5}},{"type":"Feature","geometry":{"type":"Point","coordinates":[-121.74934011,38.54107651]},"properties":{"phone_id":"100000000355232.0","t":25602.5}},{"type":"Feature","geometry":{"type":"Point","coordinates":[-121.74918643,38.54132645]},"properties":{"phone_id":"100000000355241.0","t":25602.5}},{"type":"Feature","geometry":{"type":"Point","coordinates":[-121.74907534,38.5410084]},"properties":{"phone_id":"100000000355250.0","t":25602.5}},{"type":"Feature","geometry":{"type":"Point","coordinates":[-121.74956268,38.54095685]},"properties":{"phone_id":"100000000355278.0","t":25602.5}},{"type":"Feature","geometry":{"type":"Point","coordinates":[-121.7494282,38.54123892]},"properties":{"phone_id":"100000000355296.0","t":25602.5}},{"type":"Feature","geometry":{"type":"Point","coordinates":[-121.74934005,38.54105323]},"properties":{"phone_id":"100000000355303.0","t":25602.5}},{"type":"Feature","geometry":{"type":"Point","coordinates":[-121.74912602,38.54105336]},"properties":{"phone_id":"100000000355312.0","t":25602.5}},{"type":"Feature","geometry":{"type":"Point","coordinates":[-121.74933543,38.54113083]},"properties":{"phone_id":"100000000355321.0","t":25602.5}},{"type":"Feature","geometry":{"type":"Point","coordinates":[-121.74936164,38.54111573]},"properties":{"phone_id":"100000000355330.0","t":25602.5}},{"type":"Feature","geometry":{"type":"Point","coordinates":[-121.7493585,38.5411142]},"properties":{"phone_id":"100000000355349.0","t":25602.5}},{"type":"Feature","geometry":{"type":"Point","coordinates":[-121.74924753,38.54121566]},"properties":{"phone_id":"100000000355367.0","t":25602.5}},{"type":"Feature","geometry":{"type":"Point","coordinates":[-121.7491388,38.54103633]},"properties":{"phone_id":"100000000355385.0","t":25602.5}},{"type":"Feature","geometry":{"type":"Point","coordinates":[-121.74941201,38.54129696]},"properties":{"phone_id":"100000000355394.0","t":25602.5}},{"type":"Feature","geometry":{"type":"Point","coordinates":[-121.74950011,38.54093207]},"properties":{"phone_id":"100000000355401.0","t":25602.5}},{"type":"Feature","geometry":{"type":"Point","coordinates":[-121.74912125,38.5412417]},"properties":{"phone_id":"100000000355410.0","t":25602.5}},{"type":"Feature","geometry":{"type":"Point","coordinates":[-121.74949191,38.54122697]},"properties":{"phone_id":"100000000355429.0","t":25602.5}},{"type":"Feature","geometry":{"type":"Point","coordinates":[-121.74932496,38.54110481]},"properties":{"phone_id":"100000000355447.0","t":25602.5}},{"type":"Feature","geometry":{"type":"Point","coordinates":[-121.74943916,38.54117569]},"properties":{"phone_id":"100000000355456.0","t":25602.5}},{"type":"Feature","geometry":{"type":"Point","coordinates":[-121.74942256,38.54113615]},"properties":{"phone_id":"100000000355465.0","t":25602.5}},{"type":"Feature","geometry":{"type":"Point","coordinates":[-121.74933824,38.54113817]},"properties":{"phone_id":"100000000355474.0","t":25602.5}},{"type":"Feature","geometry":{"type":"Point","coordinates":[-121.7494295,38.54125002]},"properties":{"phone_id":"100000000355483.0","t":25602.5}},{"type":"Feature","geometry":{"type":"Point","coordinates":[-121.74932274,38.54109505]},"properties":{"phone_id":"100000000355492.0","t":25602.5}},{"type":"Feature","geometry":{"type":"Point","coordinates":[-121.74964843,38.54109414]},"properties":{"phone_id":"100000000355508.0","t":25602.5}},{"type":"Feature","geometry":{"type":"Point","coordinates":[-121.74922662,38.54108223]},"properties":{"phone_id":"100000000355517.0","t":25602.5}},{"type":"Feature","geometry":{"type":"Point","coordinates":[-121.74942978,38.5411653]},"properties":{"phone_id":"100000000355526.0","t":25602.5}},{"type":"Feature","geometry":{"type":"Point","coordinates":[-121.74942289,38.54100618]},"properties":{"phone_id":"100000000355535.0","t":25602.5}},{"type":"Feature","geometry":{"type":"Point","coordinates":[-121.74942165,38.54121683]},"properties":{"phone_id":"100000000355544.0","t":25602.5}},{"type":"Feature","geometry":{"type":"Point","coordinates":[-121.74946136,38.54100824]},"properties":{"phone_id":"100000000355553.0","t":25602.5}},{"type":"Feature","geometry":{"type":"Point","coordinates":[-121.74939137,38.54102081]},"properties":{"phone_id":"100000000355562.0","t":25602.5}},{"type":"Feature","geometry":{"type":"Point","coordinates":[-121.74940131,38.54106414]},"properties":{"phone_id":"100000000355571.0","t":25602.5}},{"type":"Feature","geometry":{"type":"Point","coordinates":[-121.74940277,38.54105216]},"properties":{"phone_id":"100000000355580.0","t":25602.5}},{"type":"Feature","geometry":{"type":"Point","coordinates":[-121.74925751,38.54125962]},"properties":{"phone_id":"100000000355599.0","t":25602.5}},{"type":"Feature","geometry":{"type":"Point","coordinates":[-121.74925692,38.54104744]},"properties":{"phone_id":"100000000355606.0","t":25602.5}},{"type":"Feature","geometry":{"type":"Point","coordinates":[-121.7493646,38.54110713]},"properties":{"phone_id":"100000000355615.0","t":25602.5}},{"type":"Feature","geometry":{"type":"Point","coordinates":[-121.74939219,38.5411769]},"properties":{"phone_id":"100000000355624.0","t":25602.5}},{"type":"Feature","geometry":{"type":"Point","coordinates":[-121.74945163,38.54108877]},"properties":{"phone_id":"100000000355633.0","t":25602.5}},{"type":"Feature","geometry":{"type":"Point","coordinates":[-121.74926547,38.54111753]},"properties":{"phone_id":"100000000355642.0","t":25602.5}},{"type":"Feature","geometry":{"type":"Point","coordinates":[-121.74944854,38.54107497]},"properties":{"phone_id":"100000000355651.0","t":25602.5}},{"type":"Feature","geometry":{"type":"Point","coordinates":[-121.7492554,38.54107537]},"properties":{"phone_id":"100000000355660.0","t":25602.5}},{"type":"Feature","geometry":{"type":"Point","coordinates":[-121.74933881,38.54117529]},"properties":{"phone_id":"100000000355679.0","t":25602.5}},{"type":"Feature","geometry":{"type":"Point","coordinates":[-121.74937743,38.54108966]},"properties":{"phone_id":"100000000355688.0","t":25602.5}},{"type":"Feature","geometry":{"type":"Point","coordinates":[-121.74934296,38.54110001]},"properties":{"phone_id":"100000000355697.0","t":25602.5}},{"type":"Feature","geometry":{"type":"Point","coordinates":[-121.74940998,38.54114195]},"properties":{"phone_id":"100000000355704.0","t":25602.5}},{"type":"Feature","geometry":{"type":"Point","coordinates":[-121.7494112,38.54118756]},"properties":{"phone_id":"100000000355713.0","t":25602.5}},{"type":"Feature","geometry":{"type":"Point","coordinates":[-121.74952236,38.54099902]},"properties":{"phone_id":"100000000355722.0","t":25602.5}},{"type":"Feature","geometry":{"type":"Point","coordinates":[-121.74927699,38.54125135]},"properties":{"phone_id":"100000000355731.0","t":25602.5}},{"type":"Feature","geometry":{"type":"Point","coordinates":[-121.74955555,38.5411718]},"properties":{"phone_id":"100000000355740.0","t":25602.5}},{"type":"Feature","geometry":{"type":"Point","coordinates":[-121.74921402,38.54127651]},"properties":{"phone_id":"100000000355759.0","t":25602.5}},{"type":"Feature","geometry":{"type":"Point","coordinates":[-121.74952989,38.54094685]},"properties":{"phone_id":"100000000355768.0","t":25602.5}},{"type":"Feature","geometry":{"type":"Point","coordinates":[-121.74920878,38.54112955]},"properties":{"phone_id":"100000000355777.0","t":25602.5}},{"type":"Feature","geometry":{"type":"Point","coordinates":[-121.7491463,38.54112481]},"properties":{"phone_id":"100000000355786.0","t":25602.5}},{"type":"Feature","geometry":{"type":"Point","coordinates":[-121.74957487,38.54107937]},"properties":{"phone_id":"100000000355795.0","t":25602.5}},{"type":"Feature","geometry":{"type":"Point","coordinates":[-121.74914813,38.54111915]},"properties":{"phone_id":"100000000355802.0","t":25602.5}},{"type":"Feature","geometry":{"type":"Point","coordinates":[-121.74962105,38.54116713]},"properties":{"phone_id":"100000000355811.0","t":25602.5}},{"type":"Feature","geometry":{"type":"Point","coordinates":[-121.74943608,38.54093703]},"properties":{"phone_id":"100000000355820.0","t":25602.5}},{"type":"Feature","geometry":{"type":"Point","coordinates":[-121.74913784,38.54109532]},"properties":{"phone_id":"100000000355839.0","t":25602.5}},{"type":"Feature","geometry":{"type":"Point","coordinates":[-121.74950163,38.54090368]},"properties":{"phone_id":"100000000355848.0","t":25602.5}},{"type":"Feature","geometry":{"type":"Point","coordinates":[-121.74961944,38.54129459]},"properties":{"phone_id":"100000000355857.0","t":25602.5}},{"type":"Feature","geometry":{"type":"Point","coordinates":[-121.74942211,38.54133341]},"properties":{"phone_id":"100000000353163.0","t":25605.0}},{"type":"Feature","geometry":{"type":"Point","coordinates":[-121.74964843,38.54109179]},"properties":{"phone_id":"100000000353680.0","t":25605.0}},{"type":"Feature","geometry":{"type":"Point","coordinates":[-121.74907417,38.54130183]},"properties":{"phone_id":"100000000354518.0","t":25605.0}},{"type":"Feature","geometry":{"type":"Point","coordinates":[-121.74918987,38.54098906]},"properties":{"phone_id":"100000000354741.0","t":25605.0}},{"type":"Feature","geometry":{"type":"Point","coordinates":[-121.74920077,38.54121598]},"properties":{"phone_id":"100000000354750.0","t":25605.0}},{"type":"Feature","geometry":{"type":"Point","coordinates":[-121.74953212,38.541145]},"properties":{"phone_id":"100000000354787.0","t":25605.0}},{"type":"Feature","geometry":{"type":"Point","coordinates":[-121.74916312,38.54094016]},"properties":{"phone_id":"100000000354876.0","t":25605.0}},{"type":"Feature","geometry":{"type":"Point","coordinates":[-121.74931099,38.54090434]},"properties":{"phone_id":"100000000354992.0","t":25605.0}},{"type":"Feature","geometry":{"type":"Point","coordinates":[-121.74939945,38.54092361]},"properties":{"phone_id":"100000000355054.0","t":25605.0}},{"type":"Feature","geometry":{"type":"Point","coordinates":[-121.74935784,38.54110354]},"properties":{"phone_id":"100000000355134.0","t":25605.0}},{"type":"Feature","geometry":{"type":"Point","coordinates":[-121.74944978,38.54105923]},"properties":{"phone_id":"100000000355143.0","t":25605.0}},{"type":"Feature","geometry":{"type":"Point","coordinates":[-121.74945186,38.54113527]},"properties":{"phone_id":"100000000355152.0","t":25605.0}},{"type":"Feature","geometry":{"type":"Point","coordinates":[-121.74963667,38.54088789]},"properties":{"phone_id":"100000000355161.0","t":25605.0}},{"type":"Feature","geometry":{"type":"Point","coordinates":[-121.74940356,38.5410511]},"properties":{"phone_id":"100000000355170.0","t":25605.0}},{"type":"Feature","geometry":{"type":"Point","coordinates":[-121.74944737,38.54114449]},"properties":{"phone_id":"100000000355189.0","t":25605.0}},{"type":"Feature","geometry":{"type":"Point","coordinates":[-121.74938266,38.54114295]},"properties":{"phone_id":"100000000355214.0","t":25605.0}},{"type":"Feature","geometry":{"type":"Point","coordinates":[-121.74935732,38.54102491]},"properties":{"phone_id":"100000000355232.0","t":25605.0}},{"type":"Feature","geometry":{"type":"Point","coordinates":[-121.74961043,38.54091706]},"properties":{"phone_id":"100000000355278.0","t":25605.0}},{"type":"Feature","geometry":{"type":"Point","coordinates":[-121.74946266,38.54127891]},"properties":{"phone_id":"100000000355296.0","t":25605.0}},{"type":"Feature","geometry":{"type":"Point","coordinates":[-121.74935943,38.54107258]},"properties":{"phone_id":"100000000355303.0","t":25605.0}},{"type":"Feature","geometry":{"type":"Point","coordinates":[-121.74930723,38.54114101]},"properties":{"phone_id":"100000000355321.0","t":25605.0}},{"type":"Feature","geometry":{"type":"Point","coordinates":[-121.74939366,38.54110225]},"properties":{"phone_id":"100000000355330.0","t":25605.0}},{"type":"Feature","geometry":{"type":"Point","coordinates":[-121.749345,38.54113955]},"properties":{"phone_id":"100000000355349.0","t":25605.0}},{"type":"Feature","geometry":{"type":"Point","coordinates":[-121.74920438,38.5412535]},"properties":{"phone_id":"100000000355367.0","t":25605.0}},{"type":"Feature","geometry":{"type":"Point","coordinates":[-121.7490746,38.54101366]},"properties":{"phone_id":"100000000355385.0","t":25605.0}},{"type":"Feature","geometry":{"type":"Point","coordinates":[-121.74953687,38.54088383]},"properties":{"phone_id":"100000000355401.0","t":25605.0}},{"type":"Feature","geometry":{"type":"Point","coordinates":[-121.74916734,38.54121274]},"properties":{"phone_id":"100000000355410.0","t":25605.0}},{"type":"Feature","geometry":{"type":"Point","coordinates":[-121.74953287,38.54126949]},"properties":{"phone_id":"100000000355429.0","t":25605.0}},{"type":"Feature","geometry":{"type":"Point","coordinates":[-121.74932652,38.54113254]},"properties":{"phone_id":"100000000355447.0","t":25605.0}},{"type":"Feature","geometry":{"type":"Point","coordinates":[-121.74946982,38.54121428]},"properties":{"phone_id":"100000000355456.0","t":25605.0}},{"type":"Feature","geometry":{"type":"Point","coordinates":[-121.74939529,38.54114327]},"properties":{"phone_id":"100000000355465.0","t":25605.0}},{"type":"Feature","geometry":{"type":"Point","coordinates":[-121.74934155,38.54111361]},"properties":{"phone_id":"100000000355474.0","t":25605.0}},{"type":"Feature","geometry":{"type":"Point","coordinates":[-121.74945114,38.54129717]},"properties":{"phone_id":"100000000355483.0","t":25605.0}},{"type":"Feature","geometry":{"type":"Point","coordinates":[-121.74935385,38.54109453]},"properties":{"phone_id":"100000000355492.0","t":25605.0}},{"type":"Feature","geometry":{"type":"Point","coordinates":[-121.74964843,38.54109414]},"properties":{"phone_id":"100000000355508.0","t":25605.0}},{"type":"Feature","geometry":{"type":"Point","coordinates":[-121.74916563,38.5410738]},"properties":{"phone_id":"100000000355517.0","t":25605.0}},{"type":"Feature","geometry":{"type":"Point","coordinates":[-121.74936342,38.54115668]},"properties":{"phone_id":"100000000355526.0","t":25605.0}},{"type":"Feature","geometry":{"type":"Point","coordinates":[-121.74944422,38.54095584]},"properties":{"phone_id":"100000000355535.0","t":25605.0}},{"type":"Feature","geometry":{"type":"Point","coordinates":[-121.74945002,38.5412643]},"properties":{"phone_id":"100000000355544.0","t":25605.0}},{"type":"Feature","geometry":{"type":"Point","coordinates":[-121.74950476,38.54096341]},"properties":{"phone_id":"100000000355553.0","t":25605.0}},{"type":"Feature","geometry":{"type":"Point","coordinates":[-121.74934494,38.54106355]},"properties":{"phone_id":"100000000355562.0","t":25605.0}},{"type":"Feature","geometry":{"type":"Point","coordinates":[-121.74944497,38.5410292]},"properties":{"phone_id":"100000000355571.0","t":25605.0}},{"type":"Feature","geometry":{"type":"Point","coordinates":[-121.74944618,38.54101439]},"properties":{"phone_id":"100000000355580.0","t":25605.0}},{"type":"Feature","geometry":{"type":"Point","coordinates":[-121.74922433,38.54131099]},"properties":{"phone_id":"100000000355599.0","t":25605.0}},{"type":"Feature","geometry":{"type":"Point","coordinates":[-121.74923223,38.54100652]},"properties":{"phone_id":"100000000355606.0","t":25605.0}},{"type":"Feature","geometry":{"type":"Point","coordinates":[-121.74937809,38.54115104]},"properties":{"phone_id":"100000000355615.0","t":25605.0}},{"type":"Feature","geometry":{"type":"Point","coordinates":[-121.74943997,38.5412088]},"properties":{"phone_id":"100000000355624.0","t":25605.0}},{"type":"Feature","geometry":{"type":"Point","coordinates":[-121.74951506,38.54109701]},"properties":{"phone_id":"100000000355633.0","t":25605.0}},{"type":"Feature","geometry":{"type":"Point","coordinates":[-121.74920339,38.54113602]},"properties":{"phone_id":"100000000355642.0","t":25605.0}},{"type":"Feature","geometry":{"type":"Point","coordinates":[-121.74951248,38.5410878]},"properties":{"phone_id":"100000000355651.0","t":25605.0}},{"type":"Feature","geometry":{"type":"Point","coordinates":[-121.74928522,38.54107108]},"properties":{"phone_id":"100000000355660.0","t":25605.0}},{"type":"Feature","geometry":{"type":"Point","coordinates":[-121.74935548,38.54114931]},"properties":{"phone_id":"100000000355679.0","t":25605.0}},{"type":"Feature","geometry":{"type":"Point","coordinates":[-121.74943575,38.54106826]},"properties":{"phone_id":"100000000355688.0","t":25605.0}},{"type":"Feature","geometry":{"type":"Point","coordinates":[-121.74937435,38.54114607]},"properties":{"phone_id":"100000000355697.0","t":25605.0}},{"type":"Feature","geometry":{"type":"Point","coordinates":[-121.74936252,38.54110561]},"properties":{"phone_id":"100000000355704.0","t":25605.0}},{"type":"Feature","geometry":{"type":"Point","coordinates":[-121.7493769,38.54114045]},"properties":{"phone_id":"100000000355713.0","t":25605.0}},{"type":"Feature","geometry":{"type":"Point","coordinates":[-121.74948935,38.54101191]},"properties":{"phone_id":"100000000355722.0","t":25605.0}},{"type":"Feature","geometry":{"type":"Point","coordinates":[-121.74929047,38.54123085]},"properties":{"phone_id":"100000000355731.0","t":25605.0}},{"type":"Feature","geometry":{"type":"Point","coordinates":[-121.74953409,38.54115399]},"properties":{"phone_id":"100000000355740.0","t":25605.0}},{"type":"Feature","geometry":{"type":"Point","coordinates":[-121.74923555,38.54125909]},"properties":{"phone_id":"100000000355759.0","t":25605.0}},{"type":"Feature","geometry":{"type":"Point","coordinates":[-121.74950534,38.54096788]},"properties":{"phone_id":"100000000355768.0","t":25605.0}},{"type":"Feature","geometry":{"type":"Point","coordinates":[-121.74927616,38.54112937]},"properties":{"phone_id":"100000000355777.0","t":25605.0}},{"type":"Feature","geometry":{"type":"Point","coordinates":[-121.74918256,38.54111898]},"properties":{"phone_id":"100000000355786.0","t":25605.0}},{"type":"Feature","geometry":{"type":"Point","coordinates":[-121.74950151,38.5410869]},"properties":{"phone_id":"100000000355795.0","t":25605.0}},{"type":"Feature","geometry":{"type":"Point","coordinates":[-121.74922209,38.54111832]},"properties":{"phone_id":"100000000355802.0","t":25605.0}},{"type":"Feature","geometry":{"type":"Point","coordinates":[-121.74959297,38.54116174]},"properties":{"phone_id":"100000000355811.0","t":25605.0}},{"type":"Feature","geometry":{"type":"Point","coordinates":[-121.74941541,38.54099103]},"properties":{"phone_id":"100000000355820.0","t":25605.0}},{"type":"Feature","geometry":{"type":"Point","coordinates":[-121.74920122,38.54109042]},"properties":{"phone_id":"100000000355839.0","t":25605.0}},{"type":"Feature","geometry":{"type":"Point","coordinates":[-121.74948454,38.54092344]},"properties":{"phone_id":"100000000355848.0","t":25605.0}},{"type":"Feature","geometry":{"type":"Point","coordinates":[-121.74958995,38.54127797]},"properties":{"phone_id":"100000000355857.0","t":25605.0}},{"type":"Feature","geometry":{"type":"Point","coordinates":[-121.74940188,38.54128384]},"properties":{"phone_id":"100000000355866.0","t":25605.0}},{"type":"Feature","geometry":{"type":"Point","coordinates":[-121.74914807,38.54108961]},"properties":{"phone_id":"100000000355875.0","t":25605.0}},{"type":"Feature","geometry":{"type":"Point","coordinates":[-121.74911763,38.54095208]},"properties":{"phone_id":"100000000355884.0","t":25605.0}},{"type":"Feature","geometry":{"type":"Point","coordinates":[-121.74949965,38.5413098]},"properties":{"phone_id":"100000000355893.0","t":25605.0}},{"type":"Feature","geometry":{"type":"Point","coordinates":[-121.74959102,38.54092186]},"properties":{"phone_id":"100000000355900.0","t":25605.0}},{"type":"Feature","geometry":{"type":"Point","coordinates":[-121.74959936,38.54125874]},"properties":{"phone_id":"100000000355919.0","t":25605.0}},{"type":"Feature","geometry":{"type":"Point","coordinates":[-121.74912126,38.54095065]},"properties":{"phone_id":"100000000355928.0","t":25605.0}},{"type":"Feature","geometry":{"type":"Point","coordinates":[-121.74909989,38.54130404]},"properties":{"phone_id":"100000000355937.0","t":25605.0}},{"type":"Feature","geometry":{"type":"Point","coordinates":[-121.74913252,38.5410155]},"properties":{"phone_id":"100000000355946.0","t":25605.0}},{"type":"Feature","geometry":{"type":"Point","coordinates":[-121.7495377,38.54128968]},"properties":{"phone_id":"100000000355955.0","t":25605.0}},{"type":"Feature","geometry":{"type":"Point","coordinates":[-121.74907417,38.54094623]},"properties":{"phone_id":"100000000355964.0","t":25605.0}},{"type":"Feature","geometry":{"type":"Point","coordinates":[-121.74942211,38.54133341]},"properties":{"phone_id":"100000000353163.0","t":25607.5}},{"type":"Feature","geometry":{"type":"Point","coordinates":[-121.74964843,38.54109179]},"properties":{"phone_id":"100000000353680.0","t":25607.5}},{"type":"Feature","geometry":{"type":"Point","coordinates":[-121.74907417,38.54130183]},"properties":{"phone_id":"100000000354518.0","t":25607.5}},{"type":"Feature","geometry":{"type":"Point","coordinates":[-121.74917197,38.54097096]},"properties":{"phone_id":"100000000354741.0","t":25607.5}},{"type":"Feature","geometry":{"type":"Point","coordinates":[-121.74917499,38.54123474]},"properties":{"phone_id":"100000000354750.0","t":25607.5}},{"type":"Feature","geometry":{"type":"Point","coordinates":[-121.74953212,38.541145]},"properties":{"phone_id":"100000000354787.0","t":25607.5}},{"type":"Feature","geometry":{"type":"Point","coordinates":[-121.74914109,38.54092088]},"properties":{"phone_id":"100000000354876.0","t":25607.5}},{"type":"Feature","geometry":{"type":"Point","coordinates":[-121.7494029,38.54089925]},"properties":{"phone_id":"100000000355054.0","t":25607.5}},{"type":"Feature","geometry":{"type":"Point","coordinates":[-121.74937653,38.54112146]},"properties":{"phone_id":"100000000355134.0","t":25607.5}},{"type":"Feature","geometry":{"type":"Point","coordinates":[-121.74946773,38.54103846]},"properties":{"phone_id":"100000000355143.0","t":25607.5}},{"type":"Feature","geometry":{"type":"Point","coordinates":[-121.74948083,38.54114969]},"properties":{"phone_id":"100000000355152.0","t":25607.5}},{"type":"Feature","geometry":{"type":"Point","coordinates":[-121.74941778,38.54102848]},"properties":{"phone_id":"100000000355170.0","t":25607.5}},{"type":"Feature","geometry":{"type":"Point","coordinates":[-121.74947812,38.5411324]},"properties":{"phone_id":"100000000355189.0","t":25607.5}},{"type":"Feature","geometry":{"type":"Point","coordinates":[-121.7494107,38.54114865]},"properties":{"phone_id":"100000000355214.0","t":25607.5}},{"type":"Feature","geometry":{"type":"Point","coordinates":[-121.74937181,38.54097281]},"properties":{"phone_id":"100000000355232.0","t":25607.5}},{"type":"Feature","geometry":{"type":"Point","coordinates":[-121.74950062,38.54131691]},"properties":{"phone_id":"100000000355296.0","t":25607.5}},{"type":"Feature","geometry":{"type":"Point","coordinates":[-121.74938029,38.54109095]},"properties":{"phone_id":"100000000355303.0","t":25607.5}},{"type":"Feature","geometry":{"type":"Point","coordinates":[-121.74927875,38.54115069]},"properties":{"phone_id":"100000000355321.0","t":25607.5}},{"type":"Feature","geometry":{"type":"Point","coordinates":[-121.74942442,38.54108707]},"properties":{"phone_id":"100000000355330.0","t":25607.5}},{"type":"Feature","geometry":{"type":"Point","coordinates":[-121.74932978,38.54116429]},"properties":{"phone_id":"100000000355349.0","t":25607.5}},{"type":"Feature","geometry":{"type":"Point","coordinates":[-121.74915928,38.54128992]},"properties":{"phone_id":"100000000355367.0","t":25607.5}},{"type":"Feature","geometry":{"type":"Point","coordinates":[-121.74921336,38.5411837]},"properties":{"phone_id":"100000000355410.0","t":25607.5}},{"type":"Feature","geometry":{"type":"Point","coordinates":[-121.74957782,38.54130946]},"properties":{"phone_id":"100000000355429.0","t":25607.5}},{"type":"Feature","geometry":{"type":"Point","coordinates":[-121.74933036,38.54116014]},"properties":{"phone_id":"100000000355447.0","t":25607.5}},{"type":"Feature","geometry":{"type":"Point","coordinates":[-121.74949647,38.54125466]},"properties":{"phone_id":"100000000355456.0","t":25607.5}},{"type":"Feature","geometry":{"type":"Point","coordinates":[-121.74936876,38.54115193]},"properties":{"phone_id":"100000000355465.0","t":25607.5}},{"type":"Feature","geometry":{"type":"Point","coordinates":[-121.74934258,38.54108893]},"properties":{"phone_id":"100000000355474.0","t":25607.5}},{"type":"Feature","geometry":{"type":"Point","coordinates":[-121.74938486,38.54109255]},"properties":{"phone_id":"100000000355492.0","t":25607.5}},{"type":"Feature","geometry":{"type":"Point","coordinates":[-121.74964843,38.54109414]},"properties":{"phone_id":"100000000355508.0","t":25607.5}},{"type":"Feature","geometry":{"type":"Point","coordinates":[-121.74910438,38.54106662]},"properties":{"phone_id":"100000000355517.0","t":25607.5}},{"type":"Feature","geometry":{"type":"Point","coordinates":[-121.74929707,38.54114801]},"properties":{"phone_id":"100000000355526.0","t":25607.5}},{"type":"Feature","geometry":{"type":"Point","coordinates":[-121.74946793,38.54090617]},"properties":{"phone_id":"100000000355535.0","t":25607.5}},{"type":"Feature","geometry":{"type":"Point","coordinates":[-121.74948208,38.54131031]},"properties":{"phone_id":"100000000355544.0","t":25607.5}},{"type":"Feature","geometry":{"type":"Point","coordinates":[-121.74954814,38.54091856]},"properties":{"phone_id":"100000000355553.0","t":25607.5}},{"type":"Feature","geometry":{"type":"Point","coordinates":[-121.74929592,38.54110448]},"properties":{"phone_id":"100000000355562.0","t":25607.5}},{"type":"Feature","geometry":{"type":"Point","coordinates":[-121.74948572,38.54099217]},"properties":{"phone_id":"100000000355571.0","t":25607.5}},{"type":"Feature","geometry":{"type":"Point","coordinates":[-121.74949297,38.54097919]},"properties":{"phone_id":"100000000355580.0","t":25607.5}},{"type":"Feature","geometry":{"type":"Point","coordinates":[-121.74920936,38.54096495]},"properties":{"phone_id":"100000000355606.0","t":25607.5}},{"type":"Feature","geometry":{"type":"Point","coordinates":[-121.74938888,38.54119541]},"properties":{"phone_id":"100000000355615.0","t":25607.5}},{"type":"Feature","geometry":{"type":"Point","coordinates":[-121.74948592,38.54124231]},"properties":{"phone_id":"100000000355624.0","t":25607.5}},{"type":"Feature","geometry":{"type":"Point","coordinates":[-121.74957911,38.54110134]},"properties":{"phone_id":"100000000355633.0","t":25607.5}},{"type":"Feature","geometry":{"type":"Point","coordinates":[-121.74914339,38.54115834]},"properties":{"phone_id":"100000000355642.0","t":25607.5}},{"type":"Feature","geometry":{"type":"Point","coordinates":[-121.74957587,38.54110221]},"properties":{"phone_id":"100000000355651.0","t":25607.5}},{"type":"Feature","geometry":{"type":"Point","coordinates":[-121.74931518,38.54106744]},"properties":{"phone_id":"100000000355660.0","t":25607.5}},{"type":"Feature","geometry":{"type":"Point","coordinates":[-121.74937217,38.54112333]},"properties":{"phone_id":"100000000355679.0","t":25607.5}},{"type":"Feature","geometry":{"type":"Point","coordinates":[-121.74949354,38.54104598]},"properties":{"phone_id":"100000000355688.0","t":25607.5}},{"type":"Feature","geometry":{"type":"Point","coordinates":[-121.74940458,38.5411926]},"properties":{"phone_id":"100000000355697.0","t":25607.5}},{"type":"Feature","geometry":{"type":"Point","coordinates":[-121.74931888,38.54106643]},"properties":{"phone_id":"100000000355704.0","t":25607.5}},{"type":"Feature","geometry":{"type":"Point","coordinates":[-121.74934342,38.54109298]},"properties":{"phone_id":"100000000355713.0","t":25607.5}},{"type":"Feature","geometry":{"type":"Point","coordinates":[-121.74945755,38.54102652]},"properties":{"phone_id":"100000000355722.0","t":25607.5}},{"type":"Feature","geometry":{"type":"Point","coordinates":[-121.74930335,38.54121012]},"properties":{"phone_id":"100000000355731.0","t":25607.5}},{"type":"Feature","geometry":{"type":"Point","coordinates":[-121.74951185,38.54113677]},"properties":{"phone_id":"100000000355740.0","t":25607.5}},{"type":"Feature","geometry":{"type":"Point","coordinates":[-121.74925701,38.54124162]},"properties":{"phone_id":"100000000355759.0","t":25607.5}},{"type":"Feature","geometry":{"type":"Point","coordinates":[-121.74948174,38.54098957]},"properties":{"phone_id":"100000000355768.0","t":25607.5}},{"type":"Feature","geometry":{"type":"Point","coordinates":[-121.74934346,38.5411321]},"properties":{"phone_id":"100000000355777.0","t":25607.5}},{"type":"Feature","geometry":{"type":"Point","coordinates":[-121.74921809,38.54111088]},"properties":{"phone_id":"100000000355786.0","t":25607.5}},{"type":"Feature","geometry":{"type":"Point","coordinates":[-121.74942885,38.54109787]},"properties":{"phone_id":"100000000355795.0","t":25607.5}},{"type":"Feature","geometry":{"type":"Point","coordinates":[-121.74929601,38.54111614]},"properties":{"phone_id":"100000000355802.0","t":25607.5}},{"type":"Feature","geometry":{"type":"Point","coordinates":[-121.74956449,38.54115786]},"properties":{"phone_id":"100000000355811.0","t":25607.5}},{"type":"Feature","geometry":{"type":"Point","coordinates":[-121.74939156,38.54104421]},"properties":{"phone_id":"100000000355820.0","t":25607.5}},{"type":"Feature","geometry":{"type":"Point","coordinates":[-121.74926465,38.54108589]},"properties":{"phone_id":"100000000355839.0","t":25607.5}},{"type":"Feature","geometry":{"type":"Point","coordinates":[-121.74946927,38.5409441]},"properties":{"phone_id":"100000000355848.0","t":25607.5}},{"type":"Feature","geometry":{"type":"Point","coordinates":[-121.74956139,38.54126039]},"properties":{"phone_id":"100000000355857.0","t":25607.5}},{"type":"Feature","geometry":{"type":"Point","coordinates":[-121.74939109,38.54123434]},"properties":{"phone_id":"100000000355866.0","t":25607.5}},{"type":"Feature","geometry":{"type":"Point","coordinates":[-121.74922175,38.54109411]},"properties":{"phone_id":"100000000355875.0","t":25607.5}},{"type":"Feature","geometry":{"type":"Point","coordinates":[-121.74916065,38.54098262]},"properties":{"phone_id":"100000000355884.0","t":25607.5}},{"type":"Feature","geometry":{"type":"Point","coordinates":[-121.7494871,38.54128611]},"properties":{"phone_id":"100000000355893.0","t":25607.5}},{"type":"Feature","geometry":{"type":"Point","coordinates":[-121.74954761,38.54096175]},"properties":{"phone_id":"100000000355900.0","t":25607.5}},{"type":"Feature","geometry":{"type":"Point","coordinates":[-121.74954655,38.5412246]},"properties":{"phone_id":"100000000355919.0","t":25607.5}},{"type":"Feature","geometry":{"type":"Point","coordinates":[-121.7491679,38.54098182]},"properties":{"phone_id":"100000000355928.0","t":25607.5}},{"type":"Feature","geometry":{"type":"Point","coordinates":[-121.74912581,38.54128658]},"properties":{"phone_id":"100000000355937.0","t":25607.5}},{"type":"Feature","geometry":{"type":"Point","coordinates":[-121.7491913,38.54103576]},"properties":{"phone_id":"100000000355946.0","t":25607.5}},{"type":"Feature","geometry":{"type":"Point","coordinates":[-121.74949361,38.54124869]},"properties":{"phone_id":"100000000355955.0","t":25607.5}},{"type":"Feature","geometry":{"type":"Point","coordinates":[-121.74907417,38.54094623]},"properties":{"phone_id":"100000000355964.0","t":25607.5}},{"type":"Feature","geometry":{"type":"Point","coordinates":[-121.74910927,38.54106613]},"properties":{"phone_id":"100000000355973.0","t":25607.5}},{"type":"Feature","geometry":{"type":"Point","coordinates":[-121.74913858,38.54116293]},"properties":{"phone_id":"100000000355982.0","t":25607.5}},{"type":"Feature","geometry":{"type":"Point","coordinates":[-121.74913323,38.54103517]},"properties":{"phone_id":"100000000355991.0","t":25607.5}},{"type":"Feature","geometry":{"type":"Point","coordinates":[-121.74914173,38.54113691]},"properties":{"phone_id":"100000000356008.0","t":25607.5}},{"type":"Feature","geometry":{"type":"Point","coordinates":[-121.74910387,38.5412155]},"properties":{"phone_id":"100000000356017.0","t":25607.5}},{"type":"Feature","geometry":{"type":"Point","coordinates":[-121.74910185,38.54093154]},"properties":{"phone_id":"100000000356026.0","t":25607.5}},{"type":"Feature","geometry":{"type":"Point","coordinates":[-121.74909619,38.54126229]},"properties":{"phone_id":"100000000356035.0","t":25607.5}},{"type":"Feature","geometry":{"type":"Point","coordinates":[-121.74962143,38.54100922]},"properties":{"phone_id":"100000000356044.0","t":25607.5}},{"type":"Feature","geometry":{"type":"Point","coordinates":[-121.74914163,38.54131579]},"properties":{"phone_id":"100000000356053.0","t":25607.5}},{"type":"Feature","geometry":{"type":"Point","coordinates":[-121.74912001,38.54092035]},"properties":{"phone_id":"100000000356062.0","t":25607.5}},{"type":"Feature","geometry":{"type":"Point","coordinates":[-121.74961875,38.54090089]},"properties":{"phone_id":"100000000356071.0","t":25607.5}},{"type":"Feature","geometry":{"type":"Point","coordinates":[-121.74959335,38.5412655]},"properties":{"phone_id":"100000000356080.0","t":25607.5}},{"type":"Feature","geometry":{"type":"Point","coordinates":[-121.74960001,38.54130395]},"properties":{"phone_id":"100000000356099.0","t":25607.5}},{"type":"Feature","geometry":{"type":"Point","coordinates":[-121.74913576,38.54112748]},"properties":{"phone_id":"100000000356106.0","t":25607.5}},{"type":"Feature","geometry":{"type":"Point","coordinates":[-121.74922496,38.54092613]},"properties":{"phone_id":"100000000356115.0","t":25607.5}},{"type":"Feature","geometry":{"type":"Point","coordinates":[-121.74913143,38.54119997]},"properties":{"phone_id":"100000000356124.0","t":25607.5}},{"type":"Feature","geometry":{"type":"Point","coordinates":[-121.74958895,38.54113007]},"properties":{"phone_id":"100000000356133.0","t":25607.5}},{"type":"Feature","geometry":{"type":"Point","coordinates":[-121.74942211,38.54133341]},"properties":{"phone_id":"100000000353163.0","t":25610.0}},{"type":"Feature","geometry":{"type":"Point","coordinates":[-121.74964843,38.54109179]},"properties":{"phone_id":"100000000353680.0","t":25610.0}},{"type":"Feature","geometry":{"type":"Point","coordinates":[-121.74907417,38.54130183]},"properties":{"phone_id":"100000000354518.0","t":25610.0}},{"type":"Feature","geometry":{"type":"Point","coordinates":[-121.74915578,38.54095189]},"properties":{"phone_id":"100000000354741.0","t":25610.0}},{"type":"Feature","geometry":{"type":"Point","coordinates":[-121.74915106,38.54125495]},"properties":{"phone_id":"100000000354750.0","t":25610.0}},{"type":"Feature","geometry":{"type":"Point","coordinates":[-121.74953212,38.541145]},"properties":{"phone_id":"100000000354787.0","t":25610.0}},{"type":"Feature","geometry":{"type":"Point","coordinates":[-121.74912044,38.54090069]},"properties":{"phone_id":"100000000354876.0","t":25610.0}},{"type":"Feature","geometry":{"type":"Point","coordinates":[-121.74939656,38.54113848]},"properties":{"phone_id":"100000000355134.0","t":25610.0}},{"type":"Feature","geometry":{"type":"Point","coordinates":[-121.74948669,38.54101825]},"properties":{"phone_id":"100000000355143.0","t":25610.0}},{"type":"Feature","geometry":{"type":"Point","coordinates":[-121.74951046,38.54116325]},"properties":{"phone_id":"100000000355152.0","t":25610.0}},{"type":"Feature","geometry":{"type":"Point","coordinates":[-121.74943138,38.54100562]},"properties":{"phone_id":"100000000355170.0","t":25610.0}},{"type":"Feature","geometry":{"type":"Point","coordinates":[-121.74950895,38.54112044]},"properties":{"phone_id":"100000000355189.0","t":25610.0}},{"type":"Feature","geometry":{"type":"Point","coordinates":[-121.74943842,38.54115525]},"properties":{"phone_id":"100000000355214.0","t":25610.0}},{"type":"Feature","geometry":{"type":"Point","coordinates":[-121.7493875,38.54092091]},"properties":{"phone_id":"100000000355232.0","t":25610.0}},{"type":"Feature","geometry":{"type":"Point","coordinates":[-121.74940084,38.54110954]},"properties":{"phone_id":"100000000355303.0","t":25610.0}},{"type":"Feature","geometry":{"type":"Point","coordinates":[-121.74925016,38.54116016]},"properties":{"phone_id":"100000000355321.0","t":25610.0}},{"type":"Feature","geometry":{"type":"Point","coordinates":[-121.74945389,38.5410704]},"properties":{"phone_id":"100000000355330.0","t":25610.0}},{"type":"Feature","geometry":{"type":"Point","coordinates":[-121.74931491,38.54118916]},"properties":{"phone_id":"100000000355349.0","t":25610.0}},{"type":"Feature","geometry":{"type":"Point","coordinates":[-121.74911371,38.54132598]},"properties":{"phone_id":"100000000355367.0","t":25610.0}},{"type":"Feature","geometry":{"type":"Point","coordinates":[-121.74925678,38.54115231]},"properties":{"phone_id":"100000000355410.0","t":25610.0}},{"type":"Feature","geometry":{"type":"Point","coordinates":[-121.7493359,38.54118756]},"properties":{"phone_id":"100000000355447.0","t":25610.0}},{"type":"Feature","geometry":{"type":"Point","coordinates":[-121.74952434,38.54129453]},"properties":{"phone_id":"100000000355456.0","t":25610.0}},{"type":"Feature","geometry":{"type":"Point","coordinates":[-121.74934166,38.54115944]},"properties":{"phone_id":"100000000355465.0","t":25610.0}},{"type":"Feature","geometry":{"type":"Point","coordinates":[-121.74934649,38.54106035]},"properties":{"phone_id":"100000000355474.0","t":25610.0}},{"type":"Feature","geometry":{"type":"Point","coordinates":[-121.74941593,38.54109111]},"properties":{"phone_id":"100000000355492.0","t":25610.0}},{"type":"Feature","geometry":{"type":"Point","coordinates":[-121.74961236,38.54109324]},"properties":{"phone_id":"100000000355508.0","t":25610.0}},{"type":"Feature","geometry":{"type":"Point","coordinates":[-121.74923029,38.54114164]},"properties":{"phone_id":"100000000355526.0","t":25610.0}},{"type":"Feature","geometry":{"type":"Point","coordinates":[-121.74925043,38.54114783]},"properties":{"phone_id":"100000000355562.0","t":25610.0}},{"type":"Feature","geometry":{"type":"Point","coordinates":[-121.74952946,38.54095729]},"properties":{"phone_id":"100000000355571.0","t":25610.0}},{"type":"Feature","geometry":{"type":"Point","coordinates":[-121.74954139,38.54094538]},"properties":{"phone_id":"100000000355580.0","t":25610.0}},{"type":"Feature","geometry":{"type":"Point","coordinates":[-121.74918823,38.54092283]},"properties":{"phone_id":"100000000355606.0","t":25610.0}},{"type":"Feature","geometry":{"type":"Point","coordinates":[-121.7493994,38.54123982]},"properties":{"phone_id":"100000000355615.0","t":25610.0}},{"type":"Feature","geometry":{"type":"Point","coordinates":[-121.7495338,38.54127411]},"properties":{"phone_id":"100000000355624.0","t":25610.0}},{"type":"Feature","geometry":{"type":"Point","coordinates":[-121.7496433,38.54110414]},"properties":{"phone_id":"100000000355633.0","t":25610.0}},{"type":"Feature","geometry":{"type":"Point","coordinates":[-121.74908385,38.54118142]},"properties":{"phone_id":"100000000355642.0","t":25610.0}},{"type":"Feature","geometry":{"type":"Point","coordinates":[-121.7496379,38.54111988]},"properties":{"phone_id":"100000000355651.0","t":25610.0}},{"type":"Feature","geometry":{"type":"Point","coordinates":[-121.74934537,38.54106522]},"properties":{"phone_id":"100000000355660.0","t":25610.0}},{"type":"Feature","geometry":{"type":"Point","coordinates":[-121.74938616,38.5410964]},"properties":{"phone_id":"100000000355679.0","t":25610.0}},{"type":"Feature","geometry":{"type":"Point","coordinates":[-121.749549,38.54102031]},"properties":{"phone_id":"100000000355688.0","t":25610.0}},{"type":"Feature","geometry":{"type":"Point","coordinates":[-121.74943924,38.54123718]},"properties":{"phone_id":"100000000355697.0","t":25610.0}},{"type":"Feature","geometry":{"type":"Point","coordinates":[-121.74927772,38.54102563]},"properties":{"phone_id":"100000000355704.0","t":25610.0}},{"type":"Feature","geometry":{"type":"Point","coordinates":[-121.74930951,38.54104569]},"properties":{"phone_id":"100000000355713.0","t":25610.0}},{"type":"Feature","geometry":{"type":"Point","coordinates":[-121.74942717,38.54104291]},"properties":{"phone_id":"100000000355722.0","t":25610.0}},{"type":"Feature","geometry":{"type":"Point","coordinates":[-121.74931585,38.54118923]},"properties":{"phone_id":"100000000355731.0","t":25610.0}},{"type":"Feature","geometry":{"type":"Point","coordinates":[-121.74948814,38.54112082]},"properties":{"phone_id":"100000000355740.0","t":25610.0}},{"type":"Feature","geometry":{"type":"Point","coordinates":[-121.74927864,38.54122428]},"properties":{"phone_id":"100000000355759.0","t":25610.0}},{"type":"Feature","geometry":{"type":"Point","coordinates":[-121.74945608,38.54100977]},"properties":{"phone_id":"100000000355768.0","t":25610.0}},{"type":"Feature","geometry":{"type":"Point","coordinates":[-121.74941085,38.54113243]},"properties":{"phone_id":"100000000355777.0","t":25610.0}},{"type":"Feature","geometry":{"type":"Point","coordinates":[-121.74925275,38.54110071]},"properties":{"phone_id":"100000000355786.0","t":25610.0}},{"type":"Feature","geometry":{"type":"Point","coordinates":[-121.74935534,38.54110447]},"properties":{"phone_id":"100000000355795.0","t":25610.0}},{"type":"Feature","geometry":{"type":"Point","coordinates":[-121.74936996,38.54111705]},"properties":{"phone_id":"100000000355802.0","t":25610.0}},{"type":"Feature","geometry":{"type":"Point","coordinates":[-121.74953575,38.5411555]},"properties":{"phone_id":"100000000355811.0","t":25610.0}},{"type":"Feature","geometry":{"type":"Point","coordinates":[-121.7493722,38.54109851]},"properties":{"phone_id":"100000000355820.0","t":25610.0}},{"type":"Feature","geometry":{"type":"Point","coordinates":[-121.74932802,38.54108097]},"properties":{"phone_id":"100000000355839.0","t":25610.0}},{"type":"Feature","geometry":{"type":"Point","coordinates":[-121.74945453,38.54096499]},"properties":{"phone_id":"100000000355848.0","t":25610.0}},{"type":"Feature","geometry":{"type":"Point","coordinates":[-121.74953254,38.54124309]},"properties":{"phone_id":"100000000355857.0","t":25610.0}},{"type":"Feature","geometry":{"type":"Point","coordinates":[-121.749383,38.54118453]},"properties":{"phone_id":"100000000355866.0","t":25610.0}},{"type":"Feature","geometry":{"type":"Point","coordinates":[-121.74929532,38.5410996]},"properties":{"phone_id":"100000000355875.0","t":25610.0}},{"type":"Feature","geometry":{"type":"Point","coordinates":[-121.74920212,38.54101445]},"properties":{"phone_id":"100000000355884.0","t":25610.0}},{"type":"Feature","geometry":{"type":"Point","coordinates":[-121.74947245,38.54126318]},"properties":{"phone_id":"100000000355893.0","t":25610.0}},{"type":"Feature","geometry":{"type":"Point","coordinates":[-121.74950294,38.54100079]},"properties":{"phone_id":"100000000355900.0","t":25610.0}},{"type":"Feature","geometry":{"type":"Point","coordinates":[-121.74949499,38.54118931]},"properties":{"phone_id":"100000000355919.0","t":25610.0}},{"type":"Feature","geometry":{"type":"Point","coordinates":[-121.74921541,38.54101217]},"properties":{"phone_id":"100000000355928.0","t":25610.0}},{"type":"Feature","geometry":{"type":"Point","coordinates":[-121.74915039,38.54126796]},"properties":{"phone_id":"100000000355937.0","t":25610.0}},{"type":"Feature","geometry":{"type":"Point","coordinates":[-121.74924871,38.5410583]},"properties":{"phone_id":"100000000355946.0","t":25610.0}},{"type":"Feature","geometry":{"type":"Point","coordinates":[-121.74944826,38.54120855]},"properties":{"phone_id":"100000000355955.0","t":25610.0}},{"type":"Feature","geometry":{"type":"Point","coordinates":[-121.74907417,38.54094623]},"properties":{"phone_id":"100000000355964.0","t":25610.0}},{"type":"Feature","geometry":{"type":"Point","coordinates":[-121.74914444,38.54106871]},"properties":{"phone_id":"100000000355973.0","t":25610.0}},{"type":"Feature","geometry":{"type":"Point","coordinates":[-121.74920127,38.54114413]},"properties":{"phone_id":"100000000355982.0","t":25610.0}},{"type":"Feature","geometry":{"type":"Point","coordinates":[-121.74919075,38.54105431]},"properties":{"phone_id":"100000000355991.0","t":25610.0}},{"type":"Feature","geometry":{"type":"Point","coordinates":[-121.74920924,38.54113871]},"properties":{"phone_id":"100000000356008.0","t":25610.0}},{"type":"Feature","geometry":{"type":"Point","coordinates":[-121.74913405,38.54120539]},"properties":{"phone_id":"100000000356017.0","t":25610.0}},{"type":"Feature","geometry":{"type":"Point","coordinates":[-121.74912981,38.54094634]},"properties":{"phone_id":"100000000356026.0","t":25610.0}},{"type":"Feature","geometry":{"type":"Point","coordinates":[-121.74911623,38.54124361]},"properties":{"phone_id":"100000000356035.0","t":25610.0}},{"type":"Feature","geometry":{"type":"Point","coordinates":[-121.74959504,38.54102044]},"properties":{"phone_id":"100000000356044.0","t":25610.0}},{"type":"Feature","geometry":{"type":"Point","coordinates":[-121.74916273,38.54129911]},"properties":{"phone_id":"100000000356053.0","t":25610.0}},{"type":"Feature","geometry":{"type":"Point","coordinates":[-121.74916774,38.54094646]},"properties":{"phone_id":"100000000356062.0","t":25610.0}},{"type":"Feature","geometry":{"type":"Point","coordinates":[-121.74959862,38.54092023]},"properties":{"phone_id":"100000000356071.0","t":25610.0}},{"type":"Feature","geometry":{"type":"Point","coordinates":[-121.74954097,38.54122872]},"properties":{"phone_id":"100000000356080.0","t":25610.0}},{"type":"Feature","geometry":{"type":"Point","coordinates":[-121.74955739,38.54127297]},"properties":{"phone_id":"100000000356099.0","t":25610.0}},{"type":"Feature","geometry":{"type":"Point","coordinates":[-121.74919733,38.54112977]},"properties":{"phone_id":"100000000356106.0","t":25610.0}},{"type":"Feature","geometry":{"type":"Point","coordinates":[-121.74925317,38.54097016]},"properties":{"phone_id":"100000000356115.0","t":25610.0}},{"type":"Feature","geometry":{"type":"Point","coordinates":[-121.74918794,38.54116801]},"properties":{"phone_id":"100000000356124.0","t":25610.0}},{"type":"Feature","geometry":{"type":"Point","coordinates":[-121.74952933,38.5411189]},"properties":{"phone_id":"100000000356133.0","t":25610.0}},{"type":"Feature","geometry":{"type":"Point","coordinates":[-121.74938031,38.54128657]},"properties":{"phone_id":"100000000356142.0","t":25610.0}},{"type":"Feature","geometry":{"type":"Point","coordinates":[-121.74959096,38.54118152]},"properties":{"phone_id":"100000000356151.0","t":25610.0}},{"type":"Feature","geometry":{"type":"Point","coordinates":[-121.74913357,38.54108565]},"properties":{"phone_id":"100000000356160.0","t":25610.0}},{"type":"Feature","geometry":{"type":"Point","coordinates":[-121.74964843,38.54113113]},"properties":{"phone_id":"100000000356179.0","t":25610.0}},{"type":"Feature","geometry":{"type":"Point","coordinates":[-121.74952923,38.54092215]},"properties":{"phone_id":"100000000356188.0","t":25610.0}},{"type":"Feature","geometry":{"type":"Point","coordinates":[-121.74924837,38.54092365]},"properties":{"phone_id":"100000000356197.0","t":25610.0}},{"type":"Feature","geometry":{"type":"Point","coordinates":[-121.74933845,38.54093574]},"properties":{"phone_id":"100000000356204.0","t":25610.0}},{"type":"Feature","geometry":{"type":"Point","coordinates":[-121.74942211,38.54133341]},"properties":{"phone_id":"100000000353163.0","t":25612.5}},{"type":"Feature","geometry":{"type":"Point","coordinates":[-121.74964843,38.54109179]},"properties":{"phone_id":"100000000353680.0","t":25612.5}},{"type":"Feature","geometry":{"type":"Point","coordinates":[-121.74907417,38.54130183]},"properties":{"phone_id":"100000000354518.0","t":25612.5}},{"type":"Feature","geometry":{"type":"Point","coordinates":[-121.74913984,38.5409327]},"properties":{"phone_id":"100000000354741.0","t":25612.5}},{"type":"Feature","geometry":{"type":"Point","coordinates":[-121.74911046,38.54129539]},"properties":{"phone_id":"100000000354750.0","t":25612.5}},{"type":"Feature","geometry":{"type":"Point","coordinates":[-121.74953212,38.541145]},"properties":{"phone_id":"100000000354787.0","t":25612.5}},{"type":"Feature","geometry":{"type":"Point","coordinates":[-121.74941747,38.54115482]},"properties":{"phone_id":"100000000355134.0","t":25612.5}},{"type":"Feature","geometry":{"type":"Point","coordinates":[-121.74950447,38.54099738]},"properties":{"phone_id":"100000000355143.0","t":25612.5}},{"type":"Feature","geometry":{"type":"Point","coordinates":[-121.74954029,38.54117654]},"properties":{"phone_id":"100000000355152.0","t":25612.5}},{"type":"Feature","geometry":{"type":"Point","coordinates":[-121.74944627,38.54098326]},"properties":{"phone_id":"100000000355170.0","t":25612.5}},{"type":"Feature","geometry":{"type":"Point","coordinates":[-121.74953962,38.54110823]},"properties":{"phone_id":"100000000355189.0","t":25612.5}},{"type":"Feature","geometry":{"type":"Point","coordinates":[-121.74946552,38.5411633]},"properties":{"phone_id":"100000000355214.0","t":25612.5}},{"type":"Feature","geometry":{"type":"Point","coordinates":[-121.74942137,38.54112814]},"properties":{"phone_id":"100000000355303.0","t":25612.5}},{"type":"Feature","geometry":{"type":"Point","coordinates":[-121.74922154,38.54116958]},"properties":{"phone_id":"100000000355321.0","t":25612.5}},{"type":"Feature","geometry":{"type":"Point","coordinates":[-121.74948342,38.54105379]},"properties":{"phone_id":"100000000355330.0","t":25612.5}},{"type":"Feature","geometry":{"type":"Point","coordinates":[-121.74929922,38.54121372]},"properties":{"phone_id":"100000000355349.0","t":25612.5}},{"type":"Feature","geometry":{"type":"Point","coordinates":[-121.74930199,38.5411225]},"properties":{"phone_id":"100000000355410.0","t":25612.5}},{"type":"Feature","geometry":{"type":"Point","coordinates":[-121.74934133,38.541215]},"properties":{"phone_id":"100000000355447.0","t":25612.5}},{"type":"Feature","geometry":{"type":"Point","coordinates":[-121.74955481,38.54133322]},"properties":{"phone_id":"100000000355456.0","t":25612.5}},{"type":"Feature","geometry":{"type":"Point","coordinates":[-121.74931426,38.54116624]},"properties":{"phone_id":"100000000355465.0","t":25612.5}},{"type":"Feature","geometry":{"type":"Point","coordinates":[-121.74935132,38.54103185]},"properties":{"phone_id":"100000000355474.0","t":25612.5}},{"type":"Feature","geometry":{"type":"Point","coordinates":[-121.74944704,38.54109146]},"properties":{"phone_id":"100000000355492.0","t":25612.5}},{"type":"Feature","geometry":{"type":"Point","coordinates":[-121.74957629,38.54109243]},"properties":{"phone_id":"100000000355508.0","t":25612.5}},{"type":"Feature","geometry":{"type":"Point","coordinates":[-121.7491632,38.5411378]},"properties":{"phone_id":"100000000355526.0","t":25612.5}},{"type":"Feature","geometry":{"type":"Point","coordinates":[-121.74920108,38.54118851]},"properties":{"phone_id":"100000000355562.0","t":25612.5}},{"type":"Feature","geometry":{"type":"Point","coordinates":[-121.7495739,38.54092296]},"properties":{"phone_id":"100000000355571.0","t":25612.5}},{"type":"Feature","geometry":{"type":"Point","coordinates":[-121.74959011,38.54091184]},"properties":{"phone_id":"100000000355580.0","t":25612.5}},{"type":"Feature","geometry":{"type":"Point","coordinates":[-121.74940579,38.54128471]},"properties":{"phone_id":"100000000355615.0","t":25612.5}},{"type":"Feature","geometry":{"type":"Point","coordinates":[-121.74958264,38.54130501]},"properties":{"phone_id":"100000000355624.0","t":25612.5}},{"type":"Feature","geometry":{"type":"Point","coordinates":[-121.74937568,38.54106477]},"properties":{"phone_id":"100000000355660.0","t":25612.5}},{"type":"Feature","geometry":{"type":"Point","coordinates":[-121.74940084,38.54106968]},"properties":{"phone_id":"100000000355679.0","t":25612.5}},{"type":"Feature","geometry":{"type":"Point","coordinates":[-121.74960479,38.5409951]},"properties":{"phone_id":"100000000355688.0","t":25612.5}},{"type":"Feature","geometry":{"type":"Point","coordinates":[-121.7494743,38.54128157]},"properties":{"phone_id":"100000000355697.0","t":25612.5}},{"type":"Feature","geometry":{"type":"Point","coordinates":[-121.74923987,38.5409829]},"properties":{"phone_id":"100000000355704.0","t":25612.5}},{"type":"Feature","geometry":{"type":"Point","coordinates":[-121.74927736,38.54099765]},"properties":{"phone_id":"100000000355713.0","t":25612.5}},{"type":"Feature","geometry":{"type":"Point","coordinates":[-121.74939813,38.54106072]},"properties":{"phone_id":"100000000355722.0","t":25612.5}},{"type":"Feature","geometry":{"type":"Point","coordinates":[-121.74932916,38.54116867]},"properties":{"phone_id":"100000000355731.0","t":25612.5}},{"type":"Feature","geometry":{"type":"Point","coordinates":[-121.74946441,38.54110487]},"properties":{"phone_id":"100000000355740.0","t":25612.5}},{"type":"Feature","geometry":{"type":"Point","coordinates":[-121.74929836,38.54120558]},"properties":{"phone_id":"100000000355759.0","t":25612.5}},{"type":"Feature","geometry":{"type":"Point","coordinates":[-121.74943223,38.54103129]},"properties":{"phone_id":"100000000355768.0","t":25612.5}},{"type":"Feature","geometry":{"type":"Point","coordinates":[-121.74944671,38.54113389]},"properties":{"phone_id":"100000000355777.0","t":25612.5}},{"type":"Feature","geometry":{"type":"Point","coordinates":[-121.7492863,38.54108846]},"properties":{"phone_id":"100000000355786.0","t":25612.5}},{"type":"Feature","geometry":{"type":"Point","coordinates":[-121.74928146,38.54110751]},"properties":{"phone_id":"100000000355795.0","t":25612.5}},{"type":"Feature","geometry":{"type":"Point","coordinates":[-121.74944375,38.54112109]},"properties":{"phone_id":"100000000355802.0","t":25612.5}},{"type":"Feature","geometry":{"type":"Point","coordinates":[-121.74950716,38.54115216]},"properties":{"phone_id":"100000000355811.0","t":25612.5}},{"type":"Feature","geometry":{"type":"Point","coordinates":[-121.74935541,38.54115333]},"properties":{"phone_id":"100000000355820.0","t":25612.5}},{"type":"Feature","geometry":{"type":"Point","coordinates":[-121.74939157,38.54107774]},"properties":{"phone_id":"100000000355839.0","t":25612.5}},{"type":"Feature","geometry":{"type":"Point","coordinates":[-121.74943904,38.54098555]},"properties":{"phone_id":"100000000355848.0","t":25612.5}},{"type":"Feature","geometry":{"type":"Point","coordinates":[-121.74950308,38.54122644]},"properties":{"phone_id":"100000000355857.0","t":25612.5}},{"type":"Feature","geometry":{"type":"Point","coordinates":[-121.74936966,38.54113541]},"properties":{"phone_id":"100000000355866.0","t":25612.5}},{"type":"Feature","geometry":{"type":"Point","coordinates":[-121.74936906,38.54110347]},"properties":{"phone_id":"100000000355875.0","t":25612.5}},{"type":"Feature","geometry":{"type":"Point","coordinates":[-121.74924327,38.54104654]},"properties":{"phone_id":"100000000355884.0","t":25612.5}},{"type":"Feature","geometry":{"type":"Point","coordinates":[-121.74945955,38.54123961]},"properties":{"phone_id":"100000000355893.0","t":25612.5}},{"type":"Feature","geometry":{"type":"Point","coordinates":[-121.7494586,38.54104005]},"properties":{"phone_id":"100000000355900.0","t":25612.5}},{"type":"Feature","geometry":{"type":"Point","coordinates":[-121.74944427,38.54115329]},"properties":{"phone_id":"100000000355919.0","t":25612.5}},{"type":"Feature","geometry":{"type":"Point","coordinates":[-121.7492648,38.54104061]},"properties":{"phone_id":"100000000355928.0","t":25612.5}},{"type":"Feature","geometry":{"type":"Point","coordinates":[-121.74917677,38.54125094]},"properties":{"phone_id":"100000000355937.0","t":25612.5}},{"type":"Feature","geometry":{"type":"Point","coordinates":[-121.74930681,38.54107972]},"properties":{"phone_id":"100000000355946.0","t":25612.5}},{"type":"Feature","geometry":{"type":"Point","coordinates":[-121.74940443,38.54116739]},"properties":{"phone_id":"100000000355955.0","t":25612.5}},{"type":"Feature","geometry":{"type":"Point","coordinates":[-121.74907417,38.54094623]},"properties":{"phone_id":"100000000355964.0","t":25612.5}},{"type":"Feature","geometry":{"type":"Point","coordinates":[-121.74917976,38.54106931]},"properties":{"phone_id":"100000000355973.0","t":25612.5}},{"type":"Feature","geometry":{"type":"Point","coordinates":[-121.74926404,38.54112548]},"properties":{"phone_id":"100000000355982.0","t":25612.5}},{"type":"Feature","geometry":{"type":"Point","coordinates":[-121.74924688,38.54107581]},"properties":{"phone_id":"100000000355991.0","t":25612.5}},{"type":"Feature","geometry":{"type":"Point","coordinates":[-121.7492768,38.5411386]},"properties":{"phone_id":"100000000356008.0","t":25612.5}},{"type":"Feature","geometry":{"type":"Point","coordinates":[-121.74916498,38.54119677]},"properties":{"phone_id":"100000000356017.0","t":25612.5}},{"type":"Feature","geometry":{"type":"Point","coordinates":[-121.74915881,38.54095986]},"properties":{"phone_id":"100000000356026.0","t":25612.5}},{"type":"Feature","geometry":{"type":"Point","coordinates":[-121.74913724,38.54122561]},"properties":{"phone_id":"100000000356035.0","t":25612.5}},{"type":"Feature","geometry":{"type":"Point","coordinates":[-121.74956933,38.54103258]},"properties":{"phone_id":"100000000356044.0","t":25612.5}},{"type":"Feature","geometry":{"type":"Point","coordinates":[-121.74918318,38.54128193]},"properties":{"phone_id":"100000000356053.0","t":25612.5}},{"type":"Feature","geometry":{"type":"Point","coordinates":[-121.74921388,38.54097427]},"properties":{"phone_id":"100000000356062.0","t":25612.5}},{"type":"Feature","geometry":{"type":"Point","coordinates":[-121.74957875,38.54093974]},"properties":{"phone_id":"100000000356071.0","t":25612.5}},{"type":"Feature","geometry":{"type":"Point","coordinates":[-121.74948566,38.54119467]},"properties":{"phone_id":"100000000356080.0","t":25612.5}},{"type":"Feature","geometry":{"type":"Point","coordinates":[-121.74951224,38.54124429]},"properties":{"phone_id":"100000000356099.0","t":25612.5}},{"type":"Feature","geometry":{"type":"Point","coordinates":[-121.74925861,38.541135]},"properties":{"phone_id":"100000000356106.0","t":25612.5}},{"type":"Feature","geometry":{"type":"Point","coordinates":[-121.74927782,38.54101549]},"properties":{"phone_id":"100000000356115.0","t":25612.5}},{"type":"Feature","geometry":{"type":"Point","coordinates":[-121.74924204,38.54113359]},"properties":{"phone_id":"100000000356124.0","t":25612.5}},{"type":"Feature","geometry":{"type":"Point","coordinates":[-121.74946936,38.54110896]},"properties":{"phone_id":"100000000356133.0","t":25612.5}},{"type":"Feature","geometry":{"type":"Point","coordinates":[-121.74937889,38.54123953]},"properties":{"phone_id":"100000000356142.0","t":25612.5}},{"type":"Feature","geometry":{"type":"Point","coordinates":[-121.74953272,38.54115984]},"properties":{"phone_id":"100000000356151.0","t":25612.5}},{"type":"Feature","geometry":{"type":"Point","coordinates":[-121.7491932,38.54109491]},"properties":{"phone_id":"100000000356160.0","t":25612.5}},{"type":"Feature","geometry":{"type":"Point","coordinates":[-121.74964843,38.54113113]},"properties":{"phone_id":"100000000356179.0","t":25612.5}},{"type":"Feature","geometry":{"type":"Point","coordinates":[-121.74950193,38.54096247]},"properties":{"phone_id":"100000000356188.0","t":25612.5}},{"type":"Feature","geometry":{"type":"Point","coordinates":[-121.74927263,38.54096477]},"properties":{"phone_id":"100000000356197.0","t":25612.5}},{"type":"Feature","geometry":{"type":"Point","coordinates":[-121.74934613,38.54098819]},"properties":{"phone_id":"100000000356204.0","t":25612.5}},{"type":"Feature","geometry":{"type":"Point","coordinates":[-121.74910793,38.54103794]},"properties":{"phone_id":"100000000356213.0","t":25612.5}},{"type":"Feature","geometry":{"type":"Point","coordinates":[-121.74925104,38.54093167]},"properties":{"phone_id":"100000000356222.0","t":25612.5}},{"type":"Feature","geometry":{"type":"Point","coordinates":[-121.74959591,38.54100468]},"properties":{"phone_id":"100000000356231.0","t":25612.5}},{"type":"Feature","geometry":{"type":"Point","coordinates":[-121.74913303,38.54116845]},"properties":{"phone_id":"100000000356240.0","t":25612.5}},{"type":"Feature","geometry":{"type":"Point","coordinates":[-121.74915154,38.54090065]},"properties":{"phone_id":"100000000356259.0","t":25612.5}},{"type":"Feature","geometry":{"type":"Point","coordinates":[-121.74959253,38.54129871]},"properties":{"phone_id":"100000000356268.0","t":25612.5}},{"type":"Feature","geometry":{"type":"Point","coordinates":[-121.7495834,38.54101149]},"properties":{"phone_id":"100000000356277.0","t":25612.5}},{"type":"Feature","geometry":{"type":"Point","coordinates":[-121.74942211,38.54133341]},"properties":{"phone_id":"100000000353163.0","t":25615.0}},{"type":"Feature","geometry":{"type":"Point","coordinates":[-121.74964843,38.54109179]},"properties":{"phone_id":"100000000353680.0","t":25615.0}},{"type":"Feature","geometry":{"type":"Point","coordinates":[-121.74907417,38.54130183]},"properties":{"phone_id":"100000000354518.0","t":25615.0}},{"type":"Feature","geometry":{"type":"Point","coordinates":[-121.74912352,38.54091371]},"properties":{"phone_id":"100000000354741.0","t":25615.0}},{"type":"Feature","geometry":{"type":"Point","coordinates":[-121.74953212,38.541145]},"properties":{"phone_id":"100000000354787.0","t":25615.0}},{"type":"Feature","geometry":{"type":"Point","coordinates":[-121.7494388,38.54117084]},"properties":{"phone_id":"100000000355134.0","t":25615.0}},{"type":"Feature","geometry":{"type":"Point","coordinates":[-121.74952394,38.54097748]},"properties":{"phone_id":"100000000355143.0","t":25615.0}},{"type":"Feature","geometry":{"type":"Point","coordinates":[-121.74956879,38.54119152]},"properties":{"phone_id":"100000000355152.0","t":25615.0}},{"type":"Feature","geometry":{"type":"Point","coordinates":[-121.74946083,38.54096077]},"properties":{"phone_id":"100000000355170.0","t":25615.0}},{"type":"Feature","geometry":{"type":"Point","coordinates":[-121.74957085,38.54109691]},"properties":{"phone_id":"100000000355189.0","t":25615.0}},{"type":"Feature","geometry":{"type":"Point","coordinates":[-121.74949221,38.54117213]},"properties":{"phone_id":"100000000355214.0","t":25615.0}},{"type":"Feature","geometry":{"type":"Point","coordinates":[-121.7494424,38.5411464]},"properties":{"phone_id":"100000000355303.0","t":25615.0}},{"type":"Feature","geometry":{"type":"Point","coordinates":[-121.74919209,38.54117726]},"properties":{"phone_id":"100000000355321.0","t":25615.0}},{"type":"Feature","geometry":{"type":"Point","coordinates":[-121.74951334,38.54103761]},"properties":{"phone_id":"100000000355330.0","t":25615.0}},{"type":"Feature","geometry":{"type":"Point","coordinates":[-121.74928548,38.54123898]},"properties":{"phone_id":"100000000355349.0","t":25615.0}},{"type":"Feature","geometry":{"type":"Point","coordinates":[-121.74934775,38.54109322]},"properties":{"phone_id":"100000000355410.0","t":25615.0}},{"type":"Feature","geometry":{"type":"Point","coordinates":[-121.74934479,38.54124263]},"properties":{"phone_id":"100000000355447.0","t":25615.0}},{"type":"Feature","geometry":{"type":"Point","coordinates":[-121.74928713,38.54117367]},"properties":{"phone_id":"100000000355465.0","t":25615.0}},{"type":"Feature","geometry":{"type":"Point","coordinates":[-121.74935302,38.54100314]},"properties":{"phone_id":"100000000355474.0","t":25615.0}},{"type":"Feature","geometry":{"type":"Point","coordinates":[-121.74947812,38.54109274]},"properties":{"phone_id":"100000000355492.0","t":25615.0}},{"type":"Feature","geometry":{"type":"Point","coordinates":[-121.74954028,38.5410905]},"properties":{"phone_id":"100000000355508.0","t":25615.0}},{"type":"Feature","geometry":{"type":"Point","coordinates":[-121.74909622,38.541133]},"properties":{"phone_id":"100000000355526.0","t":25615.0}},{"type":"Feature","geometry":{"type":"Point","coordinates":[-121.74915386,38.54123071]},"properties":{"phone_id":"100000000355562.0","t":25615.0}},{"type":"Feature","geometry":{"type":"Point","coordinates":[-121.74961749,38.54088797]},"properties":{"phone_id":"100000000355571.0","t":25615.0}},{"type":"Feature","geometry":{"type":"Point","coordinates":[-121.74941472,38.54132933]},"properties":{"phone_id":"100000000355615.0","t":25615.0}},{"type":"Feature","geometry":{"type":"Point","coordinates":[-121.74963408,38.54133318]},"properties":{"phone_id":"100000000355624.0","t":25615.0}},{"type":"Feature","geometry":{"type":"Point","coordinates":[-121.74940598,38.54106387]},"properties":{"phone_id":"100000000355660.0","t":25615.0}},{"type":"Feature","geometry":{"type":"Point","coordinates":[-121.74941634,38.54104326]},"properties":{"phone_id":"100000000355679.0","t":25615.0}},{"type":"Feature","geometry":{"type":"Point","coordinates":[-121.74951139,38.54132494]},"properties":{"phone_id":"100000000355697.0","t":25615.0}},{"type":"Feature","geometry":{"type":"Point","coordinates":[-121.7492029,38.5409397]},"properties":{"phone_id":"100000000355704.0","t":25615.0}},{"type":"Feature","geometry":{"type":"Point","coordinates":[-121.74924471,38.54094982]},"properties":{"phone_id":"100000000355713.0","t":25615.0}},{"type":"Feature","geometry":{"type":"Point","coordinates":[-121.74936968,38.54107911]},"properties":{"phone_id":"100000000355722.0","t":25615.0}},{"type":"Feature","geometry":{"type":"Point","coordinates":[-121.74934315,38.54114837]},"properties":{"phone_id":"100000000355731.0","t":25615.0}},{"type":"Feature","geometry":{"type":"Point","coordinates":[-121.74943974,38.54108983]},"properties":{"phone_id":"100000000355740.0","t":25615.0}},{"type":"Feature","geometry":{"type":"Point","coordinates":[-121.74931608,38.54118569]},"properties":{"phone_id":"100000000355759.0","t":25615.0}},{"type":"Feature","geometry":{"type":"Point","coordinates":[-121.74940811,38.54105262]},"properties":{"phone_id":"100000000355768.0","t":25615.0}},{"type":"Feature","geometry":{"type":"Point","coordinates":[-121.7494826,38.54113477]},"properties":{"phone_id":"100000000355777.0","t":25615.0}},{"type":"Feature","geometry":{"type":"Point","coordinates":[-121.74932045,38.54107728]},"properties":{"phone_id":"100000000355786.0","t":25615.0}},{"type":"Feature","geometry":{"type":"Point","coordinates":[-121.74920786,38.54111344]},"properties":{"phone_id":"100000000355795.0","t":25615.0}},{"type":"Feature","geometry":{"type":"Point","coordinates":[-121.74951769,38.54112285]},"properties":{"phone_id":"100000000355802.0","t":25615.0}},{"type":"Feature","geometry":{"type":"Point","coordinates":[-121.74947836,38.54115018]},"properties":{"phone_id":"100000000355811.0","t":25615.0}},{"type":"Feature","geometry":{"type":"Point","coordinates":[-121.74933908,38.54120823]},"properties":{"phone_id":"100000000355820.0","t":25615.0}},{"type":"Feature","geometry":{"type":"Point","coordinates":[-121.74945489,38.54107237]},"properties":{"phone_id":"100000000355839.0","t":25615.0}},{"type":"Feature","geometry":{"type":"Point","coordinates":[-121.74942186,38.54100526]},"properties":{"phone_id":"100000000355848.0","t":25615.0}},{"type":"Feature","geometry":{"type":"Point","coordinates":[-121.74947527,38.54120813]},"properties":{"phone_id":"100000000355857.0","t":25615.0}},{"type":"Feature","geometry":{"type":"Point","coordinates":[-121.74935305,38.54108691]},"properties":{"phone_id":"100000000355866.0","t":25615.0}},{"type":"Feature","geometry":{"type":"Point","coordinates":[-121.74944257,38.54110945]},"properties":{"phone_id":"100000000355875.0","t":25615.0}},{"type":"Feature","geometry":{"type":"Point","coordinates":[-121.74928116,38.541081]},"properties":{"phone_id":"100000000355884.0","t":25615.0}},{"type":"Feature","geometry":{"type":"Point","coordinates":[-121.74944755,38.54121575]},"properties":{"phone_id":"100000000355893.0","t":25615.0}},{"type":"Feature","geometry":{"type":"Point","coordinates":[-121.74941105,38.54107694]},"properties":{"phone_id":"100000000355900.0","t":25615.0}},{"type":"Feature","geometry":{"type":"Point","coordinates":[-121.74939505,38.541116]},"properties":{"phone_id":"100000000355919.0","t":25615.0}},{"type":"Feature","geometry":{"type":"Point","coordinates":[-121.74931362,38.54106965]},"properties":{"phone_id":"100000000355928.0","t":25615.0}},{"type":"Feature","geometry":{"type":"Point","coordinates":[-121.74920316,38.54123391]},"properties":{"phone_id":"100000000355937.0","t":25615.0}},{"type":"Feature","geometry":{"type":"Point","coordinates":[-121.74936647,38.54109833]},"properties":{"phone_id":"100000000355946.0","t":25615.0}},{"type":"Feature","geometry":{"type":"Point","coordinates":[-121.74935979,38.54112676]},"properties":{"phone_id":"100000000355955.0","t":25615.0}},{"type":"Feature","geometry":{"type":"Point","coordinates":[-121.74907417,38.54094623]},"properties":{"phone_id":"100000000355964.0","t":25615.0}},{"type":"Feature","geometry":{"type":"Point","coordinates":[-121.74921505,38.54106795]},"properties":{"phone_id":"100000000355973.0","t":25615.0}},{"type":"Feature","geometry":{"type":"Point","coordinates":[-121.74932552,38.54110436]},"properties":{"phone_id":"100000000355982.0","t":25615.0}},{"type":"Feature","geometry":{"type":"Point","coordinates":[-121.74930309,38.5410972]},"properties":{"phone_id":"100000000355991.0","t":25615.0}},{"type":"Feature","geometry":{"type":"Point","coordinates":[-121.7493443,38.54114058]},"properties":{"phone_id":"100000000356008.0","t":25615.0}},{"type":"Feature","geometry":{"type":"Point","coordinates":[-121.74919604,38.54118843]},"properties":{"phone_id":"100000000356017.0","t":25615.0}},{"type":"Feature","geometry":{"type":"Point","coordinates":[-121.74918704,38.54097433]},"properties":{"phone_id":"100000000356026.0","t":25615.0}},{"type":"Feature","geometry":{"type":"Point","coordinates":[-121.74915781,38.5412073]},"properties":{"phone_id":"100000000356035.0","t":25615.0}},{"type":"Feature","geometry":{"type":"Point","coordinates":[-121.74954457,38.54104588]},"properties":{"phone_id":"100000000356044.0","t":25615.0}},{"type":"Feature","geometry":{"type":"Point","coordinates":[-121.74920306,38.54126435]},"properties":{"phone_id":"100000000356053.0","t":25615.0}},{"type":"Feature","geometry":{"type":"Point","coordinates":[-121.74926159,38.54100041]},"properties":{"phone_id":"100000000356062.0","t":25615.0}},{"type":"Feature","geometry":{"type":"Point","coordinates":[-121.74955702,38.54095798]},"properties":{"phone_id":"100000000356071.0","t":25615.0}},{"type":"Feature","geometry":{"type":"Point","coordinates":[-121.74943126,38.54115973]},"properties":{"phone_id":"100000000356080.0","t":25615.0}},{"type":"Feature","geometry":{"type":"Point","coordinates":[-121.74946918,38.5412137]},"properties":{"phone_id":"100000000356099.0","t":25615.0}},{"type":"Feature","geometry":{"type":"Point","coordinates":[-121.74931995,38.54113973]},"properties":{"phone_id":"100000000356106.0","t":25615.0}},{"type":"Feature","geometry":{"type":"Point","coordinates":[-121.74930406,38.54106026]},"properties":{"phone_id":"100000000356115.0","t":25615.0}},{"type":"Feature","geometry":{"type":"Point","coordinates":[-121.74929955,38.54110276]},"properties":{"phone_id":"100000000356124.0","t":25615.0}},{"type":"Feature","geometry":{"type":"Point","coordinates":[-121.74940856,38.54110281]},"properties":{"phone_id":"100000000356133.0","t":25615.0}},{"type":"Feature","geometry":{"type":"Point","coordinates":[-121.74937738,38.54119248]},"properties":{"phone_id":"100000000356142.0","t":25615.0}},{"type":"Feature","geometry":{"type":"Point","coordinates":[-121.74947381,38.54113929]},"properties":{"phone_id":"100000000356151.0","t":25615.0}},{"type":"Feature","geometry":{"type":"Point","coordinates":[-121.74925263,38.54110495]},"properties":{"phone_id":"100000000356160.0","t":25615.0}},{"type":"Feature","geometry":{"type":"Point","coordinates":[-121.74964843,38.54113113]},"properties":{"phone_id":"100000000356179.0","t":25615.0}},{"type":"Feature","geometry":{"type":"Point","coordinates":[-121.7494786,38.54100429]},"properties":{"phone_id":"100000000356188.0","t":25615.0}},{"type":"Feature","geometry":{"type":"Point","coordinates":[-121.74930003,38.54100466]},"properties":{"phone_id":"100000000356197.0","t":25615.0}},{"type":"Feature","geometry":{"type":"Point","coordinates":[-121.74934856,38.54104096]},"properties":{"phone_id":"100000000356204.0","t":25615.0}},{"type":"Feature","geometry":{"type":"Point","coordinates":[-121.74914216,38.5410437]},"properties":{"phone_id":"100000000356213.0","t":25615.0}},{"type":"Feature","geometry":{"type":"Point","coordinates":[-121.74928874,38.5409784]},"properties":{"phone_id":"100000000356222.0","t":25615.0}},{"type":"Feature","geometry":{"type":"Point","coordinates":[-121.74954131,38.541027]},"properties":{"phone_id":"100000000356231.0","t":25615.0}},{"type":"Feature","geometry":{"type":"Point","coordinates":[-121.74919197,38.54115458]},"properties":{"phone_id":"100000000356240.0","t":25615.0}},{"type":"Feature","geometry":{"type":"Point","coordinates":[-121.74917061,38.54091958]},"properties":{"phone_id":"100000000356259.0","t":25615.0}},{"type":"Feature","geometry":{"type":"Point","coordinates":[-121.7495471,38.54126426]},"properties":{"phone_id":"100000000356268.0","t":25615.0}},{"type":"Feature","geometry":{"type":"Point","coordinates":[-121.74952006,38.5410371]},"properties":{"phone_id":"100000000356277.0","t":25615.0}},{"type":"Feature","geometry":{"type":"Point","coordinates":[-121.74921726,38.54090579]},"properties":{"phone_id":"100000000356286.0","t":25615.0}},{"type":"Feature","geometry":{"type":"Point","coordinates":[-121.74914026,38.54111479]},"properties":{"phone_id":"100000000356295.0","t":25615.0}},{"type":"Feature","geometry":{"type":"Point","coordinates":[-121.74957716,38.54129557]},"properties":{"phone_id":"100000000356302.0","t":25615.0}},{"type":"Feature","geometry":{"type":"Point","coordinates":[-121.74913296,38.54120923]},"properties":{"phone_id":"100000000356311.0","t":25615.0}},{"type":"Feature","geometry":{"type":"Point","coordinates":[-121.74958764,38.54111002]},"properties":{"phone_id":"100000000356320.0","t":25615.0}},{"type":"Feature","geometry":{"type":"Point","coordinates":[-121.74957919,38.54090477]},"properties":{"phone_id":"100000000356339.0","t":25615.0}},{"type":"Feature","geometry":{"type":"Point","coordinates":[-121.74957815,38.54110295]},"properties":{"phone_id":"100000000356348.0","t":25615.0}},{"type":"Feature","geometry":{"type":"Point","coordinates":[-121.74942211,38.54133341]},"properties":{"phone_id":"100000000353163.0","t":25617.5}},{"type":"Feature","geometry":{"type":"Point","coordinates":[-121.74964843,38.54109179]},"properties":{"phone_id":"100000000353680.0","t":25617.5}},{"type":"Feature","geometry":{"type":"Point","coordinates":[-121.74907417,38.54130183]},"properties":{"phone_id":"100000000354518.0","t":25617.5}},{"type":"Feature","geometry":{"type":"Point","coordinates":[-121.74910635,38.54089518]},"properties":{"phone_id":"100000000354741.0","t":25617.5}},{"type":"Feature","geometry":{"type":"Point","coordinates":[-121.74953212,38.541145]},"properties":{"phone_id":"100000000354787.0","t":25617.5}},{"type":"Feature","geometry":{"type":"Point","coordinates":[-121.74946073,38.54118634]},"properties":{"phone_id":"100000000355134.0","t":25617.5}},{"type":"Feature","geometry":{"type":"Point","coordinates":[-121.74954214,38.54095684]},"properties":{"phone_id":"100000000355143.0","t":25617.5}},{"type":"Feature","geometry":{"type":"Point","coordinates":[-121.74959859,38.54120485]},"properties":{"phone_id":"100000000355152.0","t":25617.5}},{"type":"Feature","geometry":{"type":"Point","coordinates":[-121.74947443,38.54093791]},"properties":{"phone_id":"100000000355170.0","t":25617.5}},{"type":"Feature","geometry":{"type":"Point","coordinates":[-121.74960105,38.54108401]},"properties":{"phone_id":"100000000355189.0","t":25617.5}},{"type":"Feature","geometry":{"type":"Point","coordinates":[-121.74951865,38.54118142]},"properties":{"phone_id":"100000000355214.0","t":25617.5}},{"type":"Feature","geometry":{"type":"Point","coordinates":[-121.74946442,38.54116392]},"properties":{"phone_id":"100000000355303.0","t":25617.5}},{"type":"Feature","geometry":{"type":"Point","coordinates":[-121.74916354,38.54118681]},"properties":{"phone_id":"100000000355321.0","t":25617.5}},{"type":"Feature","geometry":{"type":"Point","coordinates":[-121.74954155,38.54101965]},"properties":{"phone_id":"100000000355330.0","t":25617.5}},{"type":"Feature","geometry":{"type":"Point","coordinates":[-121.74927395,38.54126492]},"properties":{"phone_id":"100000000355349.0","t":25617.5}},{"type":"Feature","geometry":{"type":"Point","coordinates":[-121.74939378,38.54106419]},"properties":{"phone_id":"100000000355410.0","t":25617.5}},{"type":"Feature","geometry":{"type":"Point","coordinates":[-121.74934794,38.54127028]},"properties":{"phone_id":"100000000355447.0","t":25617.5}},{"type":"Feature","geometry":{"type":"Point","coordinates":[-121.74926074,38.54118259]},"properties":{"phone_id":"100000000355465.0","t":25617.5}},{"type":"Feature","geometry":{"type":"Point","coordinates":[-121.74935314,38.54097439]},"properties":{"phone_id":"100000000355474.0","t":25617.5}},{"type":"Feature","geometry":{"type":"Point","coordinates":[-121.74950914,38.54109467]},"properties":{"phone_id":"100000000355492.0","t":25617.5}},{"type":"Feature","geometry":{"type":"Point","coordinates":[-121.74950431,38.54108822]},"properties":{"phone_id":"100000000355508.0","t":25617.5}},{"type":"Feature","geometry":{"type":"Point","coordinates":[-121.74907417,38.54112712]},"properties":{"phone_id":"100000000355526.0","t":25617.5}},{"type":"Feature","geometry":{"type":"Point","coordinates":[-121.74910389,38.54127093]},"properties":{"phone_id":"100000000355562.0","t":25617.5}},{"type":"Feature","geometry":{"type":"Point","coordinates":[-121.74964843,38.54088299]},"properties":{"phone_id":"100000000355571.0","t":25617.5}},{"type":"Feature","geometry":{"type":"Point","coordinates":[-121.74942155,38.54133341]},"properties":{"phone_id":"100000000355615.0","t":25617.5}},{"type":"Feature","geometry":{"type":"Point","coordinates":[-121.74964843,38.54133341]},"properties":{"phone_id":"100000000355624.0","t":25617.5}},{"type":"Feature","geometry":{"type":"Point","coordinates":[-121.74943629,38.54106326]},"properties":{"phone_id":"100000000355660.0","t":25617.5}},{"type":"Feature","geometry":{"type":"Point","coordinates":[-121.74943104,38.54101655]},"properties":{"phone_id":"100000000355679.0","t":25617.5}},{"type":"Feature","geometry":{"type":"Point","coordinates":[-121.74955225,38.54133341]},"properties":{"phone_id":"100000000355697.0","t":25617.5}},{"type":"Feature","geometry":{"type":"Point","coordinates":[-121.74916767,38.54089562]},"properties":{"phone_id":"100000000355704.0","t":25617.5}},{"type":"Feature","geometry":{"type":"Point","coordinates":[-121.74921119,38.54090236]},"properties":{"phone_id":"100000000355713.0","t":25617.5}},{"type":"Feature","geometry":{"type":"Point","coordinates":[-121.74934033,38.5410966]},"properties":{"phone_id":"100000000355722.0","t":25617.5}},{"type":"Feature","geometry":{"type":"Point","coordinates":[-121.74935628,38.54112773]},"properties":{"phone_id":"100000000355731.0","t":25617.5}},{"type":"Feature","geometry":{"type":"Point","coordinates":[-121.74941654,38.54107341]},"properties":{"phone_id":"100000000355740.0","t":25617.5}},{"type":"Feature","geometry":{"type":"Point","coordinates":[-121.74933552,38.54116682]},"properties":{"phone_id":"100000000355759.0","t":25617.5}},{"type":"Feature","geometry":{"type":"Point","coordinates":[-121.749382,38.54107246]},"properties":{"phone_id":"100000000355768.0","t":25617.5}},{"type":"Feature","geometry":{"type":"Point","coordinates":[-121.74951842,38.54113679]},"properties":{"phone_id":"100000000355777.0","t":25617.5}},{"type":"Feature","geometry":{"type":"Point","coordinates":[-121.74935473,38.54106635]},"properties":{"phone_id":"100000000355786.0","t":25617.5}},{"type":"Feature","geometry":{"type":"Point","coordinates":[-121.74913398,38.54111655]},"properties":{"phone_id":"100000000355795.0","t":25617.5}},{"type":"Feature","geometry":{"type":"Point","coordinates":[-121.74959164,38.54112408]},"properties":{"phone_id":"100000000355802.0","t":25617.5}},{"type":"Feature","geometry":{"type":"Point","coordinates":[-121.74944956,38.54114829]},"properties":{"phone_id":"100000000355811.0","t":25617.5}},{"type":"Feature","geometry":{"type":"Point","coordinates":[-121.74932597,38.54126366]},"properties":{"phone_id":"100000000355820.0","t":25617.5}},{"type":"Feature","geometry":{"type":"Point","coordinates":[-121.74951833,38.54106803]},"properties":{"phone_id":"100000000355839.0","t":25617.5}},{"type":"Feature","geometry":{"type":"Point","coordinates":[-121.7494049,38.5410251]},"properties":{"phone_id":"100000000355848.0","t":25617.5}},{"type":"Feature","geometry":{"type":"Point","coordinates":[-121.74944661,38.54119064]},"properties":{"phone_id":"100000000355857.0","t":25617.5}},{"type":"Feature","geometry":{"type":"Point","coordinates":[-121.74933121,38.5410397]},"properties":{"phone_id":"100000000355866.0","t":25617.5}},{"type":"Feature","geometry":{"type":"Point","coordinates":[-121.74951582,38.54111711]},"properties":{"phone_id":"100000000355875.0","t":25617.5}},{"type":"Feature","geometry":{"type":"Point","coordinates":[-121.74931568,38.54111759]},"properties":{"phone_id":"100000000355884.0","t":25617.5}},{"type":"Feature","geometry":{"type":"Point","coordinates":[-121.74943411,38.54119236]},"properties":{"phone_id":"100000000355893.0","t":25617.5}},{"type":"Feature","geometry":{"type":"Point","coordinates":[-121.74936567,38.54111547]},"properties":{"phone_id":"100000000355900.0","t":25617.5}},{"type":"Feature","geometry":{"type":"Point","coordinates":[-121.74934677,38.54107796]},"properties":{"phone_id":"100000000355919.0","t":25617.5}},{"type":"Feature","geometry":{"type":"Point","coordinates":[-121.74936307,38.54109803]},"properties":{"phone_id":"100000000355928.0","t":25617.5}},{"type":"Feature","geometry":{"type":"Point","coordinates":[-121.74922823,38.54121571]},"properties":{"phone_id":"100000000355937.0","t":25617.5}},{"type":"Feature","geometry":{"type":"Point","coordinates":[-121.74942497,38.54111908]},"properties":{"phone_id":"100000000355946.0","t":25617.5}},{"type":"Feature","geometry":{"type":"Point","coordinates":[-121.74931263,38.54108794]},"properties":{"phone_id":"100000000355955.0","t":25617.5}},{"type":"Feature","geometry":{"type":"Point","coordinates":[-121.74907417,38.54094623]},"properties":{"phone_id":"100000000355964.0","t":25617.5}},{"type":"Feature","geometry":{"type":"Point","coordinates":[-121.74925035,38.54106898]},"properties":{"phone_id":"100000000355973.0","t":25617.5}},{"type":"Feature","geometry":{"type":"Point","coordinates":[-121.7493889,38.54108703]},"properties":{"phone_id":"100000000355982.0","t":25617.5}},{"type":"Feature","geometry":{"type":"Point","coordinates":[-121.7493577,38.541121]},"properties":{"phone_id":"100000000355991.0","t":25617.5}},{"type":"Feature","geometry":{"type":"Point","coordinates":[-121.74941182,38.54114231]},"properties":{"phone_id":"100000000356008.0","t":25617.5}},{"type":"Feature","geometry":{"type":"Point","coordinates":[-121.74922733,38.54118067]},"properties":{"phone_id":"100000000356017.0","t":25617.5}},{"type":"Feature","geometry":{"type":"Point","coordinates":[-121.74921469,38.54098949]},"properties":{"phone_id":"100000000356026.0","t":25617.5}},{"type":"Feature","geometry":{"type":"Point","coordinates":[-121.749177,38.54118808]},"properties":{"phone_id":"100000000356035.0","t":25617.5}},{"type":"Feature","geometry":{"type":"Point","coordinates":[-121.74952,38.5410594]},"properties":{"phone_id":"100000000356044.0","t":25617.5}},{"type":"Feature","geometry":{"type":"Point","coordinates":[-121.74922414,38.54124765]},"properties":{"phone_id":"100000000356053.0","t":25617.5}},{"type":"Feature","geometry":{"type":"Point","coordinates":[-121.7493083,38.54102762]},"properties":{"phone_id":"100000000356062.0","t":25617.5}},{"type":"Feature","geometry":{"type":"Point","coordinates":[-121.74953597,38.54097671]},"properties":{"phone_id":"100000000356071.0","t":25617.5}},{"type":"Feature","geometry":{"type":"Point","coordinates":[-121.74937833,38.54112343]},"properties":{"phone_id":"100000000356080.0","t":25617.5}},{"type":"Feature","geometry":{"type":"Point","coordinates":[-121.7494263,38.54118294]},"properties":{"phone_id":"100000000356099.0","t":25617.5}},{"type":"Feature","geometry":{"type":"Point","coordinates":[-121.74938098,38.54114646]},"properties":{"phone_id":"100000000356106.0","t":25617.5}},{"type":"Feature","geometry":{"type":"Point","coordinates":[-121.74932758,38.54110595]},"properties":{"phone_id":"100000000356115.0","t":25617.5}},{"type":"Feature","geometry":{"type":"Point","coordinates":[-121.74936004,38.54107565]},"properties":{"phone_id":"100000000356124.0","t":25617.5}},{"type":"Feature","geometry":{"type":"Point","coordinates":[-121.74934768,38.54109725]},"properties":{"phone_id":"100000000356133.0","t":25617.5}},{"type":"Feature","geometry":{"type":"Point","coordinates":[-121.74937591,38.54114544]},"properties":{"phone_id":"100000000356142.0","t":25617.5}},{"type":"Feature","geometry":{"type":"Point","coordinates":[-121.74941405,38.54112032]},"properties":{"phone_id":"100000000356151.0","t":25617.5}},{"type":"Feature","geometry":{"type":"Point","coordinates":[-121.74931106,38.5411181]},"properties":{"phone_id":"100000000356160.0","t":25617.5}},{"type":"Feature","geometry":{"type":"Point","coordinates":[-121.74964843,38.54113113]},"properties":{"phone_id":"100000000356179.0","t":25617.5}},{"type":"Feature","geometry":{"type":"Point","coordinates":[-121.74945157,38.54104471]},"properties":{"phone_id":"100000000356188.0","t":25617.5}},{"type":"Feature","geometry":{"type":"Point","coordinates":[-121.74932873,38.54104398]},"properties":{"phone_id":"100000000356197.0","t":25617.5}},{"type":"Feature","geometry":{"type":"Point","coordinates":[-121.74934834,38.54109376]},"properties":{"phone_id":"100000000356204.0","t":25617.5}},{"type":"Feature","geometry":{"type":"Point","coordinates":[-121.74917657,38.54104878]},"properties":{"phone_id":"100000000356213.0","t":25617.5}},{"type":"Feature","geometry":{"type":"Point","coordinates":[-121.74932236,38.541027]},"properties":{"phone_id":"100000000356222.0","t":25617.5}},{"type":"Feature","geometry":{"type":"Point","coordinates":[-121.74948755,38.54105053]},"properties":{"phone_id":"100000000356231.0","t":25617.5}},{"type":"Feature","geometry":{"type":"Point","coordinates":[-121.74925187,38.54114351]},"properties":{"phone_id":"100000000356240.0","t":25617.5}},{"type":"Feature","geometry":{"type":"Point","coordinates":[-121.74918901,38.54093892]},"properties":{"phone_id":"100000000356259.0","t":25617.5}},{"type":"Feature","geometry":{"type":"Point","coordinates":[-121.74950176,38.54122973]},"properties":{"phone_id":"100000000356268.0","t":25617.5}},{"type":"Feature","geometry":{"type":"Point","coordinates":[-121.74945697,38.54106308]},"properties":{"phone_id":"100000000356277.0","t":25617.5}},{"type":"Feature","geometry":{"type":"Point","coordinates":[-121.74922632,38.54092926]},"properties":{"phone_id":"100000000356286.0","t":25617.5}},{"type":"Feature","geometry":{"type":"Point","coordinates":[-121.74920635,38.54111315]},"properties":{"phone_id":"100000000356295.0","t":25617.5}},{"type":"Feature","geometry":{"type":"Point","coordinates":[-121.7495256,38.54125843]},"properties":{"phone_id":"100000000356302.0","t":25617.5}},{"type":"Feature","geometry":{"type":"Point","coordinates":[-121.74919033,38.54118598]},"properties":{"phone_id":"100000000356311.0","t":25617.5}},{"type":"Feature","geometry":{"type":"Point","coordinates":[-121.74952719,38.541104]},"properties":{"phone_id":"100000000356320.0","t":25617.5}},{"type":"Feature","geometry":{"type":"Point","coordinates":[-121.74956297,38.54092774]},"properties":{"phone_id":"100000000356339.0","t":25617.5}},{"type":"Feature","geometry":{"type":"Point","coordinates":[-121.74950797,38.54110578]},"properties":{"phone_id":"100000000356348.0","t":25617.5}},{"type":"Feature","geometry":{"type":"Point","coordinates":[-121.74923579,38.54088299]},"properties":{"phone_id":"100000000356357.0","t":25617.5}},{"type":"Feature","geometry":{"type":"Point","coordinates":[-121.74907417,38.54116966]},"properties":{"phone_id":"100000000356366.0","t":25617.5}},{"type":"Feature","geometry":{"type":"Point","coordinates":[-121.74928589,38.54088299]},"properties":{"phone_id":"100000000356375.0","t":25617.5}},{"type":"Feature","geometry":{"type":"Point","coordinates":[-121.74934138,38.54133341]},"properties":{"phone_id":"100000000356384.0","t":25617.5}},{"type":"Feature","geometry":{"type":"Point","coordinates":[-121.74957848,38.54088299]},"properties":{"phone_id":"100000000356393.0","t":25617.5}},{"type":"Feature","geometry":{"type":"Point","coordinates":[-121.7494872,38.54088299]},"properties":{"phone_id":"100000000356400.0","t":25617.5}},{"type":"Feature","geometry":{"type":"Point","coordinates":[-121.74942211,38.54133341]},"properties":{"phone_id":"100000000353163.0","t":25620.0}},{"type":"Feature","geometry":{"type":"Point","coordinates":[-121.74964843,38.54109179]},"properties":{"phone_id":"100000000353680.0","t":25620.0}},{"type":"Feature","geometry":{"type":"Point","coordinates":[-121.74907417,38.54130183]},"properties":{"phone_id":"100000000354518.0","t":25620.0}},{"type":"Feature","geometry":{"type":"Point","coordinates":[-121.74908892,38.54088299]},"properties":{"phone_id":"100000000354741.0","t":25620.0}},{"type":"Feature","geometry":{"type":"Point","coordinates":[-121.74953212,38.541145]},"properties":{"phone_id":"100000000354787.0","t":25620.0}},{"type":"Feature","geometry":{"type":"Point","coordinates":[-121.7494836,38.54120099]},"properties":{"phone_id":"100000000355134.0","t":25620.0}},{"type":"Feature","geometry":{"type":"Point","coordinates":[-121.74955857,38.54093531]},"properties":{"phone_id":"100000000355143.0","t":25620.0}},{"type":"Feature","geometry":{"type":"Point","coordinates":[-121.74962763,38.54121918]},"properties":{"phone_id":"100000000355152.0","t":25620.0}},{"type":"Feature","geometry":{"type":"Point","coordinates":[-121.74948561,38.54091426]},"properties":{"phone_id":"100000000355170.0","t":25620.0}},{"type":"Feature","geometry":{"type":"Point","coordinates":[-121.74963013,38.54106959]},"properties":{"phone_id":"100000000355189.0","t":25620.0}},{"type":"Feature","geometry":{"type":"Point","coordinates":[-121.74954601,38.54118889]},"properties":{"phone_id":"100000000355214.0","t":25620.0}},{"type":"Feature","geometry":{"type":"Point","coordinates":[-121.74948778,38.54118034]},"properties":{"phone_id":"100000000355303.0","t":25620.0}},{"type":"Feature","geometry":{"type":"Point","coordinates":[-121.74913523,38.54119681]},"properties":{"phone_id":"100000000355321.0","t":25620.0}},{"type":"Feature","geometry":{"type":"Point","coordinates":[-121.74957082,38.54100276]},"properties":{"phone_id":"100000000355330.0","t":25620.0}},{"type":"Feature","geometry":{"type":"Point","coordinates":[-121.74926353,38.54129115]},"properties":{"phone_id":"100000000355349.0","t":25620.0}},{"type":"Feature","geometry":{"type":"Point","coordinates":[-121.74944279,38.54103835]},"properties":{"phone_id":"100000000355410.0","t":25620.0}},{"type":"Feature","geometry":{"type":"Point","coordinates":[-121.74935148,38.5412979]},"properties":{"phone_id":"100000000355447.0","t":25620.0}},{"type":"Feature","geometry":{"type":"Point","coordinates":[-121.74923348,38.54118973]},"properties":{"phone_id":"100000000355465.0","t":25620.0}},{"type":"Feature","geometry":{"type":"Point","coordinates":[-121.74935012,38.54094574]},"properties":{"phone_id":"100000000355474.0","t":25620.0}},{"type":"Feature","geometry":{"type":"Point","coordinates":[-121.74954014,38.54109678]},"properties":{"phone_id":"100000000355492.0","t":25620.0}},{"type":"Feature","geometry":{"type":"Point","coordinates":[-121.74946858,38.54108426]},"properties":{"phone_id":"100000000355508.0","t":25620.0}},{"type":"Feature","geometry":{"type":"Point","coordinates":[-121.74907417,38.54112111]},"properties":{"phone_id":"100000000355526.0","t":25620.0}},{"type":"Feature","geometry":{"type":"Point","coordinates":[-121.74907417,38.54131178]},"properties":{"phone_id":"100000000355562.0","t":25620.0}},{"type":"Feature","geometry":{"type":"Point","coordinates":[-121.74964843,38.54088299]},"properties":{"phone_id":"100000000355571.0","t":25620.0}},{"type":"Feature","geometry":{"type":"Point","coordinates":[-121.74942658,38.54133341]},"properties":{"phone_id":"100000000355615.0","t":25620.0}},{"type":"Feature","geometry":{"type":"Point","coordinates":[-121.74964843,38.54133341]},"properties":{"phone_id":"100000000355624.0","t":25620.0}},{"type":"Feature","geometry":{"type":"Point","coordinates":[-121.7494665,38.5410613]},"properties":{"phone_id":"100000000355660.0","t":25620.0}},{"type":"Feature","geometry":{"type":"Point","coordinates":[-121.74944764,38.54099054]},"properties":{"phone_id":"100000000355679.0","t":25620.0}},{"type":"Feature","geometry":{"type":"Point","coordinates":[-121.74959593,38.54133341]},"properties":{"phone_id":"100000000355697.0","t":25620.0}},{"type":"Feature","geometry":{"type":"Point","coordinates":[-121.74913042,38.54088299]},"properties":{"phone_id":"100000000355704.0","t":25620.0}},{"type":"Feature","geometry":{"type":"Point","coordinates":[-121.74917341,38.54088299]},"properties":{"phone_id":"100000000355713.0","t":25620.0}},{"type":"Feature","geometry":{"type":"Point","coordinates":[-121.74931124,38.54111436]},"properties":{"phone_id":"100000000355722.0","t":25620.0}},{"type":"Feature","geometry":{"type":"Point","coordinates":[-121.74936753,38.54110642]},"properties":{"phone_id":"100000000355731.0","t":25620.0}},{"type":"Feature","geometry":{"type":"Point","coordinates":[-121.74939486,38.54105576]},"properties":{"phone_id":"100000000355740.0","t":25620.0}},{"type":"Feature","geometry":{"type":"Point","coordinates":[-121.74935367,38.54114718]},"properties":{"phone_id":"100000000355759.0","t":25620.0}},{"type":"Feature","geometry":{"type":"Point","coordinates":[-121.74935617,38.54109252]},"properties":{"phone_id":"100000000355768.0","t":25620.0}},{"type":"Feature","geometry":{"type":"Point","coordinates":[-121.74955433,38.54113687]},"properties":{"phone_id":"100000000355777.0","t":25620.0}},{"type":"Feature","geometry":{"type":"Point","coordinates":[-121.74938906,38.54105551]},"properties":{"phone_id":"100000000355786.0","t":25620.0}},{"type":"Feature","geometry":{"type":"Point","coordinates":[-121.74907417,38.54112424]},"properties":{"phone_id":"100000000355795.0","t":25620.0}},{"type":"Feature","geometry":{"type":"Point","coordinates":[-121.74964843,38.54112975]},"properties":{"phone_id":"100000000355802.0","t":25620.0}},{"type":"Feature","geometry":{"type":"Point","coordinates":[-121.74942078,38.54114621]},"properties":{"phone_id":"100000000355811.0","t":25620.0}},{"type":"Feature","geometry":{"type":"Point","coordinates":[-121.74931617,38.54131951]},"properties":{"phone_id":"100000000355820.0","t":25620.0}},{"type":"Feature","geometry":{"type":"Point","coordinates":[-121.74958189,38.54106484]},"properties":{"phone_id":"100000000355839.0","t":25620.0}},{"type":"Feature","geometry":{"type":"Point","coordinates":[-121.74938666,38.54104422]},"properties":{"phone_id":"100000000355848.0","t":25620.0}},{"type":"Feature","geometry":{"type":"Point","coordinates":[-121.74941672,38.54117448]},"properties":{"phone_id":"100000000355857.0","t":25620.0}},{"type":"Feature","geometry":{"type":"Point","coordinates":[-121.74930999,38.54099232]},"properties":{"phone_id":"100000000355866.0","t":25620.0}},{"type":"Feature","geometry":{"type":"Point","coordinates":[-121.74958932,38.54112317]},"properties":{"phone_id":"100000000355875.0","t":25620.0}},{"type":"Feature","geometry":{"type":"Point","coordinates":[-121.74934665,38.54115607]},"properties":{"phone_id":"100000000355884.0","t":25620.0}},{"type":"Feature","geometry":{"type":"Point","coordinates":[-121.74942242,38.5411684]},"properties":{"phone_id":"100000000355893.0","t":25620.0}},{"type":"Feature","geometry":{"type":"Point","coordinates":[-121.74932456,38.54115684]},"properties":{"phone_id":"100000000355900.0","t":25620.0}},{"type":"Feature","geometry":{"type":"Point","coordinates":[-121.74929507,38.5410428]},"properties":{"phone_id":"100000000355919.0","t":25620.0}},{"type":"Feature","geometry":{"type":"Point","coordinates":[-121.74940959,38.54112931]},"properties":{"phone_id":"100000000355928.0","t":25620.0}},{"type":"Feature","geometry":{"type":"Point","coordinates":[-121.74925501,38.54119907]},"properties":{"phone_id":"100000000355937.0","t":25620.0}},{"type":"Feature","geometry":{"type":"Point","coordinates":[-121.74948128,38.54114326]},"properties":{"phone_id":"100000000355946.0","t":25620.0}},{"type":"Feature","geometry":{"type":"Point","coordinates":[-121.74926679,38.54104814]},"properties":{"phone_id":"100000000355955.0","t":25620.0}},{"type":"Feature","geometry":{"type":"Point","coordinates":[-121.74907417,38.54094623]},"properties":{"phone_id":"100000000355964.0","t":25620.0}},{"type":"Feature","geometry":{"type":"Point","coordinates":[-121.74928568,38.54106916]},"properties":{"phone_id":"100000000355973.0","t":25620.0}},{"type":"Feature","geometry":{"type":"Point","coordinates":[-121.74945095,38.54106696]},"properties":{"phone_id":"100000000355982.0","t":25620.0}},{"type":"Feature","geometry":{"type":"Point","coordinates":[-121.74941464,38.54114116]},"properties":{"phone_id":"100000000355991.0","t":25620.0}},{"type":"Feature","geometry":{"type":"Point","coordinates":[-121.74947936,38.54114331]},"properties":{"phone_id":"100000000356008.0","t":25620.0}},{"type":"Feature","geometry":{"type":"Point","coordinates":[-121.74925932,38.54117489]},"properties":{"phone_id":"100000000356017.0","t":25620.0}},{"type":"Feature","geometry":{"type":"Point","coordinates":[-121.74924387,38.54100275]},"properties":{"phone_id":"100000000356026.0","t":25620.0}},{"type":"Feature","geometry":{"type":"Point","coordinates":[-121.74919403,38.54116765]},"properties":{"phone_id":"100000000356035.0","t":25620.0}},{"type":"Feature","geometry":{"type":"Point","coordinates":[-121.74949607,38.5410736]},"properties":{"phone_id":"100000000356044.0","t":25620.0}},{"type":"Feature","geometry":{"type":"Point","coordinates":[-121.7492436,38.54122978]},"properties":{"phone_id":"100000000356053.0","t":25620.0}},{"type":"Feature","geometry":{"type":"Point","coordinates":[-121.74935612,38.54105363]},"properties":{"phone_id":"100000000356062.0","t":25620.0}},{"type":"Feature","geometry":{"type":"Point","coordinates":[-121.74951665,38.54099655]},"properties":{"phone_id":"100000000356071.0","t":25620.0}},{"type":"Feature","geometry":{"type":"Point","coordinates":[-121.74932875,38.54108433]},"properties":{"phone_id":"100000000356080.0","t":25620.0}},{"type":"Feature","geometry":{"type":"Point","coordinates":[-121.74938234,38.54115314]},"properties":{"phone_id":"100000000356099.0","t":25620.0}},{"type":"Feature","geometry":{"type":"Point","coordinates":[-121.74944248,38.54114974]},"properties":{"phone_id":"100000000356106.0","t":25620.0}},{"type":"Feature","geometry":{"type":"Point","coordinates":[-121.74934823,38.54115248]},"properties":{"phone_id":"100000000356115.0","t":25620.0}},{"type":"Feature","geometry":{"type":"Point","coordinates":[-121.74942288,38.54105206]},"properties":{"phone_id":"100000000356124.0","t":25620.0}},{"type":"Feature","geometry":{"type":"Point","coordinates":[-121.74928649,38.54109434]},"properties":{"phone_id":"100000000356133.0","t":25620.0}},{"type":"Feature","geometry":{"type":"Point","coordinates":[-121.74937346,38.54109842]},"properties":{"phone_id":"100000000356142.0","t":25620.0}},{"type":"Feature","geometry":{"type":"Point","coordinates":[-121.74935361,38.54110272]},"properties":{"phone_id":"100000000356151.0","t":25620.0}},{"type":"Feature","geometry":{"type":"Point","coordinates":[-121.74937041,38.5411284]},"properties":{"phone_id":"100000000356160.0","t":25620.0}},{"type":"Feature","geometry":{"type":"Point","coordinates":[-121.74964843,38.54113113]},"properties":{"phone_id":"100000000356179.0","t":25620.0}},{"type":"Feature","geometry":{"type":"Point","coordinates":[-121.74942037,38.54108325]},"properties":{"phone_id":"100000000356188.0","t":25620.0}},{"type":"Feature","geometry":{"type":"Point","coordinates":[-121.74936066,38.54108174]},"properties":{"phone_id":"100000000356197.0","t":25620.0}},{"type":"Feature","geometry":{"type":"Point","coordinates":[-121.74934855,38.54114656]},"properties":{"phone_id":"100000000356204.0","t":25620.0}},{"type":"Feature","geometry":{"type":"Point","coordinates":[-121.74921088,38.54105423]},"properties":{"phone_id":"100000000356213.0","t":25620.0}},{"type":"Feature","geometry":{"type":"Point","coordinates":[-121.74935458,38.54107618]},"properties":{"phone_id":"100000000356222.0","t":25620.0}},{"type":"Feature","geometry":{"type":"Point","coordinates":[-121.74943489,38.54107554]},"properties":{"phone_id":"100000000356231.0","t":25620.0}},{"type":"Feature","geometry":{"type":"Point","coordinates":[-121.74931256,38.54113554]},"properties":{"phone_id":"100000000356240.0","t":25620.0}},{"type":"Feature","geometry":{"type":"Point","coordinates":[-121.74920802,38.5409579]},"properties":{"phone_id":"100000000356259.0","t":25620.0}},{"type":"Feature","geometry":{"type":"Point","coordinates":[-121.7494572,38.54119458]},"properties":{"phone_id":"100000000356268.0","t":25620.0}},{"type":"Feature","geometry":{"type":"Point","coordinates":[-121.7493914,38.54108496]},"properties":{"phone_id":"100000000356277.0","t":25620.0}},{"type":"Feature","geometry":{"type":"Point","coordinates":[-121.74923725,38.54095223]},"properties":{"phone_id":"100000000356286.0","t":25620.0}},{"type":"Feature","geometry":{"type":"Point","coordinates":[-121.74927246,38.54111195]},"properties":{"phone_id":"100000000356295.0","t":25620.0}},{"type":"Feature","geometry":{"type":"Point","coordinates":[-121.74947186,38.54122323]},"properties":{"phone_id":"100000000356302.0","t":25620.0}},{"type":"Feature","geometry":{"type":"Point","coordinates":[-121.74924801,38.54116321]},"properties":{"phone_id":"100000000356311.0","t":25620.0}},{"type":"Feature","geometry":{"type":"Point","coordinates":[-121.74946718,38.54109566]},"properties":{"phone_id":"100000000356320.0","t":25620.0}},{"type":"Feature","geometry":{"type":"Point","coordinates":[-121.74954929,38.54095171]},"properties":{"phone_id":"100000000356339.0","t":25620.0}},{"type":"Feature","geometry":{"type":"Point","coordinates":[-121.74943773,38.54110749]},"properties":{"phone_id":"100000000356348.0","t":25620.0}},{"type":"Feature","geometry":{"type":"Point","coordinates":[-121.74926475,38.54092222]},"properties":{"phone_id":"100000000356357.0","t":25620.0}},{"type":"Feature","geometry":{"type":"Point","coordinates":[-121.74913839,38.54114736]},"properties":{"phone_id":"100000000356366.0","t":25620.0}},{"type":"Feature","geometry":{"type":"Point","coordinates":[-121.74930584,38.54093549]},"properties":{"phone_id":"100000000356375.0","t":25620.0}},{"type":"Feature","geometry":{"type":"Point","coordinates":[-121.7493457,38.5413084]},"properties":{"phone_id":"100000000356384.0","t":25620.0}},{"type":"Feature","geometry":{"type":"Point","coordinates":[-121.74954477,38.54092198]},"properties":{"phone_id":"100000000356393.0","t":25620.0}},{"type":"Feature","geometry":{"type":"Point","coordinates":[-121.74946496,38.54092868]},"properties":{"phone_id":"100000000356400.0","t":25620.0}},{"type":"Feature","geometry":{"type":"Point","coordinates":[-121.74942211,38.54133341]},"properties":{"phone_id":"100000000353163.0","t":25622.5}},{"type":"Feature","geometry":{"type":"Point","coordinates":[-121.74964843,38.54109179]},"properties":{"phone_id":"100000000353680.0","t":25622.5}},{"type":"Feature","geometry":{"type":"Point","coordinates":[-121.74907417,38.54130183]},"properties":{"phone_id":"100000000354518.0","t":25622.5}},{"type":"Feature","geometry":{"type":"Point","coordinates":[-121.74907417,38.54088299]},"properties":{"phone_id":"100000000354741.0","t":25622.5}},{"type":"Feature","geometry":{"type":"Point","coordinates":[-121.74953212,38.541145]},"properties":{"phone_id":"100000000354787.0","t":25622.5}},{"type":"Feature","geometry":{"type":"Point","coordinates":[-121.7495052,38.54121678]},"properties":{"phone_id":"100000000355134.0","t":25622.5}},{"type":"Feature","geometry":{"type":"Point","coordinates":[-121.74957461,38.54091359]},"properties":{"phone_id":"100000000355143.0","t":25622.5}},{"type":"Feature","geometry":{"type":"Point","coordinates":[-121.74964843,38.5412328]},"properties":{"phone_id":"100000000355152.0","t":25622.5}},{"type":"Feature","geometry":{"type":"Point","coordinates":[-121.74949598,38.54089038]},"properties":{"phone_id":"100000000355170.0","t":25622.5}},{"type":"Feature","geometry":{"type":"Point","coordinates":[-121.74964843,38.54105489]},"properties":{"phone_id":"100000000355189.0","t":25622.5}},{"type":"Feature","geometry":{"type":"Point","coordinates":[-121.74957376,38.5411954]},"properties":{"phone_id":"100000000355214.0","t":25622.5}},{"type":"Feature","geometry":{"type":"Point","coordinates":[-121.74950948,38.54119811]},"properties":{"phone_id":"100000000355303.0","t":25622.5}},{"type":"Feature","geometry":{"type":"Point","coordinates":[-121.74910612,38.54120525]},"properties":{"phone_id":"100000000355321.0","t":25622.5}},{"type":"Feature","geometry":{"type":"Point","coordinates":[-121.74959816,38.54098399]},"properties":{"phone_id":"100000000355330.0","t":25622.5}},{"type":"Feature","geometry":{"type":"Point","coordinates":[-121.74925529,38.54131784]},"properties":{"phone_id":"100000000355349.0","t":25622.5}},{"type":"Feature","geometry":{"type":"Point","coordinates":[-121.7494894,38.5410099]},"properties":{"phone_id":"100000000355410.0","t":25622.5}},{"type":"Feature","geometry":{"type":"Point","coordinates":[-121.7493556,38.54132548]},"properties":{"phone_id":"100000000355447.0","t":25622.5}},{"type":"Feature","geometry":{"type":"Point","coordinates":[-121.74920644,38.54119735]},"properties":{"phone_id":"100000000355465.0","t":25622.5}},{"type":"Feature","geometry":{"type":"Point","coordinates":[-121.74934549,38.54091723]},"properties":{"phone_id":"100000000355474.0","t":25622.5}},{"type":"Feature","geometry":{"type":"Point","coordinates":[-121.74957122,38.54109798]},"properties":{"phone_id":"100000000355492.0","t":25622.5}},{"type":"Feature","geometry":{"type":"Point","coordinates":[-121.74943255,38.54108273]},"properties":{"phone_id":"100000000355508.0","t":25622.5}},{"type":"Feature","geometry":{"type":"Point","coordinates":[-121.74907417,38.541119]},"properties":{"phone_id":"100000000355526.0","t":25622.5}},{"type":"Feature","geometry":{"type":"Point","coordinates":[-121.74907417,38.54133341]},"properties":{"phone_id":"100000000355562.0","t":25622.5}},{"type":"Feature","geometry":{"type":"Point","coordinates":[-121.74964843,38.54088299]},"properties":{"phone_id":"100000000355571.0","t":25622.5}},{"type":"Feature","geometry":{"type":"Point","coordinates":[-121.74943588,38.54133341]},"properties":{"phone_id":"100000000355615.0","t":25622.5}},{"type":"Feature","geometry":{"type":"Point","coordinates":[-121.74964843,38.54133341]},"properties":{"phone_id":"100000000355624.0","t":25622.5}},{"type":"Feature","geometry":{"type":"Point","coordinates":[-121.7494968,38.54106038]},"properties":{"phone_id":"100000000355660.0","t":25622.5}},{"type":"Feature","geometry":{"type":"Point","coordinates":[-121.74946323,38.54096415]},"properties":{"phone_id":"100000000355679.0","t":25622.5}},{"type":"Feature","geometry":{"type":"Point","coordinates":[-121.74964231,38.54133341]},"properties":{"phone_id":"100000000355697.0","t":25622.5}},{"type":"Feature","geometry":{"type":"Point","coordinates":[-121.74909727,38.54088299]},"properties":{"phone_id":"100000000355704.0","t":25622.5}},{"type":"Feature","geometry":{"type":"Point","coordinates":[-121.74913779,38.54088299]},"properties":{"phone_id":"100000000355713.0","t":25622.5}},{"type":"Feature","geometry":{"type":"Point","coordinates":[-121.74928272,38.54113268]},"properties":{"phone_id":"100000000355722.0","t":25622.5}},{"type":"Feature","geometry":{"type":"Point","coordinates":[-121.74937723,38.54108464]},"properties":{"phone_id":"100000000355731.0","t":25622.5}},{"type":"Feature","geometry":{"type":"Point","coordinates":[-121.74937131,38.54103966]},"properties":{"phone_id":"100000000355740.0","t":25622.5}},{"type":"Feature","geometry":{"type":"Point","coordinates":[-121.74937244,38.54112789]},"properties":{"phone_id":"100000000355759.0","t":25622.5}},{"type":"Feature","geometry":{"type":"Point","coordinates":[-121.74932912,38.54111157]},"properties":{"phone_id":"100000000355768.0","t":25622.5}},{"type":"Feature","geometry":{"type":"Point","coordinates":[-121.74959023,38.54113748]},"properties":{"phone_id":"100000000355777.0","t":25622.5}},{"type":"Feature","geometry":{"type":"Point","coordinates":[-121.74942396,38.54104585]},"properties":{"phone_id":"100000000355786.0","t":25622.5}},{"type":"Feature","geometry":{"type":"Point","coordinates":[-121.74907417,38.54113337]},"properties":{"phone_id":"100000000355795.0","t":25622.5}},{"type":"Feature","geometry":{"type":"Point","coordinates":[-121.74964843,38.54113152]},"properties":{"phone_id":"100000000355802.0","t":25622.5}},{"type":"Feature","geometry":{"type":"Point","coordinates":[-121.74939227,38.54114245]},"properties":{"phone_id":"100000000355811.0","t":25622.5}},{"type":"Feature","geometry":{"type":"Point","coordinates":[-121.7493066,38.54133341]},"properties":{"phone_id":"100000000355820.0","t":25622.5}},{"type":"Feature","geometry":{"type":"Point","coordinates":[-121.74964556,38.54106584]},"properties":{"phone_id":"100000000355839.0","t":25622.5}},{"type":"Feature","geometry":{"type":"Point","coordinates":[-121.74936876,38.54106354]},"properties":{"phone_id":"100000000355848.0","t":25622.5}},{"type":"Feature","geometry":{"type":"Point","coordinates":[-121.74938738,38.5411577]},"properties":{"phone_id":"100000000355857.0","t":25622.5}},{"type":"Feature","geometry":{"type":"Point","coordinates":[-121.74928513,38.54094605]},"properties":{"phone_id":"100000000355866.0","t":25622.5}},{"type":"Feature","geometry":{"type":"Point","coordinates":[-121.74964843,38.54112645]},"properties":{"phone_id":"100000000355875.0","t":25622.5}},{"type":"Feature","geometry":{"type":"Point","coordinates":[-121.7493799,38.54119337]},"properties":{"phone_id":"100000000355884.0","t":25622.5}},{"type":"Feature","geometry":{"type":"Point","coordinates":[-121.74940919,38.54114494]},"properties":{"phone_id":"100000000355893.0","t":25622.5}},{"type":"Feature","geometry":{"type":"Point","coordinates":[-121.74928724,38.54120037]},"properties":{"phone_id":"100000000355900.0","t":25622.5}},{"type":"Feature","geometry":{"type":"Point","coordinates":[-121.74924119,38.54100971]},"properties":{"phone_id":"100000000355919.0","t":25622.5}},{"type":"Feature","geometry":{"type":"Point","coordinates":[-121.74945886,38.54115788]},"properties":{"phone_id":"100000000355928.0","t":25622.5}},{"type":"Feature","geometry":{"type":"Point","coordinates":[-121.74928136,38.54118202]},"properties":{"phone_id":"100000000355937.0","t":25622.5}},{"type":"Feature","geometry":{"type":"Point","coordinates":[-121.74953784,38.54116709]},"properties":{"phone_id":"100000000355946.0","t":25622.5}},{"type":"Feature","geometry":{"type":"Point","coordinates":[-121.74922361,38.54100656]},"properties":{"phone_id":"100000000355955.0","t":25622.5}},{"type":"Feature","geometry":{"type":"Point","coordinates":[-121.74907417,38.54094623]},"properties":{"phone_id":"100000000355964.0","t":25622.5}},{"type":"Feature","geometry":{"type":"Point","coordinates":[-121.74932098,38.54106807]},"properties":{"phone_id":"100000000355973.0","t":25622.5}},{"type":"Feature","geometry":{"type":"Point","coordinates":[-121.74951341,38.5410477]},"properties":{"phone_id":"100000000355982.0","t":25622.5}},{"type":"Feature","geometry":{"type":"Point","coordinates":[-121.74947348,38.54115762]},"properties":{"phone_id":"100000000355991.0","t":25622.5}},{"type":"Feature","geometry":{"type":"Point","coordinates":[-121.74954686,38.5411455]},"properties":{"phone_id":"100000000356008.0","t":25622.5}},{"type":"Feature","geometry":{"type":"Point","coordinates":[-121.74929088,38.54116779]},"properties":{"phone_id":"100000000356017.0","t":25622.5}},{"type":"Feature","geometry":{"type":"Point","coordinates":[-121.74927303,38.54101606]},"properties":{"phone_id":"100000000356026.0","t":25622.5}},{"type":"Feature","geometry":{"type":"Point","coordinates":[-121.74920981,38.54114662]},"properties":{"phone_id":"100000000356035.0","t":25622.5}},{"type":"Feature","geometry":{"type":"Point","coordinates":[-121.7494713,38.5410869]},"properties":{"phone_id":"100000000356044.0","t":25622.5}},{"type":"Feature","geometry":{"type":"Point","coordinates":[-121.74926333,38.54121209]},"properties":{"phone_id":"100000000356053.0","t":25622.5}},{"type":"Feature","geometry":{"type":"Point","coordinates":[-121.74940505,38.54107833]},"properties":{"phone_id":"100000000356062.0","t":25622.5}},{"type":"Feature","geometry":{"type":"Point","coordinates":[-121.74949802,38.54101679]},"properties":{"phone_id":"100000000356071.0","t":25622.5}},{"type":"Feature","geometry":{"type":"Point","coordinates":[-121.74927547,38.54104835]},"properties":{"phone_id":"100000000356080.0","t":25622.5}},{"type":"Feature","geometry":{"type":"Point","coordinates":[-121.74933998,38.54112195]},"properties":{"phone_id":"100000000356099.0","t":25622.5}},{"type":"Feature","geometry":{"type":"Point","coordinates":[-121.749504,38.5411527]},"properties":{"phone_id":"100000000356106.0","t":25622.5}},{"type":"Feature","geometry":{"type":"Point","coordinates":[-121.74937064,38.54119852]},"properties":{"phone_id":"100000000356115.0","t":25622.5}},{"type":"Feature","geometry":{"type":"Point","coordinates":[-121.749486,38.54102895]},"properties":{"phone_id":"100000000356124.0","t":25622.5}},{"type":"Feature","geometry":{"type":"Point","coordinates":[-121.74922582,38.54108745]},"properties":{"phone_id":"100000000356133.0","t":25622.5}},{"type":"Feature","geometry":{"type":"Point","coordinates":[-121.74937499,38.54105138]},"properties":{"phone_id":"100000000356142.0","t":25622.5}},{"type":"Feature","geometry":{"type":"Point","coordinates":[-121.74929308,38.5410853]},"properties":{"phone_id":"100000000356151.0","t":25622.5}},{"type":"Feature","geometry":{"type":"Point","coordinates":[-121.74943017,38.54113717]},"properties":{"phone_id":"100000000356160.0","t":25622.5}},{"type":"Feature","geometry":{"type":"Point","coordinates":[-121.74964843,38.54113113]},"properties":{"phone_id":"100000000356179.0","t":25622.5}},{"type":"Feature","geometry":{"type":"Point","coordinates":[-121.74938518,38.54111961]},"properties":{"phone_id":"100000000356188.0","t":25622.5}},{"type":"Feature","geometry":{"type":"Point","coordinates":[-121.74939483,38.54111828]},"properties":{"phone_id":"100000000356197.0","t":25622.5}},{"type":"Feature","geometry":{"type":"Point","coordinates":[-121.74934805,38.54119936]},"properties":{"phone_id":"100000000356204.0","t":25622.5}},{"type":"Feature","geometry":{"type":"Point","coordinates":[-121.74924513,38.54105994]},"properties":{"phone_id":"100000000356213.0","t":25622.5}},{"type":"Feature","geometry":{"type":"Point","coordinates":[-121.7493827,38.54112688]},"properties":{"phone_id":"100000000356222.0","t":25622.5}},{"type":"Feature","geometry":{"type":"Point","coordinates":[-121.74938101,38.54109891]},"properties":{"phone_id":"100000000356231.0","t":25622.5}},{"type":"Feature","geometry":{"type":"Point","coordinates":[-121.74937284,38.54112586]},"properties":{"phone_id":"100000000356240.0","t":25622.5}},{"type":"Feature","geometry":{"type":"Point","coordinates":[-121.74922837,38.54097599]},"properties":{"phone_id":"100000000356259.0","t":25622.5}},{"type":"Feature","geometry":{"type":"Point","coordinates":[-121.74941359,38.54115871]},"properties":{"phone_id":"100000000356268.0","t":25622.5}},{"type":"Feature","geometry":{"type":"Point","coordinates":[-121.7493283,38.54111094]},"properties":{"phone_id":"100000000356277.0","t":25622.5}},{"type":"Feature","geometry":{"type":"Point","coordinates":[-121.74924843,38.54097513]},"properties":{"phone_id":"100000000356286.0","t":25622.5}},{"type":"Feature","geometry":{"type":"Point","coordinates":[-121.74933856,38.54111321]},"properties":{"phone_id":"100000000356295.0","t":25622.5}},{"type":"Feature","geometry":{"type":"Point","coordinates":[-121.74941774,38.54118841]},"properties":{"phone_id":"100000000356302.0","t":25622.5}},{"type":"Feature","geometry":{"type":"Point","coordinates":[-121.7493049,38.54113925]},"properties":{"phone_id":"100000000356311.0","t":25622.5}},{"type":"Feature","geometry":{"type":"Point","coordinates":[-121.74940826,38.54108345]},"properties":{"phone_id":"100000000356320.0","t":25622.5}},{"type":"Feature","geometry":{"type":"Point","coordinates":[-121.74953384,38.540975]},"properties":{"phone_id":"100000000356339.0","t":25622.5}},{"type":"Feature","geometry":{"type":"Point","coordinates":[-121.74936753,38.5411101]},"properties":{"phone_id":"100000000356348.0","t":25622.5}},{"type":"Feature","geometry":{"type":"Point","coordinates":[-121.74929169,38.54096233]},"properties":{"phone_id":"100000000356357.0","t":25622.5}},{"type":"Feature","geometry":{"type":"Point","coordinates":[-121.7492002,38.54112119]},"properties":{"phone_id":"100000000356366.0","t":25622.5}},{"type":"Feature","geometry":{"type":"Point","coordinates":[-121.74932914,38.54098714]},"properties":{"phone_id":"100000000356375.0","t":25622.5}},{"type":"Feature","geometry":{"type":"Point","coordinates":[-121.74934852,38.54128325]},"properties":{"phone_id":"100000000356384.0","t":25622.5}},{"type":"Feature","geometry":{"type":"Point","coordinates":[-121.7495071,38.54095868]},"properties":{"phone_id":"100000000356393.0","t":25622.5}},{"type":"Feature","geometry":{"type":"Point","coordinates":[-121.74944774,38.54097568]},"properties":{"phone_id":"100000000356400.0","t":25622.5}},{"type":"Feature","geometry":{"type":"Point","coordinates":[-121.74942211,38.54133341]},"properties":{"phone_id":"100000000353163.0","t":25625.0}},{"type":"Feature","geometry":{"type":"Point","coordinates":[-121.74964843,38.54109179]},"properties":{"phone_id":"100000000353680.0","t":25625.0}},{"type":"Feature","geometry":{"type":"Point","coordinates":[-121.74907417,38.54130183]},"properties":{"phone_id":"100000000354518.0","t":25625.0}},{"type":"Feature","geometry":{"type":"Point","coordinates":[-121.74907417,38.54088299]},"properties":{"phone_id":"100000000354741.0","t":25625.0}},{"type":"Feature","geometry":{"type":"Point","coordinates":[-121.74953212,38.541145]},"properties":{"phone_id":"100000000354787.0","t":25625.0}},{"type":"Feature","geometry":{"type":"Point","coordinates":[-121.74952818,38.54123132]},"properties":{"phone_id":"100000000355134.0","t":25625.0}},{"type":"Feature","geometry":{"type":"Point","coordinates":[-121.74959,38.54089159]},"properties":{"phone_id":"100000000355143.0","t":25625.0}},{"type":"Feature","geometry":{"type":"Point","coordinates":[-121.74964843,38.54124632]},"properties":{"phone_id":"100000000355152.0","t":25625.0}},{"type":"Feature","geometry":{"type":"Point","coordinates":[-121.74950549,38.54088299]},"properties":{"phone_id":"100000000355170.0","t":25625.0}},{"type":"Feature","geometry":{"type":"Point","coordinates":[-121.74964843,38.54103905]},"properties":{"phone_id":"100000000355189.0","t":25625.0}},{"type":"Feature","geometry":{"type":"Point","coordinates":[-121.74960166,38.54120152]},"properties":{"phone_id":"100000000355214.0","t":25625.0}},{"type":"Feature","geometry":{"type":"Point","coordinates":[-121.74952919,38.54121725]},"properties":{"phone_id":"100000000355303.0","t":25625.0}},{"type":"Feature","geometry":{"type":"Point","coordinates":[-121.74907653,38.54121261]},"properties":{"phone_id":"100000000355321.0","t":25625.0}},{"type":"Feature","geometry":{"type":"Point","coordinates":[-121.74962661,38.54096625]},"properties":{"phone_id":"100000000355330.0","t":25625.0}},{"type":"Feature","geometry":{"type":"Point","coordinates":[-121.74924623,38.54133341]},"properties":{"phone_id":"100000000355349.0","t":25625.0}},{"type":"Feature","geometry":{"type":"Point","coordinates":[-121.74953489,38.54098036]},"properties":{"phone_id":"100000000355410.0","t":25625.0}},{"type":"Feature","geometry":{"type":"Point","coordinates":[-121.7493575,38.54133341]},"properties":{"phone_id":"100000000355447.0","t":25625.0}},{"type":"Feature","geometry":{"type":"Point","coordinates":[-121.74918021,38.54120656]},"properties":{"phone_id":"100000000355465.0","t":25625.0}},{"type":"Feature","geometry":{"type":"Point","coordinates":[-121.7493398,38.54088883]},"properties":{"phone_id":"100000000355474.0","t":25625.0}},{"type":"Feature","geometry":{"type":"Point","coordinates":[-121.74960229,38.54109939]},"properties":{"phone_id":"100000000355492.0","t":25625.0}},{"type":"Feature","geometry":{"type":"Point","coordinates":[-121.74939648,38.54108183]},"properties":{"phone_id":"100000000355508.0","t":25625.0}},{"type":"Feature","geometry":{"type":"Point","coordinates":[-121.74907417,38.54111809]},"properties":{"phone_id":"100000000355526.0","t":25625.0}},{"type":"Feature","geometry":{"type":"Point","coordinates":[-121.74907417,38.54133341]},"properties":{"phone_id":"100000000355562.0","t":25625.0}},{"type":"Feature","geometry":{"type":"Point","coordinates":[-121.74964843,38.54088299]},"properties":{"phone_id":"100000000355571.0","t":25625.0}},{"type":"Feature","geometry":{"type":"Point","coordinates":[-121.74944852,38.54133341]},"properties":{"phone_id":"100000000355615.0","t":25625.0}},{"type":"Feature","geometry":{"type":"Point","coordinates":[-121.74964843,38.54133341]},"properties":{"phone_id":"100000000355624.0","t":25625.0}},{"type":"Feature","geometry":{"type":"Point","coordinates":[-121.74952696,38.54105801]},"properties":{"phone_id":"100000000355660.0","t":25625.0}},{"type":"Feature","geometry":{"type":"Point","coordinates":[-121.74948041,38.54093838]},"properties":{"phone_id":"100000000355679.0","t":25625.0}},{"type":"Feature","geometry":{"type":"Point","coordinates":[-121.74964843,38.54133341]},"properties":{"phone_id":"100000000355697.0","t":25625.0}},{"type":"Feature","geometry":{"type":"Point","coordinates":[-121.74907417,38.54088299]},"properties":{"phone_id":"100000000355704.0","t":25625.0}},{"type":"Feature","geometry":{"type":"Point","coordinates":[-121.74910137,38.54088299]},"properties":{"phone_id":"100000000355713.0","t":25625.0}},{"type":"Feature","geometry":{"type":"Point","coordinates":[-121.74925531,38.54115202]},"properties":{"phone_id":"100000000355722.0","t":25625.0}},{"type":"Feature","geometry":{"type":"Point","coordinates":[-121.74938533,38.54106247]},"properties":{"phone_id":"100000000355731.0","t":25625.0}},{"type":"Feature","geometry":{"type":"Point","coordinates":[-121.7493465,38.54102475]},"properties":{"phone_id":"100000000355740.0","t":25625.0}},{"type":"Feature","geometry":{"type":"Point","coordinates":[-121.74939069,38.5411083]},"properties":{"phone_id":"100000000355759.0","t":25625.0}},{"type":"Feature","geometry":{"type":"Point","coordinates":[-121.74930073,38.54112938]},"properties":{"phone_id":"100000000355768.0","t":25625.0}},{"type":"Feature","geometry":{"type":"Point","coordinates":[-121.74962614,38.5411375]},"properties":{"phone_id":"100000000355777.0","t":25625.0}},{"type":"Feature","geometry":{"type":"Point","coordinates":[-121.74945972,38.5410384]},"properties":{"phone_id":"100000000355786.0","t":25625.0}},{"type":"Feature","geometry":{"type":"Point","coordinates":[-121.74907417,38.54114494]},"properties":{"phone_id":"100000000355795.0","t":25625.0}},{"type":"Feature","geometry":{"type":"Point","coordinates":[-121.74964843,38.54113822]},"properties":{"phone_id":"100000000355802.0","t":25625.0}},{"type":"Feature","geometry":{"type":"Point","coordinates":[-121.74936355,38.54113995]},"properties":{"phone_id":"100000000355811.0","t":25625.0}},{"type":"Feature","geometry":{"type":"Point","coordinates":[-121.74929755,38.54133341]},"properties":{"phone_id":"100000000355820.0","t":25625.0}},{"type":"Feature","geometry":{"type":"Point","coordinates":[-121.74964843,38.54106445]},"properties":{"phone_id":"100000000355839.0","t":25625.0}},{"type":"Feature","geometry":{"type":"Point","coordinates":[-121.74935106,38.54108296]},"properties":{"phone_id":"100000000355848.0","t":25625.0}},{"type":"Feature","geometry":{"type":"Point","coordinates":[-121.74935869,38.54114025]},"properties":{"phone_id":"100000000355857.0","t":25625.0}},{"type":"Feature","geometry":{"type":"Point","coordinates":[-121.74925799,38.54090056]},"properties":{"phone_id":"100000000355866.0","t":25625.0}},{"type":"Feature","geometry":{"type":"Point","coordinates":[-121.74964843,38.54113016]},"properties":{"phone_id":"100000000355875.0","t":25625.0}},{"type":"Feature","geometry":{"type":"Point","coordinates":[-121.74941231,38.54123112]},"properties":{"phone_id":"100000000355884.0","t":25625.0}},{"type":"Feature","geometry":{"type":"Point","coordinates":[-121.74939428,38.54112211]},"properties":{"phone_id":"100000000355893.0","t":25625.0}},{"type":"Feature","geometry":{"type":"Point","coordinates":[-121.74924834,38.54124303]},"properties":{"phone_id":"100000000355900.0","t":25625.0}},{"type":"Feature","geometry":{"type":"Point","coordinates":[-121.74918705,38.54097688]},"properties":{"phone_id":"100000000355919.0","t":25625.0}},{"type":"Feature","geometry":{"type":"Point","coordinates":[-121.74950876,38.54118577]},"properties":{"phone_id":"100000000355928.0","t":25625.0}},{"type":"Feature","geometry":{"type":"Point","coordinates":[-121.74930919,38.54116648]},"properties":{"phone_id":"100000000355937.0","t":25625.0}},{"type":"Feature","geometry":{"type":"Point","coordinates":[-121.74959605,38.54118834]},"properties":{"phone_id":"100000000355946.0","t":25625.0}},{"type":"Feature","geometry":{"type":"Point","coordinates":[-121.74918464,38.54096249]},"properties":{"phone_id":"100000000355955.0","t":25625.0}},{"type":"Feature","geometry":{"type":"Point","coordinates":[-121.74907417,38.54094623]},"properties":{"phone_id":"100000000355964.0","t":25625.0}},{"type":"Feature","geometry":{"type":"Point","coordinates":[-121.74935627,38.54106676]},"properties":{"phone_id":"100000000355973.0","t":25625.0}},{"type":"Feature","geometry":{"type":"Point","coordinates":[-121.7495769,38.54103061]},"properties":{"phone_id":"100000000355982.0","t":25625.0}},{"type":"Feature","geometry":{"type":"Point","coordinates":[-121.74953037,38.54117788]},"properties":{"phone_id":"100000000355991.0","t":25625.0}},{"type":"Feature","geometry":{"type":"Point","coordinates":[-121.7496144,38.54114434]},"properties":{"phone_id":"100000000356008.0","t":25625.0}},{"type":"Feature","geometry":{"type":"Point","coordinates":[-121.7493222,38.5411601]},"properties":{"phone_id":"100000000356017.0","t":25625.0}},{"type":"Feature","geometry":{"type":"Point","coordinates":[-121.74930315,38.54102797]},"properties":{"phone_id":"100000000356026.0","t":25625.0}},{"type":"Feature","geometry":{"type":"Point","coordinates":[-121.74922566,38.54112561]},"properties":{"phone_id":"100000000356035.0","t":25625.0}},{"type":"Feature","geometry":{"type":"Point","coordinates":[-121.74944619,38.54109979]},"properties":{"phone_id":"100000000356044.0","t":25625.0}},{"type":"Feature","geometry":{"type":"Point","coordinates":[-121.74928169,38.54119352]},"properties":{"phone_id":"100000000356053.0","t":25625.0}},{"type":"Feature","geometry":{"type":"Point","coordinates":[-121.74945405,38.54110295]},"properties":{"phone_id":"100000000356062.0","t":25625.0}},{"type":"Feature","geometry":{"type":"Point","coordinates":[-121.74947985,38.54103729]},"properties":{"phone_id":"100000000356071.0","t":25625.0}},{"type":"Feature","geometry":{"type":"Point","coordinates":[-121.74922443,38.54101041]},"properties":{"phone_id":"100000000356080.0","t":25625.0}},{"type":"Feature","geometry":{"type":"Point","coordinates":[-121.74929745,38.5410909]},"properties":{"phone_id":"100000000356099.0","t":25625.0}},{"type":"Feature","geometry":{"type":"Point","coordinates":[-121.74956546,38.54115633]},"properties":{"phone_id":"100000000356106.0","t":25625.0}},{"type":"Feature","geometry":{"type":"Point","coordinates":[-121.74939349,38.54124442]},"properties":{"phone_id":"100000000356115.0","t":25625.0}},{"type":"Feature","geometry":{"type":"Point","coordinates":[-121.74954768,38.54100354]},"properties":{"phone_id":"100000000356124.0","t":25625.0}},{"type":"Feature","geometry":{"type":"Point","coordinates":[-121.74916583,38.54107759]},"properties":{"phone_id":"100000000356133.0","t":25625.0}},{"type":"Feature","geometry":{"type":"Point","coordinates":[-121.7493794,38.54100445]},"properties":{"phone_id":"100000000356142.0","t":25625.0}},{"type":"Feature","geometry":{"type":"Point","coordinates":[-121.7492339,38.54106524]},"properties":{"phone_id":"100000000356151.0","t":25625.0}},{"type":"Feature","geometry":{"type":"Point","coordinates":[-121.74948893,38.54114938]},"properties":{"phone_id":"100000000356160.0","t":25625.0}},{"type":"Feature","geometry":{"type":"Point","coordinates":[-121.74964843,38.54113113]},"properties":{"phone_id":"100000000356179.0","t":25625.0}},{"type":"Feature","geometry":{"type":"Point","coordinates":[-121.74935328,38.54115779]},"properties":{"phone_id":"100000000356188.0","t":25625.0}},{"type":"Feature","geometry":{"type":"Point","coordinates":[-121.74943173,38.54115314]},"properties":{"phone_id":"100000000356197.0","t":25625.0}},{"type":"Feature","geometry":{"type":"Point","coordinates":[-121.74935281,38.54125203]},"properties":{"phone_id":"100000000356204.0","t":25625.0}},{"type":"Feature","geometry":{"type":"Point","coordinates":[-121.74927947,38.54106526]},"properties":{"phone_id":"100000000356213.0","t":25625.0}},{"type":"Feature","geometry":{"type":"Point","coordinates":[-121.74941339,38.54117667]},"properties":{"phone_id":"100000000356222.0","t":25625.0}},{"type":"Feature","geometry":{"type":"Point","coordinates":[-121.74932801,38.54112347]},"properties":{"phone_id":"100000000356231.0","t":25625.0}},{"type":"Feature","geometry":{"type":"Point","coordinates":[-121.74943365,38.54111846]},"properties":{"phone_id":"100000000356240.0","t":25625.0}},{"type":"Feature","geometry":{"type":"Point","coordinates":[-121.74925002,38.54099314]},"properties":{"phone_id":"100000000356259.0","t":25625.0}},{"type":"Feature","geometry":{"type":"Point","coordinates":[-121.74937281,38.54112084]},"properties":{"phone_id":"100000000356268.0","t":25625.0}},{"type":"Feature","geometry":{"type":"Point","coordinates":[-121.74926579,38.54113777]},"properties":{"phone_id":"100000000356277.0","t":25625.0}},{"type":"Feature","geometry":{"type":"Point","coordinates":[-121.74925924,38.54099814]},"properties":{"phone_id":"100000000356286.0","t":25625.0}},{"type":"Feature","geometry":{"type":"Point","coordinates":[-121.74940433,38.54111852]},"properties":{"phone_id":"100000000356295.0","t":25625.0}},{"type":"Feature","geometry":{"type":"Point","coordinates":[-121.7493609,38.54115634]},"properties":{"phone_id":"100000000356302.0","t":25625.0}},{"type":"Feature","geometry":{"type":"Point","coordinates":[-121.74936409,38.541119]},"properties":{"phone_id":"100000000356311.0","t":25625.0}},{"type":"Feature","geometry":{"type":"Point","coordinates":[-121.74934985,38.5410698]},"properties":{"phone_id":"100000000356320.0","t":25625.0}},{"type":"Feature","geometry":{"type":"Point","coordinates":[-121.74952077,38.54099918]},"properties":{"phone_id":"100000000356339.0","t":25625.0}},{"type":"Feature","geometry":{"type":"Point","coordinates":[-121.74929726,38.54111082]},"properties":{"phone_id":"100000000356348.0","t":25625.0}},{"type":"Feature","geometry":{"type":"Point","coordinates":[-121.7493149,38.54100385]},"properties":{"phone_id":"100000000356357.0","t":25625.0}},{"type":"Feature","geometry":{"type":"Point","coordinates":[-121.74926443,38.54109891]},"properties":{"phone_id":"100000000356366.0","t":25625.0}},{"type":"Feature","geometry":{"type":"Point","coordinates":[-121.74934891,38.54103969]},"properties":{"phone_id":"100000000356375.0","t":25625.0}},{"type":"Feature","geometry":{"type":"Point","coordinates":[-121.74935249,38.54125821]},"properties":{"phone_id":"100000000356384.0","t":25625.0}},{"type":"Feature","geometry":{"type":"Point","coordinates":[-121.74946716,38.54099387]},"properties":{"phone_id":"100000000356393.0","t":25625.0}},{"type":"Feature","geometry":{"type":"Point","coordinates":[-121.74942798,38.54102206]},"properties":{"phone_id":"100000000356400.0","t":25625.0}},{"type":"Feature","geometry":{"type":"Point","coordinates":[-121.74942211,38.54133341]},"properties":{"phone_id":"100000000353163.0","t":25627.5}},{"type":"Feature","geometry":{"type":"Point","coordinates":[-121.74964843,38.54109179]},"properties":{"phone_id":"100000000353680.0","t":25627.5}},{"type":"Feature","geometry":{"type":"Point","coordinates":[-121.74907417,38.54130183]},"properties":{"phone_id":"100000000354518.0","t":25627.5}},{"type":"Feature","geometry":{"type":"Point","coordinates":[-121.74907417,38.54088299]},"properties":{"phone_id":"100000000354741.0","t":25627.5}},{"type":"Feature","geometry":{"type":"Point","coordinates":[-121.74953212,38.541145]},"properties":{"phone_id":"100000000354787.0","t":25627.5}},{"type":"Feature","geometry":{"type":"Point","coordinates":[-121.74955226,38.54124472]},"properties":{"phone_id":"100000000355134.0","t":25627.5}},{"type":"Feature","geometry":{"type":"Point","coordinates":[-121.74960345,38.54088299]},"properties":{"phone_id":"100000000355143.0","t":25627.5}},{"type":"Feature","geometry":{"type":"Point","coordinates":[-121.74964843,38.54126108]},"properties":{"phone_id":"100000000355152.0","t":25627.5}},{"type":"Feature","geometry":{"type":"Point","coordinates":[-121.74951584,38.54088299]},"properties":{"phone_id":"100000000355170.0","t":25627.5}},{"type":"Feature","geometry":{"type":"Point","coordinates":[-121.74964843,38.54102274]},"properties":{"phone_id":"100000000355189.0","t":25627.5}},{"type":"Feature","geometry":{"type":"Point","coordinates":[-121.74962999,38.5412063]},"properties":{"phone_id":"100000000355214.0","t":25627.5}},{"type":"Feature","geometry":{"type":"Point","coordinates":[-121.74955078,38.5412351]},"properties":{"phone_id":"100000000355303.0","t":25627.5}},{"type":"Feature","geometry":{"type":"Point","coordinates":[-121.74907417,38.54122159]},"properties":{"phone_id":"100000000355321.0","t":25627.5}},{"type":"Feature","geometry":{"type":"Point","coordinates":[-121.74964843,38.54094735]},"properties":{"phone_id":"100000000355330.0","t":25627.5}},{"type":"Feature","geometry":{"type":"Point","coordinates":[-121.74923875,38.54133341]},"properties":{"phone_id":"100000000355349.0","t":25627.5}},{"type":"Feature","geometry":{"type":"Point","coordinates":[-121.74958257,38.54095302]},"properties":{"phone_id":"100000000355410.0","t":25627.5}},{"type":"Feature","geometry":{"type":"Point","coordinates":[-121.74935754,38.54133341]},"properties":{"phone_id":"100000000355447.0","t":25627.5}},{"type":"Feature","geometry":{"type":"Point","coordinates":[-121.74915392,38.54121567]},"properties":{"phone_id":"100000000355465.0","t":25627.5}},{"type":"Feature","geometry":{"type":"Point","coordinates":[-121.74933367,38.54088299]},"properties":{"phone_id":"100000000355474.0","t":25627.5}},{"type":"Feature","geometry":{"type":"Point","coordinates":[-121.74963311,38.54110275]},"properties":{"phone_id":"100000000355492.0","t":25627.5}},{"type":"Feature","geometry":{"type":"Point","coordinates":[-121.74936053,38.54107935]},"properties":{"phone_id":"100000000355508.0","t":25627.5}},{"type":"Feature","geometry":{"type":"Point","coordinates":[-121.74907417,38.54111539]},"properties":{"phone_id":"100000000355526.0","t":25627.5}},{"type":"Feature","geometry":{"type":"Point","coordinates":[-121.74907417,38.54133341]},"properties":{"phone_id":"100000000355562.0","t":25627.5}},{"type":"Feature","geometry":{"type":"Point","coordinates":[-121.74964843,38.54088299]},"properties":{"phone_id":"100000000355571.0","t":25627.5}},{"type":"Feature","geometry":{"type":"Point","coordinates":[-121.74946498,38.54133341]},"properties":{"phone_id":"100000000355615.0","t":25627.5}},{"type":"Feature","geometry":{"type":"Point","coordinates":[-121.74964843,38.54133341]},"properties":{"phone_id":"100000000355624.0","t":25627.5}},{"type":"Feature","geometry":{"type":"Point","coordinates":[-121.74955691,38.54105431]},"properties":{"phone_id":"100000000355660.0","t":25627.5}},{"type":"Feature","geometry":{"type":"Point","coordinates":[-121.7494999,38.54091363]},"properties":{"phone_id":"100000000355679.0","t":25627.5}},{"type":"Feature","geometry":{"type":"Point","coordinates":[-121.74964843,38.54133341]},"properties":{"phone_id":"100000000355697.0","t":25627.5}},{"type":"Feature","geometry":{"type":"Point","coordinates":[-121.74907417,38.54088299]},"properties":{"phone_id":"100000000355704.0","t":25627.5}},{"type":"Feature","geometry":{"type":"Point","coordinates":[-121.74907417,38.54088299]},"properties":{"phone_id":"100000000355713.0","t":25627.5}},{"type":"Feature","geometry":{"type":"Point","coordinates":[-121.7492289,38.5411722]},"properties":{"phone_id":"100000000355722.0","t":25627.5}},{"type":"Feature","geometry":{"type":"Point","coordinates":[-121.7493928,38.54104016]},"properties":{"phone_id":"100000000355731.0","t":25627.5}},{"type":"Feature","geometry":{"type":"Point","coordinates":[-121.74932193,38.54100962]},"properties":{"phone_id":"100000000355740.0","t":25627.5}},{"type":"Feature","geometry":{"type":"Point","coordinates":[-121.74940697,38.54108767]},"properties":{"phone_id":"100000000355759.0","t":25627.5}},{"type":"Feature","geometry":{"type":"Point","coordinates":[-121.74927417,38.54114885]},"properties":{"phone_id":"100000000355768.0","t":25627.5}},{"type":"Feature","geometry":{"type":"Point","coordinates":[-121.74964843,38.54113749]},"properties":{"phone_id":"100000000355777.0","t":25627.5}},{"type":"Feature","geometry":{"type":"Point","coordinates":[-121.74949477,38.54102909]},"properties":{"phone_id":"100000000355786.0","t":25627.5}},{"type":"Feature","geometry":{"type":"Point","coordinates":[-121.74907417,38.54115862]},"properties":{"phone_id":"100000000355795.0","t":25627.5}},{"type":"Feature","geometry":{"type":"Point","coordinates":[-121.74964843,38.54114549]},"properties":{"phone_id":"100000000355802.0","t":25627.5}},{"type":"Feature","geometry":{"type":"Point","coordinates":[-121.74933502,38.5411363]},"properties":{"phone_id":"100000000355811.0","t":25627.5}},{"type":"Feature","geometry":{"type":"Point","coordinates":[-121.74928441,38.54133341]},"properties":{"phone_id":"100000000355820.0","t":25627.5}},{"type":"Feature","geometry":{"type":"Point","coordinates":[-121.74964843,38.54106188]},"properties":{"phone_id":"100000000355839.0","t":25627.5}},{"type":"Feature","geometry":{"type":"Point","coordinates":[-121.74933411,38.5411028]},"properties":{"phone_id":"100000000355848.0","t":25627.5}},{"type":"Feature","geometry":{"type":"Point","coordinates":[-121.74933014,38.54112265]},"properties":{"phone_id":"100000000355857.0","t":25627.5}},{"type":"Feature","geometry":{"type":"Point","coordinates":[-121.74923523,38.54088299]},"properties":{"phone_id":"100000000355866.0","t":25627.5}},{"type":"Feature","geometry":{"type":"Point","coordinates":[-121.74964843,38.54113609]},"properties":{"phone_id":"100000000355875.0","t":25627.5}},{"type":"Feature","geometry":{"type":"Point","coordinates":[-121.74944694,38.54126763]},"properties":{"phone_id":"100000000355884.0","t":25627.5}},{"type":"Feature","geometry":{"type":"Point","coordinates":[-121.74937906,38.54109941]},"properties":{"phone_id":"100000000355893.0","t":25627.5}},{"type":"Feature","geometry":{"type":"Point","coordinates":[-121.74921178,38.54128696]},"properties":{"phone_id":"100000000355900.0","t":25627.5}},{"type":"Feature","geometry":{"type":"Point","coordinates":[-121.7491319,38.5409451]},"properties":{"phone_id":"100000000355919.0","t":25627.5}},{"type":"Feature","geometry":{"type":"Point","coordinates":[-121.74956015,38.54121195]},"properties":{"phone_id":"100000000355928.0","t":25627.5}},{"type":"Feature","geometry":{"type":"Point","coordinates":[-121.74933728,38.54115122]},"properties":{"phone_id":"100000000355937.0","t":25627.5}},{"type":"Feature","geometry":{"type":"Point","coordinates":[-121.74964843,38.54120826]},"properties":{"phone_id":"100000000355946.0","t":25627.5}},{"type":"Feature","geometry":{"type":"Point","coordinates":[-121.74914621,38.54091813]},"properties":{"phone_id":"100000000355955.0","t":25627.5}},{"type":"Feature","geometry":{"type":"Point","coordinates":[-121.74907417,38.54094623]},"properties":{"phone_id":"100000000355964.0","t":25627.5}},{"type":"Feature","geometry":{"type":"Point","coordinates":[-121.74939158,38.54106581]},"properties":{"phone_id":"100000000355973.0","t":25627.5}},{"type":"Feature","geometry":{"type":"Point","coordinates":[-121.7496401,38.54101289]},"properties":{"phone_id":"100000000355982.0","t":25627.5}},{"type":"Feature","geometry":{"type":"Point","coordinates":[-121.74958679,38.54119892]},"properties":{"phone_id":"100000000355991.0","t":25627.5}},{"type":"Feature","geometry":{"type":"Point","coordinates":[-121.74964843,38.54113944]},"properties":{"phone_id":"100000000356008.0","t":25627.5}},{"type":"Feature","geometry":{"type":"Point","coordinates":[-121.7493535,38.54115235]},"properties":{"phone_id":"100000000356017.0","t":25627.5}},{"type":"Feature","geometry":{"type":"Point","coordinates":[-121.74933206,38.54104159]},"properties":{"phone_id":"100000000356026.0","t":25627.5}},{"type":"Feature","geometry":{"type":"Point","coordinates":[-121.74923914,38.54110362]},"properties":{"phone_id":"100000000356035.0","t":25627.5}},{"type":"Feature","geometry":{"type":"Point","coordinates":[-121.74942036,38.54111179]},"properties":{"phone_id":"100000000356044.0","t":25627.5}},{"type":"Feature","geometry":{"type":"Point","coordinates":[-121.74930036,38.54117514]},"properties":{"phone_id":"100000000356053.0","t":25627.5}},{"type":"Feature","geometry":{"type":"Point","coordinates":[-121.74950553,38.54112422]},"properties":{"phone_id":"100000000356062.0","t":25627.5}},{"type":"Feature","geometry":{"type":"Point","coordinates":[-121.74946224,38.54105809]},"properties":{"phone_id":"100000000356071.0","t":25627.5}},{"type":"Feature","geometry":{"type":"Point","coordinates":[-121.74917017,38.54097535]},"properties":{"phone_id":"100000000356080.0","t":25627.5}},{"type":"Feature","geometry":{"type":"Point","coordinates":[-121.74925654,38.54105854]},"properties":{"phone_id":"100000000356099.0","t":25627.5}},{"type":"Feature","geometry":{"type":"Point","coordinates":[-121.74962708,38.54115718]},"properties":{"phone_id":"100000000356106.0","t":25627.5}},{"type":"Feature","geometry":{"type":"Point","coordinates":[-121.7494185,38.54128962]},"properties":{"phone_id":"100000000356115.0","t":25627.5}},{"type":"Feature","geometry":{"type":"Point","coordinates":[-121.74960865,38.54097711]},"properties":{"phone_id":"100000000356124.0","t":25627.5}},{"type":"Feature","geometry":{"type":"Point","coordinates":[-121.74910628,38.54106619]},"properties":{"phone_id":"100000000356133.0","t":25627.5}},{"type":"Feature","geometry":{"type":"Point","coordinates":[-121.74938575,38.54095765]},"properties":{"phone_id":"100000000356142.0","t":25627.5}},{"type":"Feature","geometry":{"type":"Point","coordinates":[-121.74917356,38.54104742]},"properties":{"phone_id":"100000000356151.0","t":25627.5}},{"type":"Feature","geometry":{"type":"Point","coordinates":[-121.74954802,38.54116056]},"properties":{"phone_id":"100000000356160.0","t":25627.5}},{"type":"Feature","geometry":{"type":"Point","coordinates":[-121.74964843,38.54113113]},"properties":{"phone_id":"100000000356179.0","t":25627.5}},{"type":"Feature","geometry":{"type":"Point","coordinates":[-121.74932565,38.54119797]},"properties":{"phone_id":"100000000356188.0","t":25627.5}},{"type":"Feature","geometry":{"type":"Point","coordinates":[-121.74946853,38.54118807]},"properties":{"phone_id":"100000000356197.0","t":25627.5}},{"type":"Feature","geometry":{"type":"Point","coordinates":[-121.74936149,38.54130439]},"properties":{"phone_id":"100000000356204.0","t":25627.5}},{"type":"Feature","geometry":{"type":"Point","coordinates":[-121.74931393,38.5410701]},"properties":{"phone_id":"100000000356213.0","t":25627.5}},{"type":"Feature","geometry":{"type":"Point","coordinates":[-121.74944308,38.54122681]},"properties":{"phone_id":"100000000356222.0","t":25627.5}},{"type":"Feature","geometry":{"type":"Point","coordinates":[-121.74927499,38.54114801]},"properties":{"phone_id":"100000000356231.0","t":25627.5}},{"type":"Feature","geometry":{"type":"Point","coordinates":[-121.74949344,38.54110704]},"properties":{"phone_id":"100000000356240.0","t":25627.5}},{"type":"Feature","geometry":{"type":"Point","coordinates":[-121.74926977,38.54101164]},"properties":{"phone_id":"100000000356259.0","t":25627.5}},{"type":"Feature","geometry":{"type":"Point","coordinates":[-121.74933118,38.54108355]},"properties":{"phone_id":"100000000356268.0","t":25627.5}},{"type":"Feature","geometry":{"type":"Point","coordinates":[-121.74920439,38.54116615]},"properties":{"phone_id":"100000000356277.0","t":25627.5}},{"type":"Feature","geometry":{"type":"Point","coordinates":[-121.74927155,38.54102068]},"properties":{"phone_id":"100000000356286.0","t":25627.5}},{"type":"Feature","geometry":{"type":"Point","coordinates":[-121.74947006,38.54112418]},"properties":{"phone_id":"100000000356295.0","t":25627.5}},{"type":"Feature","geometry":{"type":"Point","coordinates":[-121.74930463,38.54112367]},"properties":{"phone_id":"100000000356302.0","t":25627.5}},{"type":"Feature","geometry":{"type":"Point","coordinates":[-121.74942117,38.54109533]},"properties":{"phone_id":"100000000356311.0","t":25627.5}},{"type":"Feature","geometry":{"type":"Point","coordinates":[-121.74929019,38.54106006]},"properties":{"phone_id":"100000000356320.0","t":25627.5}},{"type":"Feature","geometry":{"type":"Point","coordinates":[-121.74950981,38.54102399]},"properties":{"phone_id":"100000000356339.0","t":25627.5}},{"type":"Feature","geometry":{"type":"Point","coordinates":[-121.749227,38.54111226]},"properties":{"phone_id":"100000000356348.0","t":25627.5}},{"type":"Feature","geometry":{"type":"Point","coordinates":[-121.74934172,38.54104401]},"properties":{"phone_id":"100000000356357.0","t":25627.5}},{"type":"Feature","geometry":{"type":"Point","coordinates":[-121.74932706,38.54107398]},"properties":{"phone_id":"100000000356366.0","t":25627.5}},{"type":"Feature","geometry":{"type":"Point","coordinates":[-121.74936519,38.54109296]},"properties":{"phone_id":"100000000356375.0","t":25627.5}},{"type":"Feature","geometry":{"type":"Point","coordinates":[-121.74935575,38.54123309]},"properties":{"phone_id":"100000000356384.0","t":25627.5}},{"type":"Feature","geometry":{"type":"Point","coordinates":[-121.74942717,38.54102902]},"properties":{"phone_id":"100000000356393.0","t":25627.5}},{"type":"Feature","geometry":{"type":"Point","coordinates":[-121.74940577,38.54106776]},"properties":{"phone_id":"100000000356400.0","t":25627.5}},{"type":"Feature","geometry":{"type":"Point","coordinates":[-121.74942211,38.54133341]},"properties":{"phone_id":"100000000353163.0","t":25630.0}},{"type":"Feature","geometry":{"type":"Point","coordinates":[-121.74964843,38.54109179]},"properties":{"phone_id":"100000000353680.0","t":25630.0}},{"type":"Feature","geometry":{"type":"Point","coordinates":[-121.74907417,38.54130183]},"properties":{"phone_id":"100000000354518.0","t":25630.0}},{"type":"Feature","geometry":{"type":"Point","coordinates":[-121.74907417,38.54088299]},"properties":{"phone_id":"100000000354741.0","t":25630.0}},{"type":"Feature","geometry":{"type":"Point","coordinates":[-121.74953212,38.541145]},"properties":{"phone_id":"100000000354787.0","t":25630.0}},{"type":"Feature","geometry":{"type":"Point","coordinates":[-121.74957697,38.5412574]},"properties":{"phone_id":"100000000355134.0","t":25630.0}},{"type":"Feature","geometry":{"type":"Point","coordinates":[-121.7496163,38.54088299]},"properties":{"phone_id":"100000000355143.0","t":25630.0}},{"type":"Feature","geometry":{"type":"Point","coordinates":[-121.74964843,38.54127759]},"properties":{"phone_id":"100000000355152.0","t":25630.0}},{"type":"Feature","geometry":{"type":"Point","coordinates":[-121.74952351,38.54088299]},"properties":{"phone_id":"100000000355170.0","t":25630.0}},{"type":"Feature","geometry":{"type":"Point","coordinates":[-121.74964843,38.54100816]},"properties":{"phone_id":"100000000355189.0","t":25630.0}},{"type":"Feature","geometry":{"type":"Point","coordinates":[-121.74964843,38.54121004]},"properties":{"phone_id":"100000000355214.0","t":25630.0}},{"type":"Feature","geometry":{"type":"Point","coordinates":[-121.74957356,38.54125201]},"properties":{"phone_id":"100000000355303.0","t":25630.0}},{"type":"Feature","geometry":{"type":"Point","coordinates":[-121.74907417,38.54122974]},"properties":{"phone_id":"100000000355321.0","t":25630.0}},{"type":"Feature","geometry":{"type":"Point","coordinates":[-121.74964843,38.54093023]},"properties":{"phone_id":"100000000355330.0","t":25630.0}},{"type":"Feature","geometry":{"type":"Point","coordinates":[-121.7492288,38.54133341]},"properties":{"phone_id":"100000000355349.0","t":25630.0}},{"type":"Feature","geometry":{"type":"Point","coordinates":[-121.74963053,38.54092599]},"properties":{"phone_id":"100000000355410.0","t":25630.0}},{"type":"Feature","geometry":{"type":"Point","coordinates":[-121.74935567,38.54133341]},"properties":{"phone_id":"100000000355447.0","t":25630.0}},{"type":"Feature","geometry":{"type":"Point","coordinates":[-121.74912841,38.54122605]},"properties":{"phone_id":"100000000355465.0","t":25630.0}},{"type":"Feature","geometry":{"type":"Point","coordinates":[-121.74932966,38.54088299]},"properties":{"phone_id":"100000000355474.0","t":25630.0}},{"type":"Feature","geometry":{"type":"Point","coordinates":[-121.74964843,38.54110779]},"properties":{"phone_id":"100000000355492.0","t":25630.0}},{"type":"Feature","geometry":{"type":"Point","coordinates":[-121.74932477,38.54107559]},"properties":{"phone_id":"100000000355508.0","t":25630.0}},{"type":"Feature","geometry":{"type":"Point","coordinates":[-121.74907417,38.54111162]},"properties":{"phone_id":"100000000355526.0","t":25630.0}},{"type":"Feature","geometry":{"type":"Point","coordinates":[-121.74907417,38.54133341]},"properties":{"phone_id":"100000000355562.0","t":25630.0}},{"type":"Feature","geometry":{"type":"Point","coordinates":[-121.74964843,38.54088299]},"properties":{"phone_id":"100000000355571.0","t":25630.0}},{"type":"Feature","geometry":{"type":"Point","coordinates":[-121.74948279,38.54133341]},"properties":{"phone_id":"100000000355615.0","t":25630.0}},{"type":"Feature","geometry":{"type":"Point","coordinates":[-121.74964843,38.54133341]},"properties":{"phone_id":"100000000355624.0","t":25630.0}},{"type":"Feature","geometry":{"type":"Point","coordinates":[-121.74958672,38.54104995]},"properties":{"phone_id":"100000000355660.0","t":25630.0}},{"type":"Feature","geometry":{"type":"Point","coordinates":[-121.74951903,38.54088871]},"properties":{"phone_id":"100000000355679.0","t":25630.0}},{"type":"Feature","geometry":{"type":"Point","coordinates":[-121.74964843,38.54133341]},"properties":{"phone_id":"100000000355697.0","t":25630.0}},{"type":"Feature","geometry":{"type":"Point","coordinates":[-121.74907417,38.54088299]},"properties":{"phone_id":"100000000355704.0","t":25630.0}},{"type":"Feature","geometry":{"type":"Point","coordinates":[-121.74907417,38.54088299]},"properties":{"phone_id":"100000000355713.0","t":25630.0}},{"type":"Feature","geometry":{"type":"Point","coordinates":[-121.74920269,38.54119252]},"properties":{"phone_id":"100000000355722.0","t":25630.0}},{"type":"Feature","geometry":{"type":"Point","coordinates":[-121.74940213,38.54101828]},"properties":{"phone_id":"100000000355731.0","t":25630.0}},{"type":"Feature","geometry":{"type":"Point","coordinates":[-121.74929613,38.5409958]},"properties":{"phone_id":"100000000355740.0","t":25630.0}},{"type":"Feature","geometry":{"type":"Point","coordinates":[-121.74942403,38.54106743]},"properties":{"phone_id":"100000000355759.0","t":25630.0}},{"type":"Feature","geometry":{"type":"Point","coordinates":[-121.74924705,38.54116783]},"properties":{"phone_id":"100000000355768.0","t":25630.0}},{"type":"Feature","geometry":{"type":"Point","coordinates":[-121.74964843,38.54113607]},"properties":{"phone_id":"100000000355777.0","t":25630.0}},{"type":"Feature","geometry":{"type":"Point","coordinates":[-121.74953043,38.54102133]},"properties":{"phone_id":"100000000355786.0","t":25630.0}},{"type":"Feature","geometry":{"type":"Point","coordinates":[-121.74907417,38.54117074]},"properties":{"phone_id":"100000000355795.0","t":25630.0}},{"type":"Feature","geometry":{"type":"Point","coordinates":[-121.74964843,38.54115441]},"properties":{"phone_id":"100000000355802.0","t":25630.0}},{"type":"Feature","geometry":{"type":"Point","coordinates":[-121.74930671,38.54113171]},"properties":{"phone_id":"100000000355811.0","t":25630.0}},{"type":"Feature","geometry":{"type":"Point","coordinates":[-121.74927328,38.54133341]},"properties":{"phone_id":"100000000355820.0","t":25630.0}},{"type":"Feature","geometry":{"type":"Point","coordinates":[-121.74964843,38.54105624]},"properties":{"phone_id":"100000000355839.0","t":25630.0}},{"type":"Feature","geometry":{"type":"Point","coordinates":[-121.74931561,38.54112177]},"properties":{"phone_id":"100000000355848.0","t":25630.0}},{"type":"Feature","geometry":{"type":"Point","coordinates":[-121.74930313,38.54110362]},"properties":{"phone_id":"100000000355857.0","t":25630.0}},{"type":"Feature","geometry":{"type":"Point","coordinates":[-121.74920786,38.54088299]},"properties":{"phone_id":"100000000355866.0","t":25630.0}},{"type":"Feature","geometry":{"type":"Point","coordinates":[-121.74964843,38.54114663]},"properties":{"phone_id":"100000000355875.0","t":25630.0}},{"type":"Feature","geometry":{"type":"Point","coordinates":[-121.74948463,38.54130224]},"properties":{"phone_id":"100000000355884.0","t":25630.0}},{"type":"Feature","geometry":{"type":"Point","coordinates":[-121.74936573,38.54107598]},"properties":{"phone_id":"100000000355893.0","t":25630.0}},{"type":"Feature","geometry":{"type":"Point","coordinates":[-121.74917804,38.54133224]},"properties":{"phone_id":"100000000355900.0","t":25630.0}},{"type":"Feature","geometry":{"type":"Point","coordinates":[-121.74907481,38.54091551]},"properties":{"phone_id":"100000000355919.0","t":25630.0}},{"type":"Feature","geometry":{"type":"Point","coordinates":[-121.74961376,38.54123522]},"properties":{"phone_id":"100000000355928.0","t":25630.0}},{"type":"Feature","geometry":{"type":"Point","coordinates":[-121.74936418,38.5411347]},"properties":{"phone_id":"100000000355937.0","t":25630.0}},{"type":"Feature","geometry":{"type":"Point","coordinates":[-121.74964843,38.54123201]},"properties":{"phone_id":"100000000355946.0","t":25630.0}},{"type":"Feature","geometry":{"type":"Point","coordinates":[-121.74910641,38.54088299]},"properties":{"phone_id":"100000000355955.0","t":25630.0}},{"type":"Feature","geometry":{"type":"Point","coordinates":[-121.74907417,38.54094623]},"properties":{"phone_id":"100000000355964.0","t":25630.0}},{"type":"Feature","geometry":{"type":"Point","coordinates":[-121.74942689,38.54106498]},"properties":{"phone_id":"100000000355973.0","t":25630.0}},{"type":"Feature","geometry":{"type":"Point","coordinates":[-121.74964843,38.54099218]},"properties":{"phone_id":"100000000355982.0","t":25630.0}},{"type":"Feature","geometry":{"type":"Point","coordinates":[-121.74964394,38.54121871]},"properties":{"phone_id":"100000000355991.0","t":25630.0}},{"type":"Feature","geometry":{"type":"Point","coordinates":[-121.74964843,38.54113193]},"properties":{"phone_id":"100000000356008.0","t":25630.0}},{"type":"Feature","geometry":{"type":"Point","coordinates":[-121.74938502,38.54114515]},"properties":{"phone_id":"100000000356017.0","t":25630.0}},{"type":"Feature","geometry":{"type":"Point","coordinates":[-121.74936053,38.54105578]},"properties":{"phone_id":"100000000356026.0","t":25630.0}},{"type":"Feature","geometry":{"type":"Point","coordinates":[-121.74925296,38.54108175]},"properties":{"phone_id":"100000000356035.0","t":25630.0}},{"type":"Feature","geometry":{"type":"Point","coordinates":[-121.74939407,38.54112314]},"properties":{"phone_id":"100000000356044.0","t":25630.0}},{"type":"Feature","geometry":{"type":"Point","coordinates":[-121.74931696,38.54115558]},"properties":{"phone_id":"100000000356053.0","t":25630.0}},{"type":"Feature","geometry":{"type":"Point","coordinates":[-121.74955846,38.54114318]},"properties":{"phone_id":"100000000356062.0","t":25630.0}},{"type":"Feature","geometry":{"type":"Point","coordinates":[-121.74944679,38.54107992]},"properties":{"phone_id":"100000000356071.0","t":25630.0}},{"type":"Feature","geometry":{"type":"Point","coordinates":[-121.74911581,38.54094037]},"properties":{"phone_id":"100000000356080.0","t":25630.0}},{"type":"Feature","geometry":{"type":"Point","coordinates":[-121.74921288,38.54102847]},"properties":{"phone_id":"100000000356099.0","t":25630.0}},{"type":"Feature","geometry":{"type":"Point","coordinates":[-121.74964843,38.54115537]},"properties":{"phone_id":"100000000356106.0","t":25630.0}},{"type":"Feature","geometry":{"type":"Point","coordinates":[-121.74944821,38.54133304]},"properties":{"phone_id":"100000000356115.0","t":25630.0}},{"type":"Feature","geometry":{"type":"Point","coordinates":[-121.74964843,38.54095086]},"properties":{"phone_id":"100000000356124.0","t":25630.0}},{"type":"Feature","geometry":{"type":"Point","coordinates":[-121.74907417,38.54105795]},"properties":{"phone_id":"100000000356133.0","t":25630.0}},{"type":"Feature","geometry":{"type":"Point","coordinates":[-121.74938925,38.54091067]},"properties":{"phone_id":"100000000356142.0","t":25630.0}},{"type":"Feature","geometry":{"type":"Point","coordinates":[-121.7491145,38.54102715]},"properties":{"phone_id":"100000000356151.0","t":25630.0}},{"type":"Feature","geometry":{"type":"Point","coordinates":[-121.74960733,38.54117103]},"properties":{"phone_id":"100000000356160.0","t":25630.0}},{"type":"Feature","geometry":{"type":"Point","coordinates":[-121.74964843,38.54113113]},"properties":{"phone_id":"100000000356179.0","t":25630.0}},{"type":"Feature","geometry":{"type":"Point","coordinates":[-121.74930094,38.5412393]},"properties":{"phone_id":"100000000356188.0","t":25630.0}},{"type":"Feature","geometry":{"type":"Point","coordinates":[-121.74950651,38.54122221]},"properties":{"phone_id":"100000000356197.0","t":25630.0}},{"type":"Feature","geometry":{"type":"Point","coordinates":[-121.74937055,38.54133341]},"properties":{"phone_id":"100000000356204.0","t":25630.0}},{"type":"Feature","geometry":{"type":"Point","coordinates":[-121.74934784,38.54107692]},"properties":{"phone_id":"100000000356213.0","t":25630.0}},{"type":"Feature","geometry":{"type":"Point","coordinates":[-121.74947559,38.54127588]},"properties":{"phone_id":"100000000356222.0","t":25630.0}},{"type":"Feature","geometry":{"type":"Point","coordinates":[-121.74922145,38.54117186]},"properties":{"phone_id":"100000000356231.0","t":25630.0}},{"type":"Feature","geometry":{"type":"Point","coordinates":[-121.74955373,38.54109737]},"properties":{"phone_id":"100000000356240.0","t":25630.0}},{"type":"Feature","geometry":{"type":"Point","coordinates":[-121.74929028,38.54102963]},"properties":{"phone_id":"100000000356259.0","t":25630.0}},{"type":"Feature","geometry":{"type":"Point","coordinates":[-121.74928819,38.54104722]},"properties":{"phone_id":"100000000356268.0","t":25630.0}},{"type":"Feature","geometry":{"type":"Point","coordinates":[-121.74914166,38.54119266]},"properties":{"phone_id":"100000000356277.0","t":25630.0}},{"type":"Feature","geometry":{"type":"Point","coordinates":[-121.74928363,38.5410433]},"properties":{"phone_id":"100000000356286.0","t":25630.0}},{"type":"Feature","geometry":{"type":"Point","coordinates":[-121.74953591,38.54112887]},"properties":{"phone_id":"100000000356295.0","t":25630.0}},{"type":"Feature","geometry":{"type":"Point","coordinates":[-121.74924822,38.54109115]},"properties":{"phone_id":"100000000356302.0","t":25630.0}},{"type":"Feature","geometry":{"type":"Point","coordinates":[-121.74947919,38.5410731]},"properties":{"phone_id":"100000000356311.0","t":25630.0}},{"type":"Feature","geometry":{"type":"Point","coordinates":[-121.74923096,38.54104882]},"properties":{"phone_id":"100000000356320.0","t":25630.0}},{"type":"Feature","geometry":{"type":"Point","coordinates":[-121.74949637,38.54104804]},"properties":{"phone_id":"100000000356339.0","t":25630.0}},{"type":"Feature","geometry":{"type":"Point","coordinates":[-121.74915685,38.54110903]},"properties":{"phone_id":"100000000356348.0","t":25630.0}},{"type":"Feature","geometry":{"type":"Point","coordinates":[-121.74937127,38.54108297]},"properties":{"phone_id":"100000000356357.0","t":25630.0}},{"type":"Feature","geometry":{"type":"Point","coordinates":[-121.74938986,38.54104932]},"properties":{"phone_id":"100000000356366.0","t":25630.0}},{"type":"Feature","geometry":{"type":"Point","coordinates":[-121.74938334,38.54114587]},"properties":{"phone_id":"100000000356375.0","t":25630.0}},{"type":"Feature","geometry":{"type":"Point","coordinates":[-121.74936126,38.54120823]},"properties":{"phone_id":"100000000356384.0","t":25630.0}},{"type":"Feature","geometry":{"type":"Point","coordinates":[-121.74938986,38.54106594]},"properties":{"phone_id":"100000000356393.0","t":25630.0}},{"type":"Feature","geometry":{"type":"Point","coordinates":[-121.74938675,38.54111433]},"properties":{"phone_id":"100000000356400.0","t":25630.0}},{"type":"Feature","geometry":{"type":"Point","coordinates":[-121.74942211,38.54133341]},"properties":{"phone_id":"100000000353163.0","t":25632.5}},{"type":"Feature","geometry":{"type":"Point","coordinates":[-121.74964843,38.54109179]},"properties":{"phone_id":"100000000353680.0","t":25632.5}},{"type":"Feature","geometry":{"type":"Point","coordinates":[-121.74907417,38.54130183]},"properties":{"phone_id":"100000000354518.0","t":25632.5}},{"type":"Feature","geometry":{"type":"Point","coordinates":[-121.74907417,38.54088299]},"properties":{"phone_id":"100000000354741.0","t":25632.5}},{"type":"Feature","geometry":{"type":"Point","coordinates":[-121.74953212,38.541145]},"properties":{"phone_id":"100000000354787.0","t":25632.5}},{"type":"Feature","geometry":{"type":"Point","coordinates":[-121.74960159,38.54127018]},"properties":{"phone_id":"100000000355134.0","t":25632.5}},{"type":"Feature","geometry":{"type":"Point","coordinates":[-121.74963141,38.54088299]},"properties":{"phone_id":"100000000355143.0","t":25632.5}},{"type":"Feature","geometry":{"type":"Point","coordinates":[-121.74964843,38.54129537]},"properties":{"phone_id":"100000000355152.0","t":25632.5}},{"type":"Feature","geometry":{"type":"Point","coordinates":[-121.7495304,38.54088299]},"properties":{"phone_id":"100000000355170.0","t":25632.5}},{"type":"Feature","geometry":{"type":"Point","coordinates":[-121.74964843,38.54099367]},"properties":{"phone_id":"100000000355189.0","t":25632.5}},{"type":"Feature","geometry":{"type":"Point","coordinates":[-121.74964843,38.54121241]},"properties":{"phone_id":"100000000355214.0","t":25632.5}},{"type":"Feature","geometry":{"type":"Point","coordinates":[-121.74959462,38.54127025]},"properties":{"phone_id":"100000000355303.0","t":25632.5}},{"type":"Feature","geometry":{"type":"Point","coordinates":[-121.74907417,38.54123858]},"properties":{"phone_id":"100000000355321.0","t":25632.5}},{"type":"Feature","geometry":{"type":"Point","coordinates":[-121.74964843,38.54091358]},"properties":{"phone_id":"100000000355330.0","t":25632.5}},{"type":"Feature","geometry":{"type":"Point","coordinates":[-121.74921735,38.54133341]},"properties":{"phone_id":"100000000355349.0","t":25632.5}},{"type":"Feature","geometry":{"type":"Point","coordinates":[-121.74964843,38.54089896]},"properties":{"phone_id":"100000000355410.0","t":25632.5}},{"type":"Feature","geometry":{"type":"Point","coordinates":[-121.74935379,38.54133341]},"properties":{"phone_id":"100000000355447.0","t":25632.5}},{"type":"Feature","geometry":{"type":"Point","coordinates":[-121.74910248,38.54123576]},"properties":{"phone_id":"100000000355465.0","t":25632.5}},{"type":"Feature","geometry":{"type":"Point","coordinates":[-121.74932254,38.54088299]},"properties":{"phone_id":"100000000355474.0","t":25632.5}},{"type":"Feature","geometry":{"type":"Point","coordinates":[-121.74964843,38.54111365]},"properties":{"phone_id":"100000000355492.0","t":25632.5}},{"type":"Feature","geometry":{"type":"Point","coordinates":[-121.74928872,38.54107428]},"properties":{"phone_id":"100000000355508.0","t":25632.5}},{"type":"Feature","geometry":{"type":"Point","coordinates":[-121.74907417,38.54111058]},"properties":{"phone_id":"100000000355526.0","t":25632.5}},{"type":"Feature","geometry":{"type":"Point","coordinates":[-121.74907417,38.54133341]},"properties":{"phone_id":"100000000355562.0","t":25632.5}},{"type":"Feature","geometry":{"type":"Point","coordinates":[-121.74964843,38.54088299]},"properties":{"phone_id":"100000000355571.0","t":25632.5}},{"type":"Feature","geometry":{"type":"Point","coordinates":[-121.74949986,38.54133341]},"properties":{"phone_id":"100000000355615.0","t":25632.5}},{"type":"Feature","geometry":{"type":"Point","coordinates":[-121.74964843,38.54133341]},"properties":{"phone_id":"100000000355624.0","t":25632.5}},{"type":"Feature","geometry":{"type":"Point","coordinates":[-121.74961626,38.5410446]},"properties":{"phone_id":"100000000355660.0","t":25632.5}},{"type":"Feature","geometry":{"type":"Point","coordinates":[-121.74954066,38.54088299]},"properties":{"phone_id":"100000000355679.0","t":25632.5}},{"type":"Feature","geometry":{"type":"Point","coordinates":[-121.74964843,38.54133341]},"properties":{"phone_id":"100000000355697.0","t":25632.5}},{"type":"Feature","geometry":{"type":"Point","coordinates":[-121.74907417,38.54088299]},"properties":{"phone_id":"100000000355704.0","t":25632.5}},{"type":"Feature","geometry":{"type":"Point","coordinates":[-121.74907417,38.54088299]},"properties":{"phone_id":"100000000355713.0","t":25632.5}},{"type":"Feature","geometry":{"type":"Point","coordinates":[-121.7491753,38.54121188]},"properties":{"phone_id":"100000000355722.0","t":25632.5}},{"type":"Feature","geometry":{"type":"Point","coordinates":[-121.7494134,38.54099698]},"properties":{"phone_id":"100000000355731.0","t":25632.5}},{"type":"Feature","geometry":{"type":"Point","coordinates":[-121.74926948,38.54098299]},"properties":{"phone_id":"100000000355740.0","t":25632.5}},{"type":"Feature","geometry":{"type":"Point","coordinates":[-121.74943879,38.54104611]},"properties":{"phone_id":"100000000355759.0","t":25632.5}},{"type":"Feature","geometry":{"type":"Point","coordinates":[-121.74922176,38.54118832]},"properties":{"phone_id":"100000000355768.0","t":25632.5}},{"type":"Feature","geometry":{"type":"Point","coordinates":[-121.74964843,38.54113373]},"properties":{"phone_id":"100000000355777.0","t":25632.5}},{"type":"Feature","geometry":{"type":"Point","coordinates":[-121.749566,38.54101331]},"properties":{"phone_id":"100000000355786.0","t":25632.5}},{"type":"Feature","geometry":{"type":"Point","coordinates":[-121.74907417,38.54118232]},"properties":{"phone_id":"100000000355795.0","t":25632.5}},{"type":"Feature","geometry":{"type":"Point","coordinates":[-121.74964843,38.54116114]},"properties":{"phone_id":"100000000355802.0","t":25632.5}},{"type":"Feature","geometry":{"type":"Point","coordinates":[-121.7492789,38.54112554]},"properties":{"phone_id":"100000000355811.0","t":25632.5}},{"type":"Feature","geometry":{"type":"Point","coordinates":[-121.74925907,38.54133341]},"properties":{"phone_id":"100000000355820.0","t":25632.5}},{"type":"Feature","geometry":{"type":"Point","coordinates":[-121.74964843,38.5410531]},"properties":{"phone_id":"100000000355839.0","t":25632.5}},{"type":"Feature","geometry":{"type":"Point","coordinates":[-121.74929852,38.54114153]},"properties":{"phone_id":"100000000355848.0","t":25632.5}},{"type":"Feature","geometry":{"type":"Point","coordinates":[-121.74927718,38.5410837]},"properties":{"phone_id":"100000000355857.0","t":25632.5}},{"type":"Feature","geometry":{"type":"Point","coordinates":[-121.749184,38.54088299]},"properties":{"phone_id":"100000000355866.0","t":25632.5}},{"type":"Feature","geometry":{"type":"Point","coordinates":[-121.74964843,38.54115492]},"properties":{"phone_id":"100000000355875.0","t":25632.5}},{"type":"Feature","geometry":{"type":"Point","coordinates":[-121.74952209,38.54133341]},"properties":{"phone_id":"100000000355884.0","t":25632.5}},{"type":"Feature","geometry":{"type":"Point","coordinates":[-121.74935269,38.54105246]},"properties":{"phone_id":"100000000355893.0","t":25632.5}},{"type":"Feature","geometry":{"type":"Point","coordinates":[-121.74914501,38.54133341]},"properties":{"phone_id":"100000000355900.0","t":25632.5}},{"type":"Feature","geometry":{"type":"Point","coordinates":[-121.74907417,38.5408887]},"properties":{"phone_id":"100000000355919.0","t":25632.5}},{"type":"Feature","geometry":{"type":"Point","coordinates":[-121.74964843,38.54125535]},"properties":{"phone_id":"100000000355928.0","t":25632.5}},{"type":"Feature","geometry":{"type":"Point","coordinates":[-121.749391,38.5411181]},"properties":{"phone_id":"100000000355937.0","t":25632.5}},{"type":"Feature","geometry":{"type":"Point","coordinates":[-121.74964843,38.54125458]},"properties":{"phone_id":"100000000355946.0","t":25632.5}},{"type":"Feature","geometry":{"type":"Point","coordinates":[-121.74907417,38.54088299]},"properties":{"phone_id":"100000000355955.0","t":25632.5}},{"type":"Feature","geometry":{"type":"Point","coordinates":[-121.74907417,38.54094623]},"properties":{"phone_id":"100000000355964.0","t":25632.5}},{"type":"Feature","geometry":{"type":"Point","coordinates":[-121.74946208,38.5410625]},"properties":{"phone_id":"100000000355973.0","t":25632.5}},{"type":"Feature","geometry":{"type":"Point","coordinates":[-121.74964843,38.54097238]},"properties":{"phone_id":"100000000355982.0","t":25632.5}},{"type":"Feature","geometry":{"type":"Point","coordinates":[-121.74964843,38.54123938]},"properties":{"phone_id":"100000000355991.0","t":25632.5}},{"type":"Feature","geometry":{"type":"Point","coordinates":[-121.74964843,38.54112425]},"properties":{"phone_id":"100000000356008.0","t":25632.5}},{"type":"Feature","geometry":{"type":"Point","coordinates":[-121.74941562,38.54113583]},"properties":{"phone_id":"100000000356017.0","t":25632.5}},{"type":"Feature","geometry":{"type":"Point","coordinates":[-121.74938873,38.5410703]},"properties":{"phone_id":"100000000356026.0","t":25632.5}},{"type":"Feature","geometry":{"type":"Point","coordinates":[-121.74926436,38.54105903]},"properties":{"phone_id":"100000000356035.0","t":25632.5}},{"type":"Feature","geometry":{"type":"Point","coordinates":[-121.74936807,38.5411349]},"properties":{"phone_id":"100000000356044.0","t":25632.5}},{"type":"Feature","geometry":{"type":"Point","coordinates":[-121.74933423,38.54113637]},"properties":{"phone_id":"100000000356053.0","t":25632.5}},{"type":"Feature","geometry":{"type":"Point","coordinates":[-121.74961127,38.54116236]},"properties":{"phone_id":"100000000356062.0","t":25632.5}},{"type":"Feature","geometry":{"type":"Point","coordinates":[-121.74942909,38.54110067]},"properties":{"phone_id":"100000000356071.0","t":25632.5}},{"type":"Feature","geometry":{"type":"Point","coordinates":[-121.74907417,38.54090547]},"properties":{"phone_id":"100000000356080.0","t":25632.5}},{"type":"Feature","geometry":{"type":"Point","coordinates":[-121.7491663,38.54100123]},"properties":{"phone_id":"100000000356099.0","t":25632.5}},{"type":"Feature","geometry":{"type":"Point","coordinates":[-121.74964843,38.54115258]},"properties":{"phone_id":"100000000356106.0","t":25632.5}},{"type":"Feature","geometry":{"type":"Point","coordinates":[-121.74947304,38.54133341]},"properties":{"phone_id":"100000000356115.0","t":25632.5}},{"type":"Feature","geometry":{"type":"Point","coordinates":[-121.74964843,38.5409251]},"properties":{"phone_id":"100000000356124.0","t":25632.5}},{"type":"Feature","geometry":{"type":"Point","coordinates":[-121.74907417,38.54104834]},"properties":{"phone_id":"100000000356133.0","t":25632.5}},{"type":"Feature","geometry":{"type":"Point","coordinates":[-121.74939063,38.54088299]},"properties":{"phone_id":"100000000356142.0","t":25632.5}},{"type":"Feature","geometry":{"type":"Point","coordinates":[-121.74907417,38.54100789]},"properties":{"phone_id":"100000000356151.0","t":25632.5}},{"type":"Feature","geometry":{"type":"Point","coordinates":[-121.74964843,38.54117999]},"properties":{"phone_id":"100000000356160.0","t":25632.5}},{"type":"Feature","geometry":{"type":"Point","coordinates":[-121.74964843,38.54113113]},"properties":{"phone_id":"100000000356179.0","t":25632.5}},{"type":"Feature","geometry":{"type":"Point","coordinates":[-121.749279,38.54128158]},"properties":{"phone_id":"100000000356188.0","t":25632.5}},{"type":"Feature","geometry":{"type":"Point","coordinates":[-121.74954086,38.54125864]},"properties":{"phone_id":"100000000356197.0","t":25632.5}},{"type":"Feature","geometry":{"type":"Point","coordinates":[-121.74937892,38.54133341]},"properties":{"phone_id":"100000000356204.0","t":25632.5}},{"type":"Feature","geometry":{"type":"Point","coordinates":[-121.74938125,38.54108513]},"properties":{"phone_id":"100000000356213.0","t":25632.5}},{"type":"Feature","geometry":{"type":"Point","coordinates":[-121.74950723,38.54132529]},"properties":{"phone_id":"100000000356222.0","t":25632.5}},{"type":"Feature","geometry":{"type":"Point","coordinates":[-121.74916798,38.54119578]},"properties":{"phone_id":"100000000356231.0","t":25632.5}},{"type":"Feature","geometry":{"type":"Point","coordinates":[-121.74961394,38.54108742]},"properties":{"phone_id":"100000000356240.0","t":25632.5}},{"type":"Feature","geometry":{"type":"Point","coordinates":[-121.74931082,38.54104759]},"properties":{"phone_id":"100000000356259.0","t":25632.5}},{"type":"Feature","geometry":{"type":"Point","coordinates":[-121.74924653,38.54100995]},"properties":{"phone_id":"100000000356268.0","t":25632.5}},{"type":"Feature","geometry":{"type":"Point","coordinates":[-121.7490811,38.54122212]},"properties":{"phone_id":"100000000356277.0","t":25632.5}},{"type":"Feature","geometry":{"type":"Point","coordinates":[-121.74929621,38.54106575]},"properties":{"phone_id":"100000000356286.0","t":25632.5}},{"type":"Feature","geometry":{"type":"Point","coordinates":[-121.74960149,38.54113547]},"properties":{"phone_id":"100000000356295.0","t":25632.5}},{"type":"Feature","geometry":{"type":"Point","coordinates":[-121.74919301,38.54105739]},"properties":{"phone_id":"100000000356302.0","t":25632.5}},{"type":"Feature","geometry":{"type":"Point","coordinates":[-121.74953654,38.54104982]},"properties":{"phone_id":"100000000356311.0","t":25632.5}},{"type":"Feature","geometry":{"type":"Point","coordinates":[-121.7491728,38.54103452]},"properties":{"phone_id":"100000000356320.0","t":25632.5}},{"type":"Feature","geometry":{"type":"Point","coordinates":[-121.7494808,38.54107129]},"properties":{"phone_id":"100000000356339.0","t":25632.5}},{"type":"Feature","geometry":{"type":"Point","coordinates":[-121.74908657,38.54110949]},"properties":{"phone_id":"100000000356348.0","t":25632.5}},{"type":"Feature","geometry":{"type":"Point","coordinates":[-121.74940203,38.54112135]},"properties":{"phone_id":"100000000356357.0","t":25632.5}},{"type":"Feature","geometry":{"type":"Point","coordinates":[-121.74945059,38.54102165]},"properties":{"phone_id":"100000000356366.0","t":25632.5}},{"type":"Feature","geometry":{"type":"Point","coordinates":[-121.74939665,38.54119965]},"properties":{"phone_id":"100000000356375.0","t":25632.5}},{"type":"Feature","geometry":{"type":"Point","coordinates":[-121.74936869,38.54118367]},"properties":{"phone_id":"100000000356384.0","t":25632.5}},{"type":"Feature","geometry":{"type":"Point","coordinates":[-121.74934872,38.54110027]},"properties":{"phone_id":"100000000356393.0","t":25632.5}},{"type":"Feature","geometry":{"type":"Point","coordinates":[-121.74937135,38.54116172]},"properties":{"phone_id":"100000000356400.0","t":25632.5}},{"type":"Feature","geometry":{"type":"Point","coordinates":[-121.74942211,38.54133341]},"properties":{"phone_id":"100000000353163.0","t":25635.0}},{"type":"Feature","geometry":{"type":"Point","coordinates":[-121.74964843,38.54109179]},"properties":{"phone_id":"100000000353680.0","t":25635.0}},{"type":"Feature","geometry":{"type":"Point","coordinates":[-121.74907417,38.54130183]},"properties":{"phone_id":"100000000354518.0","t":25635.0}},{"type":"Feature","geometry":{"type":"Point","coordinates":[-121.74907417,38.54088299]},"properties":{"phone_id":"100000000354741.0","t":25635.0}},{"type":"Feature","geometry":{"type":"Point","coordinates":[-121.74953212,38.541145]},"properties":{"phone_id":"100000000354787.0","t":25635.0}},{"type":"Feature","geometry":{"type":"Point","coordinates":[-121.74962736,38.54128147]},"properties":{"phone_id":"100000000355134.0","t":25635.0}},{"type":"Feature","geometry":{"type":"Point","coordinates":[-121.74964696,38.54088299]},"properties":{"phone_id":"100000000355143.0","t":25635.0}},{"type":"Feature","geometry":{"type":"Point","coordinates":[-121.74964843,38.54131363]},"properties":{"phone_id":"100000000355152.0","t":25635.0}},{"type":"Feature","geometry":{"type":"Point","coordinates":[-121.74953542,38.54088299]},"properties":{"phone_id":"100000000355170.0","t":25635.0}},{"type":"Feature","geometry":{"type":"Point","coordinates":[-121.74964843,38.54098096]},"properties":{"phone_id":"100000000355189.0","t":25635.0}},{"type":"Feature","geometry":{"type":"Point","coordinates":[-121.74964843,38.54121327]},"properties":{"phone_id":"100000000355214.0","t":25635.0}},{"type":"Feature","geometry":{"type":"Point","coordinates":[-121.74961643,38.54128793]},"properties":{"phone_id":"100000000355303.0","t":25635.0}},{"type":"Feature","geometry":{"type":"Point","coordinates":[-121.74907417,38.54124832]},"properties":{"phone_id":"100000000355321.0","t":25635.0}},{"type":"Feature","geometry":{"type":"Point","coordinates":[-121.74964843,38.5408984]},"properties":{"phone_id":"100000000355330.0","t":25635.0}},{"type":"Feature","geometry":{"type":"Point","coordinates":[-121.74920626,38.54133341]},"properties":{"phone_id":"100000000355349.0","t":25635.0}},{"type":"Feature","geometry":{"type":"Point","coordinates":[-121.74964843,38.54088299]},"properties":{"phone_id":"100000000355410.0","t":25635.0}},{"type":"Feature","geometry":{"type":"Point","coordinates":[-121.74935332,38.54133341]},"properties":{"phone_id":"100000000355447.0","t":25635.0}},{"type":"Feature","geometry":{"type":"Point","coordinates":[-121.74907612,38.54124475]},"properties":{"phone_id":"100000000355465.0","t":25635.0}},{"type":"Feature","geometry":{"type":"Point","coordinates":[-121.74931816,38.54088299]},"properties":{"phone_id":"100000000355474.0","t":25635.0}},{"type":"Feature","geometry":{"type":"Point","coordinates":[-121.74964843,38.54111924]},"properties":{"phone_id":"100000000355492.0","t":25635.0}},{"type":"Feature","geometry":{"type":"Point","coordinates":[-121.74925286,38.54107108]},"properties":{"phone_id":"100000000355508.0","t":25635.0}},{"type":"Feature","geometry":{"type":"Point","coordinates":[-121.74907417,38.54111078]},"properties":{"phone_id":"100000000355526.0","t":25635.0}},{"type":"Feature","geometry":{"type":"Point","coordinates":[-121.74907417,38.54133341]},"properties":{"phone_id":"100000000355562.0","t":25635.0}},{"type":"Feature","geometry":{"type":"Point","coordinates":[-121.74964843,38.54088299]},"properties":{"phone_id":"100000000355571.0","t":25635.0}},{"type":"Feature","geometry":{"type":"Point","coordinates":[-121.74952059,38.54133341]},"properties":{"phone_id":"100000000355615.0","t":25635.0}},{"type":"Feature","geometry":{"type":"Point","coordinates":[-121.74964843,38.54133341]},"properties":{"phone_id":"100000000355624.0","t":25635.0}},{"type":"Feature","geometry":{"type":"Point","coordinates":[-121.74964595,38.54103981]},"properties":{"phone_id":"100000000355660.0","t":25635.0}},{"type":"Feature","geometry":{"type":"Point","coordinates":[-121.74956025,38.54088299]},"properties":{"phone_id":"100000000355679.0","t":25635.0}},{"type":"Feature","geometry":{"type":"Point","coordinates":[-121.74964843,38.54133341]},"properties":{"phone_id":"100000000355697.0","t":25635.0}},{"type":"Feature","geometry":{"type":"Point","coordinates":[-121.74907417,38.54088299]},"properties":{"phone_id":"100000000355704.0","t":25635.0}},{"type":"Feature","geometry":{"type":"Point","coordinates":[-121.74907417,38.54088299]},"properties":{"phone_id":"100000000355713.0","t":25635.0}},{"type":"Feature","geometry":{"type":"Point","coordinates":[-121.74914706,38.54123047]},"properties":{"phone_id":"100000000355722.0","t":25635.0}},{"type":"Feature","geometry":{"type":"Point","coordinates":[-121.74942528,38.54097587]},"properties":{"phone_id":"100000000355731.0","t":25635.0}},{"type":"Feature","geometry":{"type":"Point","coordinates":[-121.74924173,38.54097174]},"properties":{"phone_id":"100000000355740.0","t":25635.0}},{"type":"Feature","geometry":{"type":"Point","coordinates":[-121.74945362,38.54102482]},"properties":{"phone_id":"100000000355759.0","t":25635.0}},{"type":"Feature","geometry":{"type":"Point","coordinates":[-121.74919867,38.54121034]},"properties":{"phone_id":"100000000355768.0","t":25635.0}},{"type":"Feature","geometry":{"type":"Point","coordinates":[-121.74964843,38.54113185]},"properties":{"phone_id":"100000000355777.0","t":25635.0}},{"type":"Feature","geometry":{"type":"Point","coordinates":[-121.74960195,38.54100645]},"properties":{"phone_id":"100000000355786.0","t":25635.0}},{"type":"Feature","geometry":{"type":"Point","coordinates":[-121.74907417,38.54119581]},"properties":{"phone_id":"100000000355795.0","t":25635.0}},{"type":"Feature","geometry":{"type":"Point","coordinates":[-121.74964843,38.5411689]},"properties":{"phone_id":"100000000355802.0","t":25635.0}},{"type":"Feature","geometry":{"type":"Point","coordinates":[-121.74925103,38.54111952]},"properties":{"phone_id":"100000000355811.0","t":25635.0}},{"type":"Feature","geometry":{"type":"Point","coordinates":[-121.74924704,38.54133341]},"properties":{"phone_id":"100000000355820.0","t":25635.0}},{"type":"Feature","geometry":{"type":"Point","coordinates":[-121.74964843,38.54104623]},"properties":{"phone_id":"100000000355839.0","t":25635.0}},{"type":"Feature","geometry":{"type":"Point","coordinates":[-121.74928249,38.54116183]},"properties":{"phone_id":"100000000355848.0","t":25635.0}},{"type":"Feature","geometry":{"type":"Point","coordinates":[-121.74925123,38.54106378]},"properties":{"phone_id":"100000000355857.0","t":25635.0}},{"type":"Feature","geometry":{"type":"Point","coordinates":[-121.74916465,38.54088299]},"properties":{"phone_id":"100000000355866.0","t":25635.0}},{"type":"Feature","geometry":{"type":"Point","coordinates":[-121.74964843,38.54116091]},"properties":{"phone_id":"100000000355875.0","t":25635.0}},{"type":"Feature","geometry":{"type":"Point","coordinates":[-121.74955844,38.54133341]},"properties":{"phone_id":"100000000355884.0","t":25635.0}},{"type":"Feature","geometry":{"type":"Point","coordinates":[-121.74933764,38.54102968]},"properties":{"phone_id":"100000000355893.0","t":25635.0}},{"type":"Feature","geometry":{"type":"Point","coordinates":[-121.7491074,38.54133341]},"properties":{"phone_id":"100000000355900.0","t":25635.0}},{"type":"Feature","geometry":{"type":"Point","coordinates":[-121.74907417,38.54088299]},"properties":{"phone_id":"100000000355919.0","t":25635.0}},{"type":"Feature","geometry":{"type":"Point","coordinates":[-121.74964843,38.54127448]},"properties":{"phone_id":"100000000355928.0","t":25635.0}},{"type":"Feature","geometry":{"type":"Point","coordinates":[-121.74941834,38.54110203]},"properties":{"phone_id":"100000000355937.0","t":25635.0}},{"type":"Feature","geometry":{"type":"Point","coordinates":[-121.74964843,38.54127455]},"properties":{"phone_id":"100000000355946.0","t":25635.0}},{"type":"Feature","geometry":{"type":"Point","coordinates":[-121.74907417,38.54088299]},"properties":{"phone_id":"100000000355955.0","t":25635.0}},{"type":"Feature","geometry":{"type":"Point","coordinates":[-121.74907417,38.54094623]},"properties":{"phone_id":"100000000355964.0","t":25635.0}},{"type":"Feature","geometry":{"type":"Point","coordinates":[-121.74949721,38.54105962]},"properties":{"phone_id":"100000000355973.0","t":25635.0}},{"type":"Feature","geometry":{"type":"Point","coordinates":[-121.74964843,38.54095076]},"properties":{"phone_id":"100000000355982.0","t":25635.0}},{"type":"Feature","geometry":{"type":"Point","coordinates":[-121.74964843,38.54126137]},"properties":{"phone_id":"100000000355991.0","t":25635.0}},{"type":"Feature","geometry":{"type":"Point","coordinates":[-121.74964843,38.54111456]},"properties":{"phone_id":"100000000356008.0","t":25635.0}},{"type":"Feature","geometry":{"type":"Point","coordinates":[-121.74944687,38.54112797]},"properties":{"phone_id":"100000000356017.0","t":25635.0}},{"type":"Feature","geometry":{"type":"Point","coordinates":[-121.74941618,38.54108568]},"properties":{"phone_id":"100000000356026.0","t":25635.0}},{"type":"Feature","geometry":{"type":"Point","coordinates":[-121.7492763,38.54103649]},"properties":{"phone_id":"100000000356035.0","t":25635.0}},{"type":"Feature","geometry":{"type":"Point","coordinates":[-121.7493415,38.54114585]},"properties":{"phone_id":"100000000356044.0","t":25635.0}},{"type":"Feature","geometry":{"type":"Point","coordinates":[-121.74935284,38.54111796]},"properties":{"phone_id":"100000000356053.0","t":25635.0}},{"type":"Feature","geometry":{"type":"Point","coordinates":[-121.74964843,38.54118085]},"properties":{"phone_id":"100000000356062.0","t":25635.0}},{"type":"Feature","geometry":{"type":"Point","coordinates":[-121.7494124,38.54112193]},"properties":{"phone_id":"100000000356071.0","t":25635.0}},{"type":"Feature","geometry":{"type":"Point","coordinates":[-121.74907417,38.54088299]},"properties":{"phone_id":"100000000356080.0","t":25635.0}},{"type":"Feature","geometry":{"type":"Point","coordinates":[-121.74911873,38.54097506]},"properties":{"phone_id":"100000000356099.0","t":25635.0}},{"type":"Feature","geometry":{"type":"Point","coordinates":[-121.74964843,38.54114869]},"properties":{"phone_id":"100000000356106.0","t":25635.0}},{"type":"Feature","geometry":{"type":"Point","coordinates":[-121.7494989,38.54133341]},"properties":{"phone_id":"100000000356115.0","t":25635.0}},{"type":"Feature","geometry":{"type":"Point","coordinates":[-121.74964843,38.54090134]},"properties":{"phone_id":"100000000356124.0","t":25635.0}},{"type":"Feature","geometry":{"type":"Point","coordinates":[-121.74907417,38.54103739]},"properties":{"phone_id":"100000000356133.0","t":25635.0}},{"type":"Feature","geometry":{"type":"Point","coordinates":[-121.74939572,38.54088299]},"properties":{"phone_id":"100000000356142.0","t":25635.0}},{"type":"Feature","geometry":{"type":"Point","coordinates":[-121.74907417,38.540987]},"properties":{"phone_id":"100000000356151.0","t":25635.0}},{"type":"Feature","geometry":{"type":"Point","coordinates":[-121.74964843,38.54119225]},"properties":{"phone_id":"100000000356160.0","t":25635.0}},{"type":"Feature","geometry":{"type":"Point","coordinates":[-121.74964843,38.54113113]},"properties":{"phone_id":"100000000356179.0","t":25635.0}},{"type":"Feature","geometry":{"type":"Point","coordinates":[-121.74925362,38.54132266]},"properties":{"phone_id":"100000000356188.0","t":25635.0}},{"type":"Feature","geometry":{"type":"Point","coordinates":[-121.7495751,38.54129513]},"properties":{"phone_id":"100000000356197.0","t":25635.0}},{"type":"Feature","geometry":{"type":"Point","coordinates":[-121.7493865,38.54133341]},"properties":{"phone_id":"100000000356204.0","t":25635.0}},{"type":"Feature","geometry":{"type":"Point","coordinates":[-121.74941491,38.54109269]},"properties":{"phone_id":"100000000356213.0","t":25635.0}},{"type":"Feature","geometry":{"type":"Point","coordinates":[-121.74953708,38.54133341]},"properties":{"phone_id":"100000000356222.0","t":25635.0}},{"type":"Feature","geometry":{"type":"Point","coordinates":[-121.74911543,38.54122094]},"properties":{"phone_id":"100000000356231.0","t":25635.0}},{"type":"Feature","geometry":{"type":"Point","coordinates":[-121.74964843,38.54107827]},"properties":{"phone_id":"100000000356240.0","t":25635.0}},{"type":"Feature","geometry":{"type":"Point","coordinates":[-121.74933306,38.54106427]},"properties":{"phone_id":"100000000356259.0","t":25635.0}},{"type":"Feature","geometry":{"type":"Point","coordinates":[-121.74920547,38.54097227]},"properties":{"phone_id":"100000000356268.0","t":25635.0}},{"type":"Feature","geometry":{"type":"Point","coordinates":[-121.74907417,38.54125074]},"properties":{"phone_id":"100000000356277.0","t":25635.0}},{"type":"Feature","geometry":{"type":"Point","coordinates":[-121.74930867,38.54108824]},"properties":{"phone_id":"100000000356286.0","t":25635.0}},{"type":"Feature","geometry":{"type":"Point","coordinates":[-121.74964843,38.54114023]},"properties":{"phone_id":"100000000356295.0","t":25635.0}},{"type":"Feature","geometry":{"type":"Point","coordinates":[-121.74913796,38.54102346]},"properties":{"phone_id":"100000000356302.0","t":25635.0}},{"type":"Feature","geometry":{"type":"Point","coordinates":[-121.74959609,38.54103024]},"properties":{"phone_id":"100000000356311.0","t":25635.0}},{"type":"Feature","geometry":{"type":"Point","coordinates":[-121.74911625,38.54101671]},"properties":{"phone_id":"100000000356320.0","t":25635.0}},{"type":"Feature","geometry":{"type":"Point","coordinates":[-121.74946453,38.54109424]},"properties":{"phone_id":"100000000356339.0","t":25635.0}},{"type":"Feature","geometry":{"type":"Point","coordinates":[-121.74907417,38.54111215]},"properties":{"phone_id":"100000000356348.0","t":25635.0}},{"type":"Feature","geometry":{"type":"Point","coordinates":[-121.74943459,38.54115881]},"properties":{"phone_id":"100000000356357.0","t":25635.0}},{"type":"Feature","geometry":{"type":"Point","coordinates":[-121.74950956,38.54099174]},"properties":{"phone_id":"100000000356366.0","t":25635.0}},{"type":"Feature","geometry":{"type":"Point","coordinates":[-121.7494068,38.54125385]},"properties":{"phone_id":"100000000356375.0","t":25635.0}},{"type":"Feature","geometry":{"type":"Point","coordinates":[-121.74937704,38.54115929]},"properties":{"phone_id":"100000000356384.0","t":25635.0}},{"type":"Feature","geometry":{"type":"Point","coordinates":[-121.74930697,38.54113414]},"properties":{"phone_id":"100000000356393.0","t":25635.0}},{"type":"Feature","geometry":{"type":"Point","coordinates":[-121.74935651,38.54120922]},"properties":{"phone_id":"100000000356400.0","t":25635.0}},{"type":"Feature","geometry":{"type":"Point","coordinates":[-121.74942211,38.54133341]},"properties":{"phone_id":"100000000353163.0","t":25637.5}},{"type":"Feature","geometry":{"type":"Point","coordinates":[-121.74964843,38.54109179]},"properties":{"phone_id":"100000000353680.0","t":25637.5}},{"type":"Feature","geometry":{"type":"Point","coordinates":[-121.74907417,38.54130183]},"properties":{"phone_id":"100000000354518.0","t":25637.5}},{"type":"Feature","geometry":{"type":"Point","coordinates":[-121.74907417,38.54088299]},"properties":{"phone_id":"100000000354741.0","t":25637.5}},{"type":"Feature","geometry":{"type":"Point","coordinates":[-121.74953212,38.541145]},"properties":{"phone_id":"100000000354787.0","t":25637.5}},{"type":"Feature","geometry":{"type":"Point","coordinates":[-121.74964843,38.5412926]},"properties":{"phone_id":"100000000355134.0","t":25637.5}},{"type":"Feature","geometry":{"type":"Point","coordinates":[-121.74964843,38.54088299]},"properties":{"phone_id":"100000000355143.0","t":25637.5}},{"type":"Feature","geometry":{"type":"Point","coordinates":[-121.74964843,38.54133337]},"properties":{"phone_id":"100000000355152.0","t":25637.5}},{"type":"Feature","geometry":{"type":"Point","coordinates":[-121.74954108,38.54088299]},"properties":{"phone_id":"100000000355170.0","t":25637.5}},{"type":"Feature","geometry":{"type":"Point","coordinates":[-121.74964843,38.54096914]},"properties":{"phone_id":"100000000355189.0","t":25637.5}},{"type":"Feature","geometry":{"type":"Point","coordinates":[-121.74964843,38.54121565]},"properties":{"phone_id":"100000000355214.0","t":25637.5}},{"type":"Feature","geometry":{"type":"Point","coordinates":[-121.74963954,38.54130457]},"properties":{"phone_id":"100000000355303.0","t":25637.5}},{"type":"Feature","geometry":{"type":"Point","coordinates":[-121.74907417,38.54125819]},"properties":{"phone_id":"100000000355321.0","t":25637.5}},{"type":"Feature","geometry":{"type":"Point","coordinates":[-121.74964843,38.54088492]},"properties":{"phone_id":"100000000355330.0","t":25637.5}},{"type":"Feature","geometry":{"type":"Point","coordinates":[-121.74919237,38.54133341]},"properties":{"phone_id":"100000000355349.0","t":25637.5}},{"type":"Feature","geometry":{"type":"Point","coordinates":[-121.74964843,38.54088299]},"properties":{"phone_id":"100000000355410.0","t":25637.5}},{"type":"Feature","geometry":{"type":"Point","coordinates":[-121.7493537,38.54133341]},"properties":{"phone_id":"100000000355447.0","t":25637.5}},{"type":"Feature","geometry":{"type":"Point","coordinates":[-121.74907417,38.54125451]},"properties":{"phone_id":"100000000355465.0","t":25637.5}},{"type":"Feature","geometry":{"type":"Point","coordinates":[-121.74931158,38.54088299]},"properties":{"phone_id":"100000000355474.0","t":25637.5}},{"type":"Feature","geometry":{"type":"Point","coordinates":[-121.74964843,38.5411231]},"properties":{"phone_id":"100000000355492.0","t":25637.5}},{"type":"Feature","geometry":{"type":"Point","coordinates":[-121.7492168,38.54107008]},"properties":{"phone_id":"100000000355508.0","t":25637.5}},{"type":"Feature","geometry":{"type":"Point","coordinates":[-121.74907417,38.5411124]},"properties":{"phone_id":"100000000355526.0","t":25637.5}},{"type":"Feature","geometry":{"type":"Point","coordinates":[-121.74907417,38.54133341]},"properties":{"phone_id":"100000000355562.0","t":25637.5}},{"type":"Feature","geometry":{"type":"Point","coordinates":[-121.74964843,38.54088299]},"properties":{"phone_id":"100000000355571.0","t":25637.5}},{"type":"Feature","geometry":{"type":"Point","coordinates":[-121.74954554,38.54133341]},"properties":{"phone_id":"100000000355615.0","t":25637.5}},{"type":"Feature","geometry":{"type":"Point","coordinates":[-121.74964843,38.54133341]},"properties":{"phone_id":"100000000355624.0","t":25637.5}},{"type":"Feature","geometry":{"type":"Point","coordinates":[-121.74964843,38.54103307]},"properties":{"phone_id":"100000000355660.0","t":25637.5}},{"type":"Feature","geometry":{"type":"Point","coordinates":[-121.74957852,38.54088299]},"properties":{"phone_id":"100000000355679.0","t":25637.5}},{"type":"Feature","geometry":{"type":"Point","coordinates":[-121.74964843,38.54133341]},"properties":{"phone_id":"100000000355697.0","t":25637.5}},{"type":"Feature","geometry":{"type":"Point","coordinates":[-121.74907417,38.54088299]},"properties":{"phone_id":"100000000355704.0","t":25637.5}},{"type":"Feature","geometry":{"type":"Point","coordinates":[-121.74907417,38.54088299]},"properties":{"phone_id":"100000000355713.0","t":25637.5}},{"type":"Feature","geometry":{"type":"Point","coordinates":[-121.7491174,38.54124764]},"properties":{"phone_id":"100000000355722.0","t":25637.5}},{"type":"Feature","geometry":{"type":"Point","coordinates":[-121.74943602,38.5409544]},"properties":{"phone_id":"100000000355731.0","t":25637.5}},{"type":"Feature","geometry":{"type":"Point","coordinates":[-121.74921283,38.54096241]},"properties":{"phone_id":"100000000355740.0","t":25637.5}},{"type":"Feature","geometry":{"type":"Point","coordinates":[-121.74946817,38.54100341]},"properties":{"phone_id":"100000000355759.0","t":25637.5}},{"type":"Feature","geometry":{"type":"Point","coordinates":[-121.74917511,38.54123206]},"properties":{"phone_id":"100000000355768.0","t":25637.5}},{"type":"Feature","geometry":{"type":"Point","coordinates":[-121.74964843,38.54112856]},"properties":{"phone_id":"100000000355777.0","t":25637.5}},{"type":"Feature","geometry":{"type":"Point","coordinates":[-121.74963791,38.5409996]},"properties":{"phone_id":"100000000355786.0","t":25637.5}},{"type":"Feature","geometry":{"type":"Point","coordinates":[-121.74907417,38.54121349]},"properties":{"phone_id":"100000000355795.0","t":25637.5}},{"type":"Feature","geometry":{"type":"Point","coordinates":[-121.74964843,38.54117438]},"properties":{"phone_id":"100000000355802.0","t":25637.5}},{"type":"Feature","geometry":{"type":"Point","coordinates":[-121.74922273,38.54111491]},"properties":{"phone_id":"100000000355811.0","t":25637.5}},{"type":"Feature","geometry":{"type":"Point","coordinates":[-121.74923281,38.54133341]},"properties":{"phone_id":"100000000355820.0","t":25637.5}},{"type":"Feature","geometry":{"type":"Point","coordinates":[-121.74964843,38.54103614]},"properties":{"phone_id":"100000000355839.0","t":25637.5}},{"type":"Feature","geometry":{"type":"Point","coordinates":[-121.74926495,38.54118135]},"properties":{"phone_id":"100000000355848.0","t":25637.5}},{"type":"Feature","geometry":{"type":"Point","coordinates":[-121.74922756,38.54104218]},"properties":{"phone_id":"100000000355857.0","t":25637.5}},{"type":"Feature","geometry":{"type":"Point","coordinates":[-121.74914119,38.54088299]},"properties":{"phone_id":"100000000355866.0","t":25637.5}},{"type":"Feature","geometry":{"type":"Point","coordinates":[-121.74964843,38.5411686]},"properties":{"phone_id":"100000000355875.0","t":25637.5}},{"type":"Feature","geometry":{"type":"Point","coordinates":[-121.74959785,38.54133341]},"properties":{"phone_id":"100000000355884.0","t":25637.5}},{"type":"Feature","geometry":{"type":"Point","coordinates":[-121.74932416,38.54100631]},"properties":{"phone_id":"100000000355893.0","t":25637.5}},{"type":"Feature","geometry":{"type":"Point","coordinates":[-121.74907417,38.54133341]},"properties":{"phone_id":"100000000355900.0","t":25637.5}},{"type":"Feature","geometry":{"type":"Point","coordinates":[-121.74907417,38.54088299]},"properties":{"phone_id":"100000000355919.0","t":25637.5}},{"type":"Feature","geometry":{"type":"Point","coordinates":[-121.74964843,38.54129379]},"properties":{"phone_id":"100000000355928.0","t":25637.5}},{"type":"Feature","geometry":{"type":"Point","coordinates":[-121.74944662,38.541087]},"properties":{"phone_id":"100000000355937.0","t":25637.5}},{"type":"Feature","geometry":{"type":"Point","coordinates":[-121.74964843,38.54129283]},"properties":{"phone_id":"100000000355946.0","t":25637.5}},{"type":"Feature","geometry":{"type":"Point","coordinates":[-121.74907417,38.54088299]},"properties":{"phone_id":"100000000355955.0","t":25637.5}},{"type":"Feature","geometry":{"type":"Point","coordinates":[-121.74907417,38.54094623]},"properties":{"phone_id":"100000000355964.0","t":25637.5}},{"type":"Feature","geometry":{"type":"Point","coordinates":[-121.7495325,38.54105834]},"properties":{"phone_id":"100000000355973.0","t":25637.5}},{"type":"Feature","geometry":{"type":"Point","coordinates":[-121.74964843,38.54092632]},"properties":{"phone_id":"100000000355982.0","t":25637.5}},{"type":"Feature","geometry":{"type":"Point","coordinates":[-121.74964843,38.54128338]},"properties":{"phone_id":"100000000355991.0","t":25637.5}},{"type":"Feature","geometry":{"type":"Point","coordinates":[-121.74964843,38.54110756]},"properties":{"phone_id":"100000000356008.0","t":25637.5}},{"type":"Feature","geometry":{"type":"Point","coordinates":[-121.74947851,38.54112112]},"properties":{"phone_id":"100000000356017.0","t":25637.5}},{"type":"Feature","geometry":{"type":"Point","coordinates":[-121.74944303,38.54110169]},"properties":{"phone_id":"100000000356026.0","t":25637.5}},{"type":"Feature","geometry":{"type":"Point","coordinates":[-121.74928617,38.54101335]},"properties":{"phone_id":"100000000356035.0","t":25637.5}},{"type":"Feature","geometry":{"type":"Point","coordinates":[-121.74931408,38.5411554]},"properties":{"phone_id":"100000000356044.0","t":25637.5}},{"type":"Feature","geometry":{"type":"Point","coordinates":[-121.74936992,38.54109865]},"properties":{"phone_id":"100000000356053.0","t":25637.5}},{"type":"Feature","geometry":{"type":"Point","coordinates":[-121.74964843,38.54120257]},"properties":{"phone_id":"100000000356062.0","t":25637.5}},{"type":"Feature","geometry":{"type":"Point","coordinates":[-121.74939357,38.54114206]},"properties":{"phone_id":"100000000356071.0","t":25637.5}},{"type":"Feature","geometry":{"type":"Point","coordinates":[-121.74907417,38.54088299]},"properties":{"phone_id":"100000000356080.0","t":25637.5}},{"type":"Feature","geometry":{"type":"Point","coordinates":[-121.74907417,38.5409471]},"properties":{"phone_id":"100000000356099.0","t":25637.5}},{"type":"Feature","geometry":{"type":"Point","coordinates":[-121.74964843,38.54114277]},"properties":{"phone_id":"100000000356106.0","t":25637.5}},{"type":"Feature","geometry":{"type":"Point","coordinates":[-121.74952812,38.54133341]},"properties":{"phone_id":"100000000356115.0","t":25637.5}},{"type":"Feature","geometry":{"type":"Point","coordinates":[-121.74964843,38.54088299]},"properties":{"phone_id":"100000000356124.0","t":25637.5}},{"type":"Feature","geometry":{"type":"Point","coordinates":[-121.74907417,38.54103039]},"properties":{"phone_id":"100000000356133.0","t":25637.5}},{"type":"Feature","geometry":{"type":"Point","coordinates":[-121.74940438,38.54088299]},"properties":{"phone_id":"100000000356142.0","t":25637.5}},{"type":"Feature","geometry":{"type":"Point","coordinates":[-121.74907417,38.54096245]},"properties":{"phone_id":"100000000356151.0","t":25637.5}},{"type":"Feature","geometry":{"type":"Point","coordinates":[-121.74964843,38.54120403]},"properties":{"phone_id":"100000000356160.0","t":25637.5}},{"type":"Feature","geometry":{"type":"Point","coordinates":[-121.74964843,38.54113113]},"properties":{"phone_id":"100000000356179.0","t":25637.5}},{"type":"Feature","geometry":{"type":"Point","coordinates":[-121.74923109,38.54133341]},"properties":{"phone_id":"100000000356188.0","t":25637.5}},{"type":"Feature","geometry":{"type":"Point","coordinates":[-121.7496085,38.5413321]},"properties":{"phone_id":"100000000356197.0","t":25637.5}},{"type":"Feature","geometry":{"type":"Point","coordinates":[-121.7493992,38.54133341]},"properties":{"phone_id":"100000000356204.0","t":25637.5}},{"type":"Feature","geometry":{"type":"Point","coordinates":[-121.74944781,38.54110208]},"properties":{"phone_id":"100000000356213.0","t":25637.5}},{"type":"Feature","geometry":{"type":"Point","coordinates":[-121.74956184,38.54133341]},"properties":{"phone_id":"100000000356222.0","t":25637.5}},{"type":"Feature","geometry":{"type":"Point","coordinates":[-121.74907417,38.54124545]},"properties":{"phone_id":"100000000356231.0","t":25637.5}},{"type":"Feature","geometry":{"type":"Point","coordinates":[-121.74964843,38.54106696]},"properties":{"phone_id":"100000000356240.0","t":25637.5}},{"type":"Feature","geometry":{"type":"Point","coordinates":[-121.74935603,38.54108031]},"properties":{"phone_id":"100000000356259.0","t":25637.5}},{"type":"Feature","geometry":{"type":"Point","coordinates":[-121.7491685,38.54093206]},"properties":{"phone_id":"100000000356268.0","t":25637.5}},{"type":"Feature","geometry":{"type":"Point","coordinates":[-121.74907417,38.54127565]},"properties":{"phone_id":"100000000356277.0","t":25637.5}},{"type":"Feature","geometry":{"type":"Point","coordinates":[-121.74932066,38.54111088]},"properties":{"phone_id":"100000000356286.0","t":25637.5}},{"type":"Feature","geometry":{"type":"Point","coordinates":[-121.74964843,38.54114208]},"properties":{"phone_id":"100000000356295.0","t":25637.5}},{"type":"Feature","geometry":{"type":"Point","coordinates":[-121.74908199,38.54099048]},"properties":{"phone_id":"100000000356302.0","t":25637.5}},{"type":"Feature","geometry":{"type":"Point","coordinates":[-121.74964843,38.54100879]},"properties":{"phone_id":"100000000356311.0","t":25637.5}},{"type":"Feature","geometry":{"type":"Point","coordinates":[-121.74907417,38.54099661]},"properties":{"phone_id":"100000000356320.0","t":25637.5}},{"type":"Feature","geometry":{"type":"Point","coordinates":[-121.749447,38.54111661]},"properties":{"phone_id":"100000000356339.0","t":25637.5}},{"type":"Feature","geometry":{"type":"Point","coordinates":[-121.74907417,38.54111556]},"properties":{"phone_id":"100000000356348.0","t":25637.5}},{"type":"Feature","geometry":{"type":"Point","coordinates":[-121.74946336,38.54119813]},"properties":{"phone_id":"100000000356357.0","t":25637.5}},{"type":"Feature","geometry":{"type":"Point","coordinates":[-121.7495677,38.54096084]},"properties":{"phone_id":"100000000356366.0","t":25637.5}},{"type":"Feature","geometry":{"type":"Point","coordinates":[-121.74941808,38.54130792]},"properties":{"phone_id":"100000000356375.0","t":25637.5}},{"type":"Feature","geometry":{"type":"Point","coordinates":[-121.74938397,38.54113464]},"properties":{"phone_id":"100000000356384.0","t":25637.5}},{"type":"Feature","geometry":{"type":"Point","coordinates":[-121.74926834,38.54117023]},"properties":{"phone_id":"100000000356393.0","t":25637.5}},{"type":"Feature","geometry":{"type":"Point","coordinates":[-121.74933659,38.54125556]},"properties":{"phone_id":"100000000356400.0","t":25637.5}},{"type":"Feature","geometry":{"type":"Point","coordinates":[-121.74942211,38.54133341]},"properties":{"phone_id":"100000000353163.0","t":25640.0}},{"type":"Feature","geometry":{"type":"Point","coordinates":[-121.74964843,38.54109179]},"properties":{"phone_id":"100000000353680.0","t":25640.0}},{"type":"Feature","geometry":{"type":"Point","coordinates":[-121.74907417,38.54130183]},"properties":{"phone_id":"100000000354518.0","t":25640.0}},{"type":"Feature","geometry":{"type":"Point","coordinates":[-121.74907417,38.54088299]},"properties":{"phone_id":"100000000354741.0","t":25640.0}},{"type":"Feature","geometry":{"type":"Point","coordinates":[-121.74953212,38.541145]},"properties":{"phone_id":"100000000354787.0","t":25640.0}},{"type":"Feature","geometry":{"type":"Point","coordinates":[-121.74964843,38.54130353]},"properties":{"phone_id":"100000000355134.0","t":25640.0}},{"type":"Feature","geometry":{"type":"Point","coordinates":[-121.74964843,38.54088299]},"properties":{"phone_id":"100000000355143.0","t":25640.0}},{"type":"Feature","geometry":{"type":"Point","coordinates":[-121.74964843,38.54133341]},"properties":{"phone_id":"100000000355152.0","t":25640.0}},{"type":"Feature","geometry":{"type":"Point","coordinates":[-121.74954875,38.54088299]},"properties":{"phone_id":"100000000355170.0","t":25640.0}},{"type":"Feature","geometry":{"type":"Point","coordinates":[-121.74964843,38.5409556]},"properties":{"phone_id":"100000000355189.0","t":25640.0}},{"type":"Feature","geometry":{"type":"Point","coordinates":[-121.74964843,38.54121896]},"properties":{"phone_id":"100000000355214.0","t":25640.0}},{"type":"Feature","geometry":{"type":"Point","coordinates":[-121.74964843,38.541322]},"properties":{"phone_id":"100000000355303.0","t":25640.0}},{"type":"Feature","geometry":{"type":"Point","coordinates":[-121.74907417,38.54126857]},"properties":{"phone_id":"100000000355321.0","t":25640.0}},{"type":"Feature","geometry":{"type":"Point","coordinates":[-121.74964843,38.54088299]},"properties":{"phone_id":"100000000355330.0","t":25640.0}},{"type":"Feature","geometry":{"type":"Point","coordinates":[-121.74917852,38.54133341]},"properties":{"phone_id":"100000000355349.0","t":25640.0}},{"type":"Feature","geometry":{"type":"Point","coordinates":[-121.74964843,38.54088299]},"properties":{"phone_id":"100000000355410.0","t":25640.0}},{"type":"Feature","geometry":{"type":"Point","coordinates":[-121.74935641,38.54133341]},"properties":{"phone_id":"100000000355447.0","t":25640.0}},{"type":"Feature","geometry":{"type":"Point","coordinates":[-121.74907417,38.54126583]},"properties":{"phone_id":"100000000355465.0","t":25640.0}},{"type":"Feature","geometry":{"type":"Point","coordinates":[-121.74930595,38.54088299]},"properties":{"phone_id":"100000000355474.0","t":25640.0}},{"type":"Feature","geometry":{"type":"Point","coordinates":[-121.74964843,38.54112627]},"properties":{"phone_id":"100000000355492.0","t":25640.0}},{"type":"Feature","geometry":{"type":"Point","coordinates":[-121.74918072,38.54106938]},"properties":{"phone_id":"100000000355508.0","t":25640.0}},{"type":"Feature","geometry":{"type":"Point","coordinates":[-121.74907417,38.54111788]},"properties":{"phone_id":"100000000355526.0","t":25640.0}},{"type":"Feature","geometry":{"type":"Point","coordinates":[-121.74907417,38.54133341]},"properties":{"phone_id":"100000000355562.0","t":25640.0}},{"type":"Feature","geometry":{"type":"Point","coordinates":[-121.74964843,38.54088299]},"properties":{"phone_id":"100000000355571.0","t":25640.0}},{"type":"Feature","geometry":{"type":"Point","coordinates":[-121.7495692,38.54133341]},"properties":{"phone_id":"100000000355615.0","t":25640.0}},{"type":"Feature","geometry":{"type":"Point","coordinates":[-121.74964843,38.54133341]},"properties":{"phone_id":"100000000355624.0","t":25640.0}},{"type":"Feature","geometry":{"type":"Point","coordinates":[-121.74964843,38.54102671]},"properties":{"phone_id":"100000000355660.0","t":25640.0}},{"type":"Feature","geometry":{"type":"Point","coordinates":[-121.74959835,38.54088299]},"properties":{"phone_id":"100000000355679.0","t":25640.0}},{"type":"Feature","geometry":{"type":"Point","coordinates":[-121.74964843,38.54133341]},"properties":{"phone_id":"100000000355697.0","t":25640.0}},{"type":"Feature","geometry":{"type":"Point","coordinates":[-121.74907417,38.54088299]},"properties":{"phone_id":"100000000355704.0","t":25640.0}},{"type":"Feature","geometry":{"type":"Point","coordinates":[-121.74907417,38.54088299]},"properties":{"phone_id":"100000000355713.0","t":25640.0}},{"type":"Feature","geometry":{"type":"Point","coordinates":[-121.74908634,38.54126321]},"properties":{"phone_id":"100000000355722.0","t":25640.0}},{"type":"Feature","geometry":{"type":"Point","coordinates":[-121.74944611,38.54093273]},"properties":{"phone_id":"100000000355731.0","t":25640.0}},{"type":"Feature","geometry":{"type":"Point","coordinates":[-121.74918453,38.54095202]},"properties":{"phone_id":"100000000355740.0","t":25640.0}},{"type":"Feature","geometry":{"type":"Point","coordinates":[-121.74948345,38.54098231]},"properties":{"phone_id":"100000000355759.0","t":25640.0}},{"type":"Feature","geometry":{"type":"Point","coordinates":[-121.74915015,38.54125278]},"properties":{"phone_id":"100000000355768.0","t":25640.0}},{"type":"Feature","geometry":{"type":"Point","coordinates":[-121.74964843,38.54112429]},"properties":{"phone_id":"100000000355777.0","t":25640.0}},{"type":"Feature","geometry":{"type":"Point","coordinates":[-121.74964843,38.54099362]},"properties":{"phone_id":"100000000355786.0","t":25640.0}},{"type":"Feature","geometry":{"type":"Point","coordinates":[-121.74907417,38.54123417]},"properties":{"phone_id":"100000000355795.0","t":25640.0}},{"type":"Feature","geometry":{"type":"Point","coordinates":[-121.74964843,38.54117864]},"properties":{"phone_id":"100000000355802.0","t":25640.0}},{"type":"Feature","geometry":{"type":"Point","coordinates":[-121.74919443,38.54111031]},"properties":{"phone_id":"100000000355811.0","t":25640.0}},{"type":"Feature","geometry":{"type":"Point","coordinates":[-121.74921762,38.54133341]},"properties":{"phone_id":"100000000355820.0","t":25640.0}},{"type":"Feature","geometry":{"type":"Point","coordinates":[-121.74964843,38.54102898]},"properties":{"phone_id":"100000000355839.0","t":25640.0}},{"type":"Feature","geometry":{"type":"Point","coordinates":[-121.74924614,38.54120012]},"properties":{"phone_id":"100000000355848.0","t":25640.0}},{"type":"Feature","geometry":{"type":"Point","coordinates":[-121.7492036,38.54102078]},"properties":{"phone_id":"100000000355857.0","t":25640.0}},{"type":"Feature","geometry":{"type":"Point","coordinates":[-121.7491189,38.54088299]},"properties":{"phone_id":"100000000355866.0","t":25640.0}},{"type":"Feature","geometry":{"type":"Point","coordinates":[-121.74964843,38.54117175]},"properties":{"phone_id":"100000000355875.0","t":25640.0}},{"type":"Feature","geometry":{"type":"Point","coordinates":[-121.74963671,38.54133341]},"properties":{"phone_id":"100000000355884.0","t":25640.0}},{"type":"Feature","geometry":{"type":"Point","coordinates":[-121.74931179,38.54098257]},"properties":{"phone_id":"100000000355893.0","t":25640.0}},{"type":"Feature","geometry":{"type":"Point","coordinates":[-121.74907417,38.54133341]},"properties":{"phone_id":"100000000355900.0","t":25640.0}},{"type":"Feature","geometry":{"type":"Point","coordinates":[-121.74907417,38.54088299]},"properties":{"phone_id":"100000000355919.0","t":25640.0}},{"type":"Feature","geometry":{"type":"Point","coordinates":[-121.74964843,38.54131534]},"properties":{"phone_id":"100000000355928.0","t":25640.0}},{"type":"Feature","geometry":{"type":"Point","coordinates":[-121.7494735,38.54107046]},"properties":{"phone_id":"100000000355937.0","t":25640.0}},{"type":"Feature","geometry":{"type":"Point","coordinates":[-121.74964843,38.54131336]},"properties":{"phone_id":"100000000355946.0","t":25640.0}},{"type":"Feature","geometry":{"type":"Point","coordinates":[-121.74907417,38.54088299]},"properties":{"phone_id":"100000000355955.0","t":25640.0}},{"type":"Feature","geometry":{"type":"Point","coordinates":[-121.74907417,38.54094623]},"properties":{"phone_id":"100000000355964.0","t":25640.0}},{"type":"Feature","geometry":{"type":"Point","coordinates":[-121.74956783,38.54105784]},"properties":{"phone_id":"100000000355973.0","t":25640.0}},{"type":"Feature","geometry":{"type":"Point","coordinates":[-121.74964843,38.54090367]},"properties":{"phone_id":"100000000355982.0","t":25640.0}},{"type":"Feature","geometry":{"type":"Point","coordinates":[-121.74964843,38.54130452]},"properties":{"phone_id":"100000000355991.0","t":25640.0}},{"type":"Feature","geometry":{"type":"Point","coordinates":[-121.74964843,38.54109779]},"properties":{"phone_id":"100000000356008.0","t":25640.0}},{"type":"Feature","geometry":{"type":"Point","coordinates":[-121.74951048,38.54111526]},"properties":{"phone_id":"100000000356017.0","t":25640.0}},{"type":"Feature","geometry":{"type":"Point","coordinates":[-121.74946869,38.54111886]},"properties":{"phone_id":"100000000356026.0","t":25640.0}},{"type":"Feature","geometry":{"type":"Point","coordinates":[-121.74929807,38.54099079]},"properties":{"phone_id":"100000000356035.0","t":25640.0}},{"type":"Feature","geometry":{"type":"Point","coordinates":[-121.74928665,38.54116496]},"properties":{"phone_id":"100000000356044.0","t":25640.0}},{"type":"Feature","geometry":{"type":"Point","coordinates":[-121.74938687,38.54107927]},"properties":{"phone_id":"100000000356053.0","t":25640.0}},{"type":"Feature","geometry":{"type":"Point","coordinates":[-121.74964843,38.54122436]},"properties":{"phone_id":"100000000356062.0","t":25640.0}},{"type":"Feature","geometry":{"type":"Point","coordinates":[-121.74937376,38.5411616]},"properties":{"phone_id":"100000000356071.0","t":25640.0}},{"type":"Feature","geometry":{"type":"Point","coordinates":[-121.74907417,38.54088299]},"properties":{"phone_id":"100000000356080.0","t":25640.0}},{"type":"Feature","geometry":{"type":"Point","coordinates":[-121.74907417,38.54091876]},"properties":{"phone_id":"100000000356099.0","t":25640.0}},{"type":"Feature","geometry":{"type":"Point","coordinates":[-121.74964843,38.54113386]},"properties":{"phone_id":"100000000356106.0","t":25640.0}},{"type":"Feature","geometry":{"type":"Point","coordinates":[-121.7495598,38.54133341]},"properties":{"phone_id":"100000000356115.0","t":25640.0}},{"type":"Feature","geometry":{"type":"Point","coordinates":[-121.74964843,38.54088299]},"properties":{"phone_id":"100000000356124.0","t":25640.0}},{"type":"Feature","geometry":{"type":"Point","coordinates":[-121.74907417,38.54102118]},"properties":{"phone_id":"100000000356133.0","t":25640.0}},{"type":"Feature","geometry":{"type":"Point","coordinates":[-121.74940918,38.54088299]},"properties":{"phone_id":"100000000356142.0","t":25640.0}},{"type":"Feature","geometry":{"type":"Point","coordinates":[-121.74907417,38.54093679]},"properties":{"phone_id":"100000000356151.0","t":25640.0}},{"type":"Feature","geometry":{"type":"Point","coordinates":[-121.74964843,38.54121366]},"properties":{"phone_id":"100000000356160.0","t":25640.0}},{"type":"Feature","geometry":{"type":"Point","coordinates":[-121.74964843,38.54113113]},"properties":{"phone_id":"100000000356179.0","t":25640.0}},{"type":"Feature","geometry":{"type":"Point","coordinates":[-121.74920545,38.54133341]},"properties":{"phone_id":"100000000356188.0","t":25640.0}},{"type":"Feature","geometry":{"type":"Point","coordinates":[-121.74964122,38.54133341]},"properties":{"phone_id":"100000000356197.0","t":25640.0}},{"type":"Feature","geometry":{"type":"Point","coordinates":[-121.7494089,38.54133341]},"properties":{"phone_id":"100000000356204.0","t":25640.0}},{"type":"Feature","geometry":{"type":"Point","coordinates":[-121.7494809,38.54111104]},"properties":{"phone_id":"100000000356213.0","t":25640.0}},{"type":"Feature","geometry":{"type":"Point","coordinates":[-121.74958103,38.54133341]},"properties":{"phone_id":"100000000356222.0","t":25640.0}},{"type":"Feature","geometry":{"type":"Point","coordinates":[-121.74907417,38.54127104]},"properties":{"phone_id":"100000000356231.0","t":25640.0}},{"type":"Feature","geometry":{"type":"Point","coordinates":[-121.74964843,38.54105844]},"properties":{"phone_id":"100000000356240.0","t":25640.0}},{"type":"Feature","geometry":{"type":"Point","coordinates":[-121.74938032,38.54109513]},"properties":{"phone_id":"100000000356259.0","t":25640.0}},{"type":"Feature","geometry":{"type":"Point","coordinates":[-121.74912942,38.54089311]},"properties":{"phone_id":"100000000356268.0","t":25640.0}},{"type":"Feature","geometry":{"type":"Point","coordinates":[-121.74907417,38.54130382]},"properties":{"phone_id":"100000000356277.0","t":25640.0}},{"type":"Feature","geometry":{"type":"Point","coordinates":[-121.74933151,38.54113388]},"properties":{"phone_id":"100000000356286.0","t":25640.0}},{"type":"Feature","geometry":{"type":"Point","coordinates":[-121.74964843,38.54114614]},"properties":{"phone_id":"100000000356295.0","t":25640.0}},{"type":"Feature","geometry":{"type":"Point","coordinates":[-121.74907417,38.54095775]},"properties":{"phone_id":"100000000356302.0","t":25640.0}},{"type":"Feature","geometry":{"type":"Point","coordinates":[-121.74964843,38.54098842]},"properties":{"phone_id":"100000000356311.0","t":25640.0}},{"type":"Feature","geometry":{"type":"Point","coordinates":[-121.74907417,38.54097375]},"properties":{"phone_id":"100000000356320.0","t":25640.0}},{"type":"Feature","geometry":{"type":"Point","coordinates":[-121.7494284,38.54113845]},"properties":{"phone_id":"100000000356339.0","t":25640.0}},{"type":"Feature","geometry":{"type":"Point","coordinates":[-121.74907417,38.54111753]},"properties":{"phone_id":"100000000356348.0","t":25640.0}},{"type":"Feature","geometry":{"type":"Point","coordinates":[-121.74949617,38.54123545]},"properties":{"phone_id":"100000000356357.0","t":25640.0}},{"type":"Feature","geometry":{"type":"Point","coordinates":[-121.74962877,38.54093362]},"properties":{"phone_id":"100000000356366.0","t":25640.0}},{"type":"Feature","geometry":{"type":"Point","coordinates":[-121.74942723,38.54133341]},"properties":{"phone_id":"100000000356375.0","t":25640.0}},{"type":"Feature","geometry":{"type":"Point","coordinates":[-121.74939068,38.54110996]},"properties":{"phone_id":"100000000356384.0","t":25640.0}},{"type":"Feature","geometry":{"type":"Point","coordinates":[-121.74922932,38.54120604]},"properties":{"phone_id":"100000000356393.0","t":25640.0}},{"type":"Feature","geometry":{"type":"Point","coordinates":[-121.74931763,38.54130215]},"properties":{"phone_id":"100000000356400.0","t":25640.0}},{"type":"Feature","geometry":{"type":"Point","coordinates":[-121.74942211,38.54133341]},"properties":{"phone_id":"100000000353163.0","t":25642.5}},{"type":"Feature","geometry":{"type":"Point","coordinates":[-121.74964843,38.54109179]},"properties":{"phone_id":"100000000353680.0","t":25642.5}},{"type":"Feature","geometry":{"type":"Point","coordinates":[-121.74907417,38.54130183]},"properties":{"phone_id":"100000000354518.0","t":25642.5}},{"type":"Feature","geometry":{"type":"Point","coordinates":[-121.74953212,38.541145]},"properties":{"phone_id":"100000000354787.0","t":25642.5}},{"type":"Feature","geometry":{"type":"Point","coordinates":[-121.74914466,38.54106834]},"properties":{"phone_id":"100000000355508.0","t":25642.5}},{"type":"Feature","geometry":{"type":"Point","coordinates":[-121.74945743,38.54091144]},"properties":{"phone_id":"100000000355731.0","t":25642.5}},{"type":"Feature","geometry":{"type":"Point","coordinates":[-121.74915607,38.54094191]},"properties":{"phone_id":"100000000355740.0","t":25642.5}},{"type":"Feature","geometry":{"type":"Point","coordinates":[-121.74949942,38.54096153]},"properties":{"phone_id":"100000000355759.0","t":25642.5}},{"type":"Feature","geometry":{"type":"Point","coordinates":[-121.74912461,38.54127307]},"properties":{"phone_id":"100000000355768.0","t":25642.5}},{"type":"Feature","geometry":{"type":"Point","coordinates":[-121.74916659,38.54110421]},"properties":{"phone_id":"100000000355811.0","t":25642.5}},{"type":"Feature","geometry":{"type":"Point","coordinates":[-121.74922801,38.54121931]},"properties":{"phone_id":"100000000355848.0","t":25642.5}},{"type":"Feature","geometry":{"type":"Point","coordinates":[-121.74918134,38.54099828]},"properties":{"phone_id":"100000000355857.0","t":25642.5}},{"type":"Feature","geometry":{"type":"Point","coordinates":[-121.74930207,38.54095807]},"properties":{"phone_id":"100000000355893.0","t":25642.5}},{"type":"Feature","geometry":{"type":"Point","coordinates":[-121.74950141,38.541055]},"properties":{"phone_id":"100000000355937.0","t":25642.5}},{"type":"Feature","geometry":{"type":"Point","coordinates":[-121.74907417,38.54094623]},"properties":{"phone_id":"100000000355964.0","t":25642.5}},{"type":"Feature","geometry":{"type":"Point","coordinates":[-121.7496031,38.54105938]},"properties":{"phone_id":"100000000355973.0","t":25642.5}},{"type":"Feature","geometry":{"type":"Point","coordinates":[-121.74954239,38.54110925]},"properties":{"phone_id":"100000000356017.0","t":25642.5}},{"type":"Feature","geometry":{"type":"Point","coordinates":[-121.74949343,38.54113685]},"properties":{"phone_id":"100000000356026.0","t":25642.5}},{"type":"Feature","geometry":{"type":"Point","coordinates":[-121.74930775,38.5409676]},"properties":{"phone_id":"100000000356035.0","t":25642.5}},{"type":"Feature","geometry":{"type":"Point","coordinates":[-121.74925888,38.54117388]},"properties":{"phone_id":"100000000356044.0","t":25642.5}},{"type":"Feature","geometry":{"type":"Point","coordinates":[-121.749404,38.54105999]},"properties":{"phone_id":"100000000356053.0","t":25642.5}},{"type":"Feature","geometry":{"type":"Point","coordinates":[-121.7493544,38.54118141]},"properties":{"phone_id":"100000000356071.0","t":25642.5}},{"type":"Feature","geometry":{"type":"Point","coordinates":[-121.74964843,38.54113113]},"properties":{"phone_id":"100000000356179.0","t":25642.5}},{"type":"Feature","geometry":{"type":"Point","coordinates":[-121.74951476,38.54111802]},"properties":{"phone_id":"100000000356213.0","t":25642.5}},{"type":"Feature","geometry":{"type":"Point","coordinates":[-121.74940427,38.54111027]},"properties":{"phone_id":"100000000356259.0","t":25642.5}},{"type":"Feature","geometry":{"type":"Point","coordinates":[-121.7493427,38.54115678]},"properties":{"phone_id":"100000000356286.0","t":25642.5}},{"type":"Feature","geometry":{"type":"Point","coordinates":[-121.74941103,38.5411609]},"properties":{"phone_id":"100000000356339.0","t":25642.5}},{"type":"Feature","geometry":{"type":"Point","coordinates":[-121.74952606,38.54127426]},"properties":{"phone_id":"100000000356357.0","t":25642.5}},{"type":"Feature","geometry":{"type":"Point","coordinates":[-121.74939614,38.54108508]},"properties":{"phone_id":"100000000356384.0","t":25642.5}},{"type":"Feature","geometry":{"type":"Point","coordinates":[-121.74918742,38.5412398]},"properties":{"phone_id":"100000000356393.0","t":25642.5}},{"type":"Feature","geometry":{"type":"Point","coordinates":[-121.74942211,38.54133341]},"properties":{"phone_id":"100000000353163.0","t":25645.0}},{"type":"Feature","geometry":{"type":"Point","coordinates":[-121.74964843,38.54109179]},"properties":{"phone_id":"100000000353680.0","t":25645.0}},{"type":"Feature","geometry":{"type":"Point","coordinates":[-121.74907417,38.54130183]},"properties":{"phone_id":"100000000354518.0","t":25645.0}},{"type":"Feature","geometry":{"type":"Point","coordinates":[-121.74953212,38.541145]},"properties":{"phone_id":"100000000354787.0","t":25645.0}},{"type":"Feature","geometry":{"type":"Point","coordinates":[-121.74910879,38.54106527]},"properties":{"phone_id":"100000000355508.0","t":25645.0}},{"type":"Feature","geometry":{"type":"Point","coordinates":[-121.74946802,38.54088992]},"properties":{"phone_id":"100000000355731.0","t":25645.0}},{"type":"Feature","geometry":{"type":"Point","coordinates":[-121.74912691,38.54093312]},"properties":{"phone_id":"100000000355740.0","t":25645.0}},{"type":"Feature","geometry":{"type":"Point","coordinates":[-121.7495157,38.5409409]},"properties":{"phone_id":"100000000355759.0","t":25645.0}},{"type":"Feature","geometry":{"type":"Point","coordinates":[-121.74909878,38.54129314]},"properties":{"phone_id":"100000000355768.0","t":25645.0}},{"type":"Feature","geometry":{"type":"Point","coordinates":[-121.74913886,38.54109781]},"properties":{"phone_id":"100000000355811.0","t":25645.0}},{"type":"Feature","geometry":{"type":"Point","coordinates":[-121.74920805,38.54123734]},"properties":{"phone_id":"100000000355848.0","t":25645.0}},{"type":"Feature","geometry":{"type":"Point","coordinates":[-121.74915816,38.54097636]},"properties":{"phone_id":"100000000355857.0","t":25645.0}},{"type":"Feature","geometry":{"type":"Point","coordinates":[-121.74929119,38.54093388]},"properties":{"phone_id":"100000000355893.0","t":25645.0}},{"type":"Feature","geometry":{"type":"Point","coordinates":[-121.7495296,38.54103986]},"properties":{"phone_id":"100000000355937.0","t":25645.0}},{"type":"Feature","geometry":{"type":"Point","coordinates":[-121.74907417,38.54094623]},"properties":{"phone_id":"100000000355964.0","t":25645.0}},{"type":"Feature","geometry":{"type":"Point","coordinates":[-121.74963834,38.54106135]},"properties":{"phone_id":"100000000355973.0","t":25645.0}},{"type":"Feature","geometry":{"type":"Point","coordinates":[-121.749574,38.54110229]},"properties":{"phone_id":"100000000356017.0","t":25645.0}},{"type":"Feature","geometry":{"type":"Point","coordinates":[-121.74951702,38.54115576]},"properties":{"phone_id":"100000000356026.0","t":25645.0}},{"type":"Feature","geometry":{"type":"Point","coordinates":[-121.74931569,38.540944]},"properties":{"phone_id":"100000000356035.0","t":25645.0}},{"type":"Feature","geometry":{"type":"Point","coordinates":[-121.74923197,38.54118431]},"properties":{"phone_id":"100000000356044.0","t":25645.0}},{"type":"Feature","geometry":{"type":"Point","coordinates":[-121.74942025,38.54104024]},"properties":{"phone_id":"100000000356053.0","t":25645.0}},{"type":"Feature","geometry":{"type":"Point","coordinates":[-121.74933489,38.54120114]},"properties":{"phone_id":"100000000356071.0","t":25645.0}},{"type":"Feature","geometry":{"type":"Point","coordinates":[-121.74964843,38.54113113]},"properties":{"phone_id":"100000000356179.0","t":25645.0}},{"type":"Feature","geometry":{"type":"Point","coordinates":[-121.74954849,38.54112538]},"properties":{"phone_id":"100000000356213.0","t":25645.0}},{"type":"Feature","geometry":{"type":"Point","coordinates":[-121.74942822,38.54112542]},"properties":{"phone_id":"100000000356259.0","t":25645.0}},{"type":"Feature","geometry":{"type":"Point","coordinates":[-121.74935475,38.54117941]},"properties":{"phone_id":"100000000356286.0","t":25645.0}},{"type":"Feature","geometry":{"type":"Point","coordinates":[-121.7493922,38.54118261]},"properties":{"phone_id":"100000000356339.0","t":25645.0}},{"type":"Feature","geometry":{"type":"Point","coordinates":[-121.74955824,38.54131191]},"properties":{"phone_id":"100000000356357.0","t":25645.0}},{"type":"Feature","geometry":{"type":"Point","coordinates":[-121.74940005,38.54106003]},"properties":{"phone_id":"100000000356384.0","t":25645.0}},{"type":"Feature","geometry":{"type":"Point","coordinates":[-121.74914302,38.54127153]},"properties":{"phone_id":"100000000356393.0","t":25645.0}},{"type":"Feature","geometry":{"type":"Point","coordinates":[-121.74928344,38.54088299]},"properties":{"phone_id":"100000000356419.0","t":25645.0}},{"type":"Feature","geometry":{"type":"Point","coordinates":[-121.74916645,38.54090063]},"properties":{"phone_id":"100000000356428.0","t":25645.0}},{"type":"Feature","geometry":{"type":"Point","coordinates":[-121.74909785,38.54091606]},"properties":{"phone_id":"100000000356437.0","t":25645.0}},{"type":"Feature","geometry":{"type":"Point","coordinates":[-121.74945276,38.54131189]},"properties":{"phone_id":"100000000356446.0","t":25645.0}},{"type":"Feature","geometry":{"type":"Point","coordinates":[-121.74915942,38.54129865]},"properties":{"phone_id":"100000000356455.0","t":25645.0}},{"type":"Feature","geometry":{"type":"Point","coordinates":[-121.74909468,38.54129251]},"properties":{"phone_id":"100000000356464.0","t":25645.0}},{"type":"Feature","geometry":{"type":"Point","coordinates":[-121.7494374,38.54128234]},"properties":{"phone_id":"100000000356473.0","t":25645.0}},{"type":"Feature","geometry":{"type":"Point","coordinates":[-121.7491537,38.54130047]},"properties":{"phone_id":"100000000356482.0","t":25645.0}},{"type":"Feature","geometry":{"type":"Point","coordinates":[-121.74934974,38.54130751]},"properties":{"phone_id":"100000000356491.0","t":25645.0}},{"type":"Feature","geometry":{"type":"Point","coordinates":[-121.74929896,38.54128794]},"properties":{"phone_id":"100000000356507.0","t":25645.0}},{"type":"Feature","geometry":{"type":"Point","coordinates":[-121.7491419,38.54117204]},"properties":{"phone_id":"100000000356516.0","t":25645.0}},{"type":"Feature","geometry":{"type":"Point","coordinates":[-121.74920641,38.54128643]},"properties":{"phone_id":"100000000356525.0","t":25645.0}},{"type":"Feature","geometry":{"type":"Point","coordinates":[-121.74951875,38.54092913]},"properties":{"phone_id":"100000000356534.0","t":25645.0}},{"type":"Feature","geometry":{"type":"Point","coordinates":[-121.74926451,38.54092789]},"properties":{"phone_id":"100000000356543.0","t":25645.0}},{"type":"Feature","geometry":{"type":"Point","coordinates":[-121.74959311,38.54125057]},"properties":{"phone_id":"100000000356552.0","t":25645.0}},{"type":"Feature","geometry":{"type":"Point","coordinates":[-121.74961667,38.54118402]},"properties":{"phone_id":"100000000356561.0","t":25645.0}},{"type":"Feature","geometry":{"type":"Point","coordinates":[-121.74913864,38.54119003]},"properties":{"phone_id":"100000000356570.0","t":25645.0}},{"type":"Feature","geometry":{"type":"Point","coordinates":[-121.74910576,38.54121502]},"properties":{"phone_id":"100000000356589.0","t":25645.0}},{"type":"Feature","geometry":{"type":"Point","coordinates":[-121.74959081,38.54121171]},"properties":{"phone_id":"100000000356598.0","t":25645.0}},{"type":"Feature","geometry":{"type":"Point","coordinates":[-121.74952074,38.54131075]},"properties":{"phone_id":"100000000356605.0","t":25645.0}},{"type":"Feature","geometry":{"type":"Point","coordinates":[-121.74942211,38.54133341]},"properties":{"phone_id":"100000000353163.0","t":25647.5}},{"type":"Feature","geometry":{"type":"Point","coordinates":[-121.74964843,38.54109179]},"properties":{"phone_id":"100000000353680.0","t":25647.5}},{"type":"Feature","geometry":{"type":"Point","coordinates":[-121.74907417,38.54130183]},"properties":{"phone_id":"100000000354518.0","t":25647.5}},{"type":"Feature","geometry":{"type":"Point","coordinates":[-121.74953212,38.541145]},"properties":{"phone_id":"100000000354787.0","t":25647.5}},{"type":"Feature","geometry":{"type":"Point","coordinates":[-121.74909722,38.54092547]},"properties":{"phone_id":"100000000355740.0","t":25647.5}},{"type":"Feature","geometry":{"type":"Point","coordinates":[-121.7495341,38.5409214]},"properties":{"phone_id":"100000000355759.0","t":25647.5}},{"type":"Feature","geometry":{"type":"Point","coordinates":[-121.74911081,38.54109235]},"properties":{"phone_id":"100000000355811.0","t":25647.5}},{"type":"Feature","geometry":{"type":"Point","coordinates":[-121.74918935,38.54125618]},"properties":{"phone_id":"100000000355848.0","t":25647.5}},{"type":"Feature","geometry":{"type":"Point","coordinates":[-121.74913552,38.5409541]},"properties":{"phone_id":"100000000355857.0","t":25647.5}},{"type":"Feature","geometry":{"type":"Point","coordinates":[-121.74927174,38.5408886]},"properties":{"phone_id":"100000000355893.0","t":25647.5}},{"type":"Feature","geometry":{"type":"Point","coordinates":[-121.74955917,38.54102644]},"properties":{"phone_id":"100000000355937.0","t":25647.5}},{"type":"Feature","geometry":{"type":"Point","coordinates":[-121.74907417,38.54094623]},"properties":{"phone_id":"100000000355964.0","t":25647.5}},{"type":"Feature","geometry":{"type":"Point","coordinates":[-121.74960558,38.54109529]},"properties":{"phone_id":"100000000356017.0","t":25647.5}},{"type":"Feature","geometry":{"type":"Point","coordinates":[-121.74954237,38.54117531]},"properties":{"phone_id":"100000000356026.0","t":25647.5}},{"type":"Feature","geometry":{"type":"Point","coordinates":[-121.74932224,38.54092013]},"properties":{"phone_id":"100000000356035.0","t":25647.5}},{"type":"Feature","geometry":{"type":"Point","coordinates":[-121.7492048,38.54119432]},"properties":{"phone_id":"100000000356044.0","t":25647.5}},{"type":"Feature","geometry":{"type":"Point","coordinates":[-121.74943744,38.541021]},"properties":{"phone_id":"100000000356053.0","t":25647.5}},{"type":"Feature","geometry":{"type":"Point","coordinates":[-121.7493152,38.54122076]},"properties":{"phone_id":"100000000356071.0","t":25647.5}},{"type":"Feature","geometry":{"type":"Point","coordinates":[-121.74964843,38.54113113]},"properties":{"phone_id":"100000000356179.0","t":25647.5}},{"type":"Feature","geometry":{"type":"Point","coordinates":[-121.74958239,38.54113224]},"properties":{"phone_id":"100000000356213.0","t":25647.5}},{"type":"Feature","geometry":{"type":"Point","coordinates":[-121.74945294,38.54113978]},"properties":{"phone_id":"100000000356259.0","t":25647.5}},{"type":"Feature","geometry":{"type":"Point","coordinates":[-121.74936455,38.54120269]},"properties":{"phone_id":"100000000356286.0","t":25647.5}},{"type":"Feature","geometry":{"type":"Point","coordinates":[-121.74937407,38.54120468]},"properties":{"phone_id":"100000000356339.0","t":25647.5}},{"type":"Feature","geometry":{"type":"Point","coordinates":[-121.74940138,38.54103481]},"properties":{"phone_id":"100000000356384.0","t":25647.5}},{"type":"Feature","geometry":{"type":"Point","coordinates":[-121.74909962,38.5413041]},"properties":{"phone_id":"100000000356393.0","t":25647.5}},{"type":"Feature","geometry":{"type":"Point","coordinates":[-121.74928344,38.54088299]},"properties":{"phone_id":"100000000356419.0","t":25647.5}},{"type":"Feature","geometry":{"type":"Point","coordinates":[-121.7491893,38.54091705]},"properties":{"phone_id":"100000000356428.0","t":25647.5}},{"type":"Feature","geometry":{"type":"Point","coordinates":[-121.74912328,38.54093701]},"properties":{"phone_id":"100000000356437.0","t":25647.5}},{"type":"Feature","geometry":{"type":"Point","coordinates":[-121.74944135,38.54129041]},"properties":{"phone_id":"100000000356446.0","t":25647.5}},{"type":"Feature","geometry":{"type":"Point","coordinates":[-121.74920006,38.54126122]},"properties":{"phone_id":"100000000356455.0","t":25647.5}},{"type":"Feature","geometry":{"type":"Point","coordinates":[-121.74911499,38.54127342]},"properties":{"phone_id":"100000000356464.0","t":25647.5}},{"type":"Feature","geometry":{"type":"Point","coordinates":[-121.74941921,38.54123127]},"properties":{"phone_id":"100000000356473.0","t":25647.5}},{"type":"Feature","geometry":{"type":"Point","coordinates":[-121.74919268,38.54126622]},"properties":{"phone_id":"100000000356482.0","t":25647.5}},{"type":"Feature","geometry":{"type":"Point","coordinates":[-121.74935466,38.54128175]},"properties":{"phone_id":"100000000356491.0","t":25647.5}},{"type":"Feature","geometry":{"type":"Point","coordinates":[-121.74930092,38.54124228]},"properties":{"phone_id":"100000000356507.0","t":25647.5}},{"type":"Feature","geometry":{"type":"Point","coordinates":[-121.74920704,38.54114363]},"properties":{"phone_id":"100000000356516.0","t":25647.5}},{"type":"Feature","geometry":{"type":"Point","coordinates":[-121.74924489,38.54123947]},"properties":{"phone_id":"100000000356525.0","t":25647.5}},{"type":"Feature","geometry":{"type":"Point","coordinates":[-121.74948235,38.54097303]},"properties":{"phone_id":"100000000356534.0","t":25647.5}},{"type":"Feature","geometry":{"type":"Point","coordinates":[-121.74928752,38.5409734]},"properties":{"phone_id":"100000000356543.0","t":25647.5}},{"type":"Feature","geometry":{"type":"Point","coordinates":[-121.74953946,38.54121895]},"properties":{"phone_id":"100000000356552.0","t":25647.5}},{"type":"Feature","geometry":{"type":"Point","coordinates":[-121.74958603,38.54116858]},"properties":{"phone_id":"100000000356561.0","t":25647.5}},{"type":"Feature","geometry":{"type":"Point","coordinates":[-121.74920295,38.54117197]},"properties":{"phone_id":"100000000356570.0","t":25647.5}},{"type":"Feature","geometry":{"type":"Point","coordinates":[-121.74913786,38.54120146]},"properties":{"phone_id":"100000000356589.0","t":25647.5}},{"type":"Feature","geometry":{"type":"Point","coordinates":[-121.74953397,38.54118717]},"properties":{"phone_id":"100000000356598.0","t":25647.5}},{"type":"Feature","geometry":{"type":"Point","coordinates":[-121.749508,38.5412876]},"properties":{"phone_id":"100000000356605.0","t":25647.5}},{"type":"Feature","geometry":{"type":"Point","coordinates":[-121.74942211,38.54133341]},"properties":{"phone_id":"100000000353163.0","t":25650.0}},{"type":"Feature","geometry":{"type":"Point","coordinates":[-121.74964843,38.54109179]},"properties":{"phone_id":"100000000353680.0","t":25650.0}},{"type":"Feature","geometry":{"type":"Point","coordinates":[-121.74907417,38.54130183]},"properties":{"phone_id":"100000000354518.0","t":25650.0}},{"type":"Feature","geometry":{"type":"Point","coordinates":[-121.74953212,38.541145]},"properties":{"phone_id":"100000000354787.0","t":25650.0}},{"type":"Feature","geometry":{"type":"Point","coordinates":[-121.74955453,38.54090318]},"properties":{"phone_id":"100000000355759.0","t":25650.0}},{"type":"Feature","geometry":{"type":"Point","coordinates":[-121.74908252,38.54108768]},"properties":{"phone_id":"100000000355811.0","t":25650.0}},{"type":"Feature","geometry":{"type":"Point","coordinates":[-121.74916986,38.54127453]},"properties":{"phone_id":"100000000355848.0","t":25650.0}},{"type":"Feature","geometry":{"type":"Point","coordinates":[-121.74911289,38.54093183]},"properties":{"phone_id":"100000000355857.0","t":25650.0}},{"type":"Feature","geometry":{"type":"Point","coordinates":[-121.74958882,38.54101312]},"properties":{"phone_id":"100000000355937.0","t":25650.0}},{"type":"Feature","geometry":{"type":"Point","coordinates":[-121.74907417,38.54094623]},"properties":{"phone_id":"100000000355964.0","t":25650.0}},{"type":"Feature","geometry":{"type":"Point","coordinates":[-121.74963666,38.541087]},"properties":{"phone_id":"100000000356017.0","t":25650.0}},{"type":"Feature","geometry":{"type":"Point","coordinates":[-121.7495681,38.54119456]},"properties":{"phone_id":"100000000356026.0","t":25650.0}},{"type":"Feature","geometry":{"type":"Point","coordinates":[-121.74933065,38.54089664]},"properties":{"phone_id":"100000000356035.0","t":25650.0}},{"type":"Feature","geometry":{"type":"Point","coordinates":[-121.74917696,38.5412031]},"properties":{"phone_id":"100000000356044.0","t":25650.0}},{"type":"Feature","geometry":{"type":"Point","coordinates":[-121.74945332,38.54100107]},"properties":{"phone_id":"100000000356053.0","t":25650.0}},{"type":"Feature","geometry":{"type":"Point","coordinates":[-121.74929388,38.54123929]},"properties":{"phone_id":"100000000356071.0","t":25650.0}},{"type":"Feature","geometry":{"type":"Point","coordinates":[-121.74964843,38.54113113]},"properties":{"phone_id":"100000000356179.0","t":25650.0}},{"type":"Feature","geometry":{"type":"Point","coordinates":[-121.74961595,38.54114006]},"properties":{"phone_id":"100000000356213.0","t":25650.0}},{"type":"Feature","geometry":{"type":"Point","coordinates":[-121.74947629,38.5411555]},"properties":{"phone_id":"100000000356259.0","t":25650.0}},{"type":"Feature","geometry":{"type":"Point","coordinates":[-121.74937591,38.54122554]},"properties":{"phone_id":"100000000356286.0","t":25650.0}},{"type":"Feature","geometry":{"type":"Point","coordinates":[-121.74935391,38.54122565]},"properties":{"phone_id":"100000000356339.0","t":25650.0}},{"type":"Feature","geometry":{"type":"Point","coordinates":[-121.74940431,38.54100967]},"properties":{"phone_id":"100000000356384.0","t":25650.0}},{"type":"Feature","geometry":{"type":"Point","coordinates":[-121.74928344,38.54088299]},"properties":{"phone_id":"100000000356419.0","t":25650.0}},{"type":"Feature","geometry":{"type":"Point","coordinates":[-121.74921136,38.54093413]},"properties":{"phone_id":"100000000356428.0","t":25650.0}},{"type":"Feature","geometry":{"type":"Point","coordinates":[-121.74917469,38.54097749]},"properties":{"phone_id":"100000000356437.0","t":25650.0}},{"type":"Feature","geometry":{"type":"Point","coordinates":[-121.74943001,38.54126891]},"properties":{"phone_id":"100000000356446.0","t":25650.0}},{"type":"Feature","geometry":{"type":"Point","coordinates":[-121.7492405,38.54122368]},"properties":{"phone_id":"100000000356455.0","t":25650.0}},{"type":"Feature","geometry":{"type":"Point","coordinates":[-121.74913728,38.54125574]},"properties":{"phone_id":"100000000356464.0","t":25650.0}},{"type":"Feature","geometry":{"type":"Point","coordinates":[-121.74940084,38.54118025]},"properties":{"phone_id":"100000000356473.0","t":25650.0}},{"type":"Feature","geometry":{"type":"Point","coordinates":[-121.74923243,38.54123251]},"properties":{"phone_id":"100000000356482.0","t":25650.0}},{"type":"Feature","geometry":{"type":"Point","coordinates":[-121.74936025,38.54125606]},"properties":{"phone_id":"100000000356491.0","t":25650.0}},{"type":"Feature","geometry":{"type":"Point","coordinates":[-121.74929786,38.54119666]},"properties":{"phone_id":"100000000356507.0","t":25650.0}},{"type":"Feature","geometry":{"type":"Point","coordinates":[-121.74927416,38.5411182]},"properties":{"phone_id":"100000000356516.0","t":25650.0}},{"type":"Feature","geometry":{"type":"Point","coordinates":[-121.74928543,38.54119359]},"properties":{"phone_id":"100000000356525.0","t":25650.0}},{"type":"Feature","geometry":{"type":"Point","coordinates":[-121.74944889,38.54101835]},"properties":{"phone_id":"100000000356534.0","t":25650.0}},{"type":"Feature","geometry":{"type":"Point","coordinates":[-121.74930635,38.54102008]},"properties":{"phone_id":"100000000356543.0","t":25650.0}},{"type":"Feature","geometry":{"type":"Point","coordinates":[-121.74948812,38.54118505]},"properties":{"phone_id":"100000000356552.0","t":25650.0}},{"type":"Feature","geometry":{"type":"Point","coordinates":[-121.74955527,38.5411533]},"properties":{"phone_id":"100000000356561.0","t":25650.0}},{"type":"Feature","geometry":{"type":"Point","coordinates":[-121.74926622,38.54115177]},"properties":{"phone_id":"100000000356570.0","t":25650.0}},{"type":"Feature","geometry":{"type":"Point","coordinates":[-121.74917133,38.54119012]},"properties":{"phone_id":"100000000356589.0","t":25650.0}},{"type":"Feature","geometry":{"type":"Point","coordinates":[-121.74947618,38.54116404]},"properties":{"phone_id":"100000000356598.0","t":25650.0}},{"type":"Feature","geometry":{"type":"Point","coordinates":[-121.74949459,38.54126468]},"properties":{"phone_id":"100000000356605.0","t":25650.0}},{"type":"Feature","geometry":{"type":"Point","coordinates":[-121.74910319,38.54125212]},"properties":{"phone_id":"100000000356614.0","t":25650.0}},{"type":"Feature","geometry":{"type":"Point","coordinates":[-121.74937609,38.54094007]},"properties":{"phone_id":"100000000356623.0","t":25650.0}},{"type":"Feature","geometry":{"type":"Point","coordinates":[-121.74935429,38.5409369]},"properties":{"phone_id":"100000000356632.0","t":25650.0}},{"type":"Feature","geometry":{"type":"Point","coordinates":[-121.74929437,38.54128129]},"properties":{"phone_id":"100000000356641.0","t":25650.0}},{"type":"Feature","geometry":{"type":"Point","coordinates":[-121.74921888,38.541283]},"properties":{"phone_id":"100000000356650.0","t":25650.0}},{"type":"Feature","geometry":{"type":"Point","coordinates":[-121.74942211,38.54133341]},"properties":{"phone_id":"100000000353163.0","t":25652.5}},{"type":"Feature","geometry":{"type":"Point","coordinates":[-121.74964843,38.54109179]},"properties":{"phone_id":"100000000353680.0","t":25652.5}},{"type":"Feature","geometry":{"type":"Point","coordinates":[-121.74907417,38.54130183]},"properties":{"phone_id":"100000000354518.0","t":25652.5}},{"type":"Feature","geometry":{"type":"Point","coordinates":[-121.74953212,38.541145]},"properties":{"phone_id":"100000000354787.0","t":25652.5}},{"type":"Feature","geometry":{"type":"Point","coordinates":[-121.74957547,38.54088532]},"properties":{"phone_id":"100000000355759.0","t":25652.5}},{"type":"Feature","geometry":{"type":"Point","coordinates":[-121.74914933,38.54129216]},"properties":{"phone_id":"100000000355848.0","t":25652.5}},{"type":"Feature","geometry":{"type":"Point","coordinates":[-121.74908804,38.54091106]},"properties":{"phone_id":"100000000355857.0","t":25652.5}},{"type":"Feature","geometry":{"type":"Point","coordinates":[-121.74961975,38.54100175]},"properties":{"phone_id":"100000000355937.0","t":25652.5}},{"type":"Feature","geometry":{"type":"Point","coordinates":[-121.74907417,38.54094623]},"properties":{"phone_id":"100000000355964.0","t":25652.5}},{"type":"Feature","geometry":{"type":"Point","coordinates":[-121.74959387,38.54121377]},"properties":{"phone_id":"100000000356026.0","t":25652.5}},{"type":"Feature","geometry":{"type":"Point","coordinates":[-121.74914893,38.54121152]},"properties":{"phone_id":"100000000356044.0","t":25652.5}},{"type":"Feature","geometry":{"type":"Point","coordinates":[-121.7494684,38.54098076]},"properties":{"phone_id":"100000000356053.0","t":25652.5}},{"type":"Feature","geometry":{"type":"Point","coordinates":[-121.74927298,38.54125812]},"properties":{"phone_id":"100000000356071.0","t":25652.5}},{"type":"Feature","geometry":{"type":"Point","coordinates":[-121.74964843,38.54113113]},"properties":{"phone_id":"100000000356179.0","t":25652.5}},{"type":"Feature","geometry":{"type":"Point","coordinates":[-121.74952176,38.5411872]},"properties":{"phone_id":"100000000356259.0","t":25652.5}},{"type":"Feature","geometry":{"type":"Point","coordinates":[-121.74938683,38.54124851]},"properties":{"phone_id":"100000000356286.0","t":25652.5}},{"type":"Feature","geometry":{"type":"Point","coordinates":[-121.74933404,38.54124679]},"properties":{"phone_id":"100000000356339.0","t":25652.5}},{"type":"Feature","geometry":{"type":"Point","coordinates":[-121.74940783,38.54098458]},"properties":{"phone_id":"100000000356384.0","t":25652.5}},{"type":"Feature","geometry":{"type":"Point","coordinates":[-121.74928344,38.54088299]},"properties":{"phone_id":"100000000356419.0","t":25652.5}},{"type":"Feature","geometry":{"type":"Point","coordinates":[-121.74923519,38.54094966]},"properties":{"phone_id":"100000000356428.0","t":25652.5}},{"type":"Feature","geometry":{"type":"Point","coordinates":[-121.74922451,38.54101917]},"properties":{"phone_id":"100000000356437.0","t":25652.5}},{"type":"Feature","geometry":{"type":"Point","coordinates":[-121.74942107,38.54124672]},"properties":{"phone_id":"100000000356446.0","t":25652.5}},{"type":"Feature","geometry":{"type":"Point","coordinates":[-121.74928205,38.54118688]},"properties":{"phone_id":"100000000356455.0","t":25652.5}},{"type":"Feature","geometry":{"type":"Point","coordinates":[-121.74915936,38.54123789]},"properties":{"phone_id":"100000000356464.0","t":25652.5}},{"type":"Feature","geometry":{"type":"Point","coordinates":[-121.74938026,38.54112975]},"properties":{"phone_id":"100000000356473.0","t":25652.5}},{"type":"Feature","geometry":{"type":"Point","coordinates":[-121.74927286,38.5411993]},"properties":{"phone_id":"100000000356482.0","t":25652.5}},{"type":"Feature","geometry":{"type":"Point","coordinates":[-121.74936425,38.5412302]},"properties":{"phone_id":"100000000356491.0","t":25652.5}},{"type":"Feature","geometry":{"type":"Point","coordinates":[-121.74929035,38.54115136]},"properties":{"phone_id":"100000000356507.0","t":25652.5}},{"type":"Feature","geometry":{"type":"Point","coordinates":[-121.74934371,38.54109719]},"properties":{"phone_id":"100000000356516.0","t":25652.5}},{"type":"Feature","geometry":{"type":"Point","coordinates":[-121.74933003,38.54115008]},"properties":{"phone_id":"100000000356525.0","t":25652.5}},{"type":"Feature","geometry":{"type":"Point","coordinates":[-121.7494153,38.54106758]},"properties":{"phone_id":"100000000356534.0","t":25652.5}},{"type":"Feature","geometry":{"type":"Point","coordinates":[-121.74932572,38.54106663]},"properties":{"phone_id":"100000000356543.0","t":25652.5}},{"type":"Feature","geometry":{"type":"Point","coordinates":[-121.74943914,38.54114906]},"properties":{"phone_id":"100000000356552.0","t":25652.5}},{"type":"Feature","geometry":{"type":"Point","coordinates":[-121.74952611,38.5411362]},"properties":{"phone_id":"100000000356561.0","t":25652.5}},{"type":"Feature","geometry":{"type":"Point","coordinates":[-121.74932771,38.54112843]},"properties":{"phone_id":"100000000356570.0","t":25652.5}},{"type":"Feature","geometry":{"type":"Point","coordinates":[-121.74920554,38.54118025]},"properties":{"phone_id":"100000000356589.0","t":25652.5}},{"type":"Feature","geometry":{"type":"Point","coordinates":[-121.74941875,38.54114036]},"properties":{"phone_id":"100000000356598.0","t":25652.5}},{"type":"Feature","geometry":{"type":"Point","coordinates":[-121.7494794,38.54124245]},"properties":{"phone_id":"100000000356605.0","t":25652.5}},{"type":"Feature","geometry":{"type":"Point","coordinates":[-121.74913033,38.54123399]},"properties":{"phone_id":"100000000356614.0","t":25652.5}},{"type":"Feature","geometry":{"type":"Point","coordinates":[-121.74936589,38.54099766]},"properties":{"phone_id":"100000000356623.0","t":25652.5}},{"type":"Feature","geometry":{"type":"Point","coordinates":[-121.74935717,38.54099078]},"properties":{"phone_id":"100000000356632.0","t":25652.5}},{"type":"Feature","geometry":{"type":"Point","coordinates":[-121.74930226,38.54125538]},"properties":{"phone_id":"100000000356641.0","t":25652.5}},{"type":"Feature","geometry":{"type":"Point","coordinates":[-121.74925272,38.54123135]},"properties":{"phone_id":"100000000356650.0","t":25652.5}},{"type":"Feature","geometry":{"type":"Point","coordinates":[-121.74959009,38.54112635]},"properties":{"phone_id":"100000000356669.0","t":25652.5}},{"type":"Feature","geometry":{"type":"Point","coordinates":[-121.74959147,38.54096433]},"properties":{"phone_id":"100000000356678.0","t":25652.5}},{"type":"Feature","geometry":{"type":"Point","coordinates":[-121.74958961,38.54107493]},"properties":{"phone_id":"100000000356687.0","t":25652.5}},{"type":"Feature","geometry":{"type":"Point","coordinates":[-121.74942211,38.54133341]},"properties":{"phone_id":"100000000353163.0","t":25655.0}},{"type":"Feature","geometry":{"type":"Point","coordinates":[-121.74964843,38.54109179]},"properties":{"phone_id":"100000000353680.0","t":25655.0}},{"type":"Feature","geometry":{"type":"Point","coordinates":[-121.74907417,38.54130183]},"properties":{"phone_id":"100000000354518.0","t":25655.0}},{"type":"Feature","geometry":{"type":"Point","coordinates":[-121.74953212,38.541145]},"properties":{"phone_id":"100000000354787.0","t":25655.0}},{"type":"Feature","geometry":{"type":"Point","coordinates":[-121.74912994,38.54131057]},"properties":{"phone_id":"100000000355848.0","t":25655.0}},{"type":"Feature","geometry":{"type":"Point","coordinates":[-121.74907417,38.54094623]},"properties":{"phone_id":"100000000355964.0","t":25655.0}},{"type":"Feature","geometry":{"type":"Point","coordinates":[-121.74962145,38.54123137]},"properties":{"phone_id":"100000000356026.0","t":25655.0}},{"type":"Feature","geometry":{"type":"Point","coordinates":[-121.74912011,38.54121808]},"properties":{"phone_id":"100000000356044.0","t":25655.0}},{"type":"Feature","geometry":{"type":"Point","coordinates":[-121.74948337,38.5409604]},"properties":{"phone_id":"100000000356053.0","t":25655.0}},{"type":"Feature","geometry":{"type":"Point","coordinates":[-121.74925157,38.5412766]},"properties":{"phone_id":"100000000356071.0","t":25655.0}},{"type":"Feature","geometry":{"type":"Point","coordinates":[-121.74964843,38.54113113]},"properties":{"phone_id":"100000000356179.0","t":25655.0}},{"type":"Feature","geometry":{"type":"Point","coordinates":[-121.74956452,38.54122116]},"properties":{"phone_id":"100000000356259.0","t":25655.0}},{"type":"Feature","geometry":{"type":"Point","coordinates":[-121.74939685,38.54127174]},"properties":{"phone_id":"100000000356286.0","t":25655.0}},{"type":"Feature","geometry":{"type":"Point","coordinates":[-121.74931461,38.54126817]},"properties":{"phone_id":"100000000356339.0","t":25655.0}},{"type":"Feature","geometry":{"type":"Point","coordinates":[-121.74940914,38.54095936]},"properties":{"phone_id":"100000000356384.0","t":25655.0}},{"type":"Feature","geometry":{"type":"Point","coordinates":[-121.74928344,38.54088299]},"properties":{"phone_id":"100000000356419.0","t":25655.0}},{"type":"Feature","geometry":{"type":"Point","coordinates":[-121.74926064,38.54096353]},"properties":{"phone_id":"100000000356428.0","t":25655.0}},{"type":"Feature","geometry":{"type":"Point","coordinates":[-121.74927767,38.54105824]},"properties":{"phone_id":"100000000356437.0","t":25655.0}},{"type":"Feature","geometry":{"type":"Point","coordinates":[-121.74941457,38.54122402]},"properties":{"phone_id":"100000000356446.0","t":25655.0}},{"type":"Feature","geometry":{"type":"Point","coordinates":[-121.74931942,38.54114742]},"properties":{"phone_id":"100000000356455.0","t":25655.0}},{"type":"Feature","geometry":{"type":"Point","coordinates":[-121.74918282,38.54122116]},"properties":{"phone_id":"100000000356464.0","t":25655.0}},{"type":"Feature","geometry":{"type":"Point","coordinates":[-121.74936149,38.54107881]},"properties":{"phone_id":"100000000356473.0","t":25655.0}},{"type":"Feature","geometry":{"type":"Point","coordinates":[-121.74931097,38.54116444]},"properties":{"phone_id":"100000000356482.0","t":25655.0}},{"type":"Feature","geometry":{"type":"Point","coordinates":[-121.74936962,38.54120449]},"properties":{"phone_id":"100000000356491.0","t":25655.0}},{"type":"Feature","geometry":{"type":"Point","coordinates":[-121.74927985,38.54110642]},"properties":{"phone_id":"100000000356507.0","t":25655.0}},{"type":"Feature","geometry":{"type":"Point","coordinates":[-121.74941508,38.54108035]},"properties":{"phone_id":"100000000356516.0","t":25655.0}},{"type":"Feature","geometry":{"type":"Point","coordinates":[-121.74937014,38.54110397]},"properties":{"phone_id":"100000000356525.0","t":25655.0}},{"type":"Feature","geometry":{"type":"Point","coordinates":[-121.74938387,38.54111769]},"properties":{"phone_id":"100000000356534.0","t":25655.0}},{"type":"Feature","geometry":{"type":"Point","coordinates":[-121.74934793,38.54111238]},"properties":{"phone_id":"100000000356543.0","t":25655.0}},{"type":"Feature","geometry":{"type":"Point","coordinates":[-121.74938792,38.54111504]},"properties":{"phone_id":"100000000356552.0","t":25655.0}},{"type":"Feature","geometry":{"type":"Point","coordinates":[-121.74949657,38.54111949]},"properties":{"phone_id":"100000000356561.0","t":25655.0}},{"type":"Feature","geometry":{"type":"Point","coordinates":[-121.74938694,38.54110174]},"properties":{"phone_id":"100000000356570.0","t":25655.0}},{"type":"Feature","geometry":{"type":"Point","coordinates":[-121.74923866,38.54116829]},"properties":{"phone_id":"100000000356589.0","t":25655.0}},{"type":"Feature","geometry":{"type":"Point","coordinates":[-121.7493631,38.54111419]},"properties":{"phone_id":"100000000356598.0","t":25655.0}},{"type":"Feature","geometry":{"type":"Point","coordinates":[-121.74946432,38.54122018]},"properties":{"phone_id":"100000000356605.0","t":25655.0}},{"type":"Feature","geometry":{"type":"Point","coordinates":[-121.74915656,38.54121505]},"properties":{"phone_id":"100000000356614.0","t":25655.0}},{"type":"Feature","geometry":{"type":"Point","coordinates":[-121.74935227,38.54105481]},"properties":{"phone_id":"100000000356623.0","t":25655.0}},{"type":"Feature","geometry":{"type":"Point","coordinates":[-121.74936051,38.54104465]},"properties":{"phone_id":"100000000356632.0","t":25655.0}},{"type":"Feature","geometry":{"type":"Point","coordinates":[-121.74932398,38.54120197]},"properties":{"phone_id":"100000000356641.0","t":25655.0}},{"type":"Feature","geometry":{"type":"Point","coordinates":[-121.7492824,38.54117817]},"properties":{"phone_id":"100000000356650.0","t":25655.0}},{"type":"Feature","geometry":{"type":"Point","coordinates":[-121.74953169,38.54112727]},"properties":{"phone_id":"100000000356669.0","t":25655.0}},{"type":"Feature","geometry":{"type":"Point","coordinates":[-121.74953789,38.54099714]},"properties":{"phone_id":"100000000356678.0","t":25655.0}},{"type":"Feature","geometry":{"type":"Point","coordinates":[-121.74952917,38.54108466]},"properties":{"phone_id":"100000000356687.0","t":25655.0}},{"type":"Feature","geometry":{"type":"Point","coordinates":[-121.74941759,38.54128281]},"properties":{"phone_id":"100000000356696.0","t":25655.0}},{"type":"Feature","geometry":{"type":"Point","coordinates":[-121.74912852,38.54121353]},"properties":{"phone_id":"100000000356703.0","t":25655.0}},{"type":"Feature","geometry":{"type":"Point","coordinates":[-121.74924695,38.54128318]},"properties":{"phone_id":"100000000356712.0","t":25655.0}},{"type":"Feature","geometry":{"type":"Point","coordinates":[-121.74959767,38.54127673]},"properties":{"phone_id":"100000000356721.0","t":25655.0}},{"type":"Feature","geometry":{"type":"Point","coordinates":[-121.74942211,38.54133341]},"properties":{"phone_id":"100000000353163.0","t":25657.5}},{"type":"Feature","geometry":{"type":"Point","coordinates":[-121.74964843,38.54109179]},"properties":{"phone_id":"100000000353680.0","t":25657.5}},{"type":"Feature","geometry":{"type":"Point","coordinates":[-121.74907417,38.54130183]},"properties":{"phone_id":"100000000354518.0","t":25657.5}},{"type":"Feature","geometry":{"type":"Point","coordinates":[-121.74953212,38.541145]},"properties":{"phone_id":"100000000354787.0","t":25657.5}},{"type":"Feature","geometry":{"type":"Point","coordinates":[-121.74911248,38.54133013]},"properties":{"phone_id":"100000000355848.0","t":25657.5}},{"type":"Feature","geometry":{"type":"Point","coordinates":[-121.74907417,38.54094623]},"properties":{"phone_id":"100000000355964.0","t":25657.5}},{"type":"Feature","geometry":{"type":"Point","coordinates":[-121.74909212,38.54122657]},"properties":{"phone_id":"100000000356044.0","t":25657.5}},{"type":"Feature","geometry":{"type":"Point","coordinates":[-121.74949632,38.54093921]},"properties":{"phone_id":"100000000356053.0","t":25657.5}},{"type":"Feature","geometry":{"type":"Point","coordinates":[-121.74923025,38.54129514]},"properties":{"phone_id":"100000000356071.0","t":25657.5}},{"type":"Feature","geometry":{"type":"Point","coordinates":[-121.74964843,38.54113113]},"properties":{"phone_id":"100000000356179.0","t":25657.5}},{"type":"Feature","geometry":{"type":"Point","coordinates":[-121.7496039,38.54125754]},"properties":{"phone_id":"100000000356259.0","t":25657.5}},{"type":"Feature","geometry":{"type":"Point","coordinates":[-121.74940864,38.54129445]},"properties":{"phone_id":"100000000356286.0","t":25657.5}},{"type":"Feature","geometry":{"type":"Point","coordinates":[-121.74929642,38.54129021]},"properties":{"phone_id":"100000000356339.0","t":25657.5}},{"type":"Feature","geometry":{"type":"Point","coordinates":[-121.74940773,38.54093414]},"properties":{"phone_id":"100000000356384.0","t":25657.5}},{"type":"Feature","geometry":{"type":"Point","coordinates":[-121.74928344,38.54088299]},"properties":{"phone_id":"100000000356419.0","t":25657.5}},{"type":"Feature","geometry":{"type":"Point","coordinates":[-121.74928718,38.54097608]},"properties":{"phone_id":"100000000356428.0","t":25657.5}},{"type":"Feature","geometry":{"type":"Point","coordinates":[-121.74932977,38.54109817]},"properties":{"phone_id":"100000000356437.0","t":25657.5}},{"type":"Feature","geometry":{"type":"Point","coordinates":[-121.74940621,38.54120169]},"properties":{"phone_id":"100000000356446.0","t":25657.5}},{"type":"Feature","geometry":{"type":"Point","coordinates":[-121.74935475,38.54110682]},"properties":{"phone_id":"100000000356455.0","t":25657.5}},{"type":"Feature","geometry":{"type":"Point","coordinates":[-121.74920604,38.54120422]},"properties":{"phone_id":"100000000356464.0","t":25657.5}},{"type":"Feature","geometry":{"type":"Point","coordinates":[-121.74933718,38.54102934]},"properties":{"phone_id":"100000000356473.0","t":25657.5}},{"type":"Feature","geometry":{"type":"Point","coordinates":[-121.74935239,38.541132]},"properties":{"phone_id":"100000000356482.0","t":25657.5}},{"type":"Feature","geometry":{"type":"Point","coordinates":[-121.74937741,38.54117916]},"properties":{"phone_id":"100000000356491.0","t":25657.5}},{"type":"Feature","geometry":{"type":"Point","coordinates":[-121.74927158,38.5410612]},"properties":{"phone_id":"100000000356507.0","t":25657.5}},{"type":"Feature","geometry":{"type":"Point","coordinates":[-121.74948742,38.54106626]},"properties":{"phone_id":"100000000356516.0","t":25657.5}},{"type":"Feature","geometry":{"type":"Point","coordinates":[-121.74941281,38.54105929]},"properties":{"phone_id":"100000000356525.0","t":25657.5}},{"type":"Feature","geometry":{"type":"Point","coordinates":[-121.74934796,38.5411659]},"properties":{"phone_id":"100000000356534.0","t":25657.5}},{"type":"Feature","geometry":{"type":"Point","coordinates":[-121.74936576,38.5411593]},"properties":{"phone_id":"100000000356543.0","t":25657.5}},{"type":"Feature","geometry":{"type":"Point","coordinates":[-121.74933436,38.54108332]},"properties":{"phone_id":"100000000356552.0","t":25657.5}},{"type":"Feature","geometry":{"type":"Point","coordinates":[-121.74946877,38.54110104]},"properties":{"phone_id":"100000000356561.0","t":25657.5}},{"type":"Feature","geometry":{"type":"Point","coordinates":[-121.7494463,38.54107523]},"properties":{"phone_id":"100000000356570.0","t":25657.5}},{"type":"Feature","geometry":{"type":"Point","coordinates":[-121.74927086,38.54115488]},"properties":{"phone_id":"100000000356589.0","t":25657.5}},{"type":"Feature","geometry":{"type":"Point","coordinates":[-121.7493055,38.54109078]},"properties":{"phone_id":"100000000356598.0","t":25657.5}},{"type":"Feature","geometry":{"type":"Point","coordinates":[-121.74944831,38.54119831]},"properties":{"phone_id":"100000000356605.0","t":25657.5}},{"type":"Feature","geometry":{"type":"Point","coordinates":[-121.74918115,38.5411948]},"properties":{"phone_id":"100000000356614.0","t":25657.5}},{"type":"Feature","geometry":{"type":"Point","coordinates":[-121.74933271,38.5411109]},"properties":{"phone_id":"100000000356623.0","t":25657.5}},{"type":"Feature","geometry":{"type":"Point","coordinates":[-121.74936179,38.54109856]},"properties":{"phone_id":"100000000356632.0","t":25657.5}},{"type":"Feature","geometry":{"type":"Point","coordinates":[-121.74934446,38.54114825]},"properties":{"phone_id":"100000000356641.0","t":25657.5}},{"type":"Feature","geometry":{"type":"Point","coordinates":[-121.74931658,38.54112667]},"properties":{"phone_id":"100000000356650.0","t":25657.5}},{"type":"Feature","geometry":{"type":"Point","coordinates":[-121.74947346,38.54113088]},"properties":{"phone_id":"100000000356669.0","t":25657.5}},{"type":"Feature","geometry":{"type":"Point","coordinates":[-121.7494843,38.54102995]},"properties":{"phone_id":"100000000356678.0","t":25657.5}},{"type":"Feature","geometry":{"type":"Point","coordinates":[-121.74946903,38.54109547]},"properties":{"phone_id":"100000000356687.0","t":25657.5}},{"type":"Feature","geometry":{"type":"Point","coordinates":[-121.74941152,38.54123169]},"properties":{"phone_id":"100000000356696.0","t":25657.5}},{"type":"Feature","geometry":{"type":"Point","coordinates":[-121.74918369,38.54118886]},"properties":{"phone_id":"100000000356703.0","t":25657.5}},{"type":"Feature","geometry":{"type":"Point","coordinates":[-121.74927797,38.54123296]},"properties":{"phone_id":"100000000356712.0","t":25657.5}},{"type":"Feature","geometry":{"type":"Point","coordinates":[-121.74954984,38.5412392]},"properties":{"phone_id":"100000000356721.0","t":25657.5}},{"type":"Feature","geometry":{"type":"Point","coordinates":[-121.74962337,38.54127969]},"properties":{"phone_id":"100000000356730.0","t":25657.5}},{"type":"Feature","geometry":{"type":"Point","coordinates":[-121.74939005,38.54093755]},"properties":{"phone_id":"100000000356749.0","t":25657.5}},{"type":"Feature","geometry":{"type":"Point","coordinates":[-121.7496244,38.54097414]},"properties":{"phone_id":"100000000356758.0","t":25657.5}},{"type":"Feature","geometry":{"type":"Point","coordinates":[-121.74942211,38.54133341]},"properties":{"phone_id":"100000000353163.0","t":25660.0}},{"type":"Feature","geometry":{"type":"Point","coordinates":[-121.74964843,38.54109179]},"properties":{"phone_id":"100000000353680.0","t":25660.0}},{"type":"Feature","geometry":{"type":"Point","coordinates":[-121.74907417,38.54130183]},"properties":{"phone_id":"100000000354518.0","t":25660.0}},{"type":"Feature","geometry":{"type":"Point","coordinates":[-121.74953212,38.541145]},"properties":{"phone_id":"100000000354787.0","t":25660.0}},{"type":"Feature","geometry":{"type":"Point","coordinates":[-121.74907417,38.54094623]},"properties":{"phone_id":"100000000355964.0","t":25660.0}},{"type":"Feature","geometry":{"type":"Point","coordinates":[-121.74952189,38.54088882]},"properties":{"phone_id":"100000000356053.0","t":25660.0}},{"type":"Feature","geometry":{"type":"Point","coordinates":[-121.74920769,38.54131275]},"properties":{"phone_id":"100000000356071.0","t":25660.0}},{"type":"Feature","geometry":{"type":"Point","coordinates":[-121.74964843,38.54113113]},"properties":{"phone_id":"100000000356179.0","t":25660.0}},{"type":"Feature","geometry":{"type":"Point","coordinates":[-121.74964241,38.5412945]},"properties":{"phone_id":"100000000356259.0","t":25660.0}},{"type":"Feature","geometry":{"type":"Point","coordinates":[-121.74942283,38.54131631]},"properties":{"phone_id":"100000000356286.0","t":25660.0}},{"type":"Feature","geometry":{"type":"Point","coordinates":[-121.74927785,38.54131207]},"properties":{"phone_id":"100000000356339.0","t":25660.0}},{"type":"Feature","geometry":{"type":"Point","coordinates":[-121.749408,38.5409089]},"properties":{"phone_id":"100000000356384.0","t":25660.0}},{"type":"Feature","geometry":{"type":"Point","coordinates":[-121.74928344,38.54088299]},"properties":{"phone_id":"100000000356419.0","t":25660.0}},{"type":"Feature","geometry":{"type":"Point","coordinates":[-121.74931283,38.54098972]},"properties":{"phone_id":"100000000356428.0","t":25660.0}},{"type":"Feature","geometry":{"type":"Point","coordinates":[-121.74938287,38.54113729]},"properties":{"phone_id":"100000000356437.0","t":25660.0}},{"type":"Feature","geometry":{"type":"Point","coordinates":[-121.74939818,38.54117929]},"properties":{"phone_id":"100000000356446.0","t":25660.0}},{"type":"Feature","geometry":{"type":"Point","coordinates":[-121.74939282,38.54106777]},"properties":{"phone_id":"100000000356455.0","t":25660.0}},{"type":"Feature","geometry":{"type":"Point","coordinates":[-121.74923024,38.54118816]},"properties":{"phone_id":"100000000356464.0","t":25660.0}},{"type":"Feature","geometry":{"type":"Point","coordinates":[-121.74930904,38.54098114]},"properties":{"phone_id":"100000000356473.0","t":25660.0}},{"type":"Feature","geometry":{"type":"Point","coordinates":[-121.74939611,38.54110146]},"properties":{"phone_id":"100000000356482.0","t":25660.0}},{"type":"Feature","geometry":{"type":"Point","coordinates":[-121.74938741,38.54115431]},"properties":{"phone_id":"100000000356491.0","t":25660.0}},{"type":"Feature","geometry":{"type":"Point","coordinates":[-121.74926715,38.54101565]},"properties":{"phone_id":"100000000356507.0","t":25660.0}},{"type":"Feature","geometry":{"type":"Point","coordinates":[-121.74955934,38.54105092]},"properties":{"phone_id":"100000000356516.0","t":25660.0}},{"type":"Feature","geometry":{"type":"Point","coordinates":[-121.74945571,38.54101475]},"properties":{"phone_id":"100000000356525.0","t":25660.0}},{"type":"Feature","geometry":{"type":"Point","coordinates":[-121.74930917,38.54121272]},"properties":{"phone_id":"100000000356534.0","t":25660.0}},{"type":"Feature","geometry":{"type":"Point","coordinates":[-121.74937867,38.54120721]},"properties":{"phone_id":"100000000356543.0","t":25660.0}},{"type":"Feature","geometry":{"type":"Point","coordinates":[-121.74928097,38.54105143]},"properties":{"phone_id":"100000000356552.0","t":25660.0}},{"type":"Feature","geometry":{"type":"Point","coordinates":[-121.74944094,38.54108263]},"properties":{"phone_id":"100000000356561.0","t":25660.0}},{"type":"Feature","geometry":{"type":"Point","coordinates":[-121.74950513,38.541048]},"properties":{"phone_id":"100000000356570.0","t":25660.0}},{"type":"Feature","geometry":{"type":"Point","coordinates":[-121.74930309,38.54114152]},"properties":{"phone_id":"100000000356589.0","t":25660.0}},{"type":"Feature","geometry":{"type":"Point","coordinates":[-121.7492485,38.54106647]},"properties":{"phone_id":"100000000356598.0","t":25660.0}},{"type":"Feature","geometry":{"type":"Point","coordinates":[-121.74943085,38.54117714]},"properties":{"phone_id":"100000000356605.0","t":25660.0}},{"type":"Feature","geometry":{"type":"Point","coordinates":[-121.74920689,38.54117546]},"properties":{"phone_id":"100000000356614.0","t":25660.0}},{"type":"Feature","geometry":{"type":"Point","coordinates":[-121.74931858,38.54116797]},"properties":{"phone_id":"100000000356623.0","t":25660.0}},{"type":"Feature","geometry":{"type":"Point","coordinates":[-121.74936262,38.54115248]},"properties":{"phone_id":"100000000356632.0","t":25660.0}},{"type":"Feature","geometry":{"type":"Point","coordinates":[-121.74936741,38.54109516]},"properties":{"phone_id":"100000000356641.0","t":25660.0}},{"type":"Feature","geometry":{"type":"Point","coordinates":[-121.74934593,38.54107337]},"properties":{"phone_id":"100000000356650.0","t":25660.0}},{"type":"Feature","geometry":{"type":"Point","coordinates":[-121.7494151,38.54113271]},"properties":{"phone_id":"100000000356669.0","t":25660.0}},{"type":"Feature","geometry":{"type":"Point","coordinates":[-121.74942777,38.54105956]},"properties":{"phone_id":"100000000356678.0","t":25660.0}},{"type":"Feature","geometry":{"type":"Point","coordinates":[-121.74940988,38.54110925]},"properties":{"phone_id":"100000000356687.0","t":25660.0}},{"type":"Feature","geometry":{"type":"Point","coordinates":[-121.74940498,38.5411806]},"properties":{"phone_id":"100000000356696.0","t":25660.0}},{"type":"Feature","geometry":{"type":"Point","coordinates":[-121.74924087,38.54116718]},"properties":{"phone_id":"100000000356703.0","t":25660.0}},{"type":"Feature","geometry":{"type":"Point","coordinates":[-121.74930445,38.54118117]},"properties":{"phone_id":"100000000356712.0","t":25660.0}},{"type":"Feature","geometry":{"type":"Point","coordinates":[-121.74950572,38.54119897]},"properties":{"phone_id":"100000000356721.0","t":25660.0}},{"type":"Feature","geometry":{"type":"Point","coordinates":[-121.7495985,38.54126128]},"properties":{"phone_id":"100000000356730.0","t":25660.0}},{"type":"Feature","geometry":{"type":"Point","coordinates":[-121.74939433,38.54099201]},"properties":{"phone_id":"100000000356749.0","t":25660.0}},{"type":"Feature","geometry":{"type":"Point","coordinates":[-121.74959962,38.54099035]},"properties":{"phone_id":"100000000356758.0","t":25660.0}},{"type":"Feature","geometry":{"type":"Point","coordinates":[-121.74912991,38.5410023]},"properties":{"phone_id":"100000000356767.0","t":25660.0}},{"type":"Feature","geometry":{"type":"Point","coordinates":[-121.74942211,38.54133341]},"properties":{"phone_id":"100000000353163.0","t":25662.5}},{"type":"Feature","geometry":{"type":"Point","coordinates":[-121.74964843,38.54109179]},"properties":{"phone_id":"100000000353680.0","t":25662.5}},{"type":"Feature","geometry":{"type":"Point","coordinates":[-121.74907417,38.54130183]},"properties":{"phone_id":"100000000354518.0","t":25662.5}},{"type":"Feature","geometry":{"type":"Point","coordinates":[-121.74953212,38.541145]},"properties":{"phone_id":"100000000354787.0","t":25662.5}},{"type":"Feature","geometry":{"type":"Point","coordinates":[-121.74907417,38.54094623]},"properties":{"phone_id":"100000000355964.0","t":25662.5}},{"type":"Feature","geometry":{"type":"Point","coordinates":[-121.74918346,38.54132894]},"properties":{"phone_id":"100000000356071.0","t":25662.5}},{"type":"Feature","geometry":{"type":"Point","coordinates":[-121.74964843,38.54113113]},"properties":{"phone_id":"100000000356179.0","t":25662.5}},{"type":"Feature","geometry":{"type":"Point","coordinates":[-121.74925713,38.54133269]},"properties":{"phone_id":"100000000356339.0","t":25662.5}},{"type":"Feature","geometry":{"type":"Point","coordinates":[-121.74940561,38.54088373]},"properties":{"phone_id":"100000000356384.0","t":25662.5}},{"type":"Feature","geometry":{"type":"Point","coordinates":[-121.74928344,38.54088299]},"properties":{"phone_id":"100000000356419.0","t":25662.5}},{"type":"Feature","geometry":{"type":"Point","coordinates":[-121.74933791,38.541004]},"properties":{"phone_id":"100000000356428.0","t":25662.5}},{"type":"Feature","geometry":{"type":"Point","coordinates":[-121.74943578,38.54117656]},"properties":{"phone_id":"100000000356437.0","t":25662.5}},{"type":"Feature","geometry":{"type":"Point","coordinates":[-121.74939057,38.5411568]},"properties":{"phone_id":"100000000356446.0","t":25662.5}},{"type":"Feature","geometry":{"type":"Point","coordinates":[-121.74943337,38.54103029]},"properties":{"phone_id":"100000000356455.0","t":25662.5}},{"type":"Feature","geometry":{"type":"Point","coordinates":[-121.7492532,38.54117101]},"properties":{"phone_id":"100000000356464.0","t":25662.5}},{"type":"Feature","geometry":{"type":"Point","coordinates":[-121.74927961,38.5409334]},"properties":{"phone_id":"100000000356473.0","t":25662.5}},{"type":"Feature","geometry":{"type":"Point","coordinates":[-121.74944003,38.5410711]},"properties":{"phone_id":"100000000356482.0","t":25662.5}},{"type":"Feature","geometry":{"type":"Point","coordinates":[-121.74939643,38.54112924]},"properties":{"phone_id":"100000000356491.0","t":25662.5}},{"type":"Feature","geometry":{"type":"Point","coordinates":[-121.74926583,38.54096998]},"properties":{"phone_id":"100000000356507.0","t":25662.5}},{"type":"Feature","geometry":{"type":"Point","coordinates":[-121.74963156,38.54103646]},"properties":{"phone_id":"100000000356516.0","t":25662.5}},{"type":"Feature","geometry":{"type":"Point","coordinates":[-121.74949486,38.54096813]},"properties":{"phone_id":"100000000356525.0","t":25662.5}},{"type":"Feature","geometry":{"type":"Point","coordinates":[-121.74927025,38.54125947]},"properties":{"phone_id":"100000000356534.0","t":25662.5}},{"type":"Feature","geometry":{"type":"Point","coordinates":[-121.74939141,38.54125514]},"properties":{"phone_id":"100000000356543.0","t":25662.5}},{"type":"Feature","geometry":{"type":"Point","coordinates":[-121.74922987,38.5410173]},"properties":{"phone_id":"100000000356552.0","t":25662.5}},{"type":"Feature","geometry":{"type":"Point","coordinates":[-121.74941332,38.54106402]},"properties":{"phone_id":"100000000356561.0","t":25662.5}},{"type":"Feature","geometry":{"type":"Point","coordinates":[-121.74956607,38.5410238]},"properties":{"phone_id":"100000000356570.0","t":25662.5}},{"type":"Feature","geometry":{"type":"Point","coordinates":[-121.74933485,38.54112747]},"properties":{"phone_id":"100000000356589.0","t":25662.5}},{"type":"Feature","geometry":{"type":"Point","coordinates":[-121.74919295,38.54104017]},"properties":{"phone_id":"100000000356598.0","t":25662.5}},{"type":"Feature","geometry":{"type":"Point","coordinates":[-121.74941251,38.54115643]},"properties":{"phone_id":"100000000356605.0","t":25662.5}},{"type":"Feature","geometry":{"type":"Point","coordinates":[-121.74923122,38.54115502]},"properties":{"phone_id":"100000000356614.0","t":25662.5}},{"type":"Feature","geometry":{"type":"Point","coordinates":[-121.74929858,38.54122396]},"properties":{"phone_id":"100000000356623.0","t":25662.5}},{"type":"Feature","geometry":{"type":"Point","coordinates":[-121.74935974,38.54120636]},"properties":{"phone_id":"100000000356632.0","t":25662.5}},{"type":"Feature","geometry":{"type":"Point","coordinates":[-121.74939388,38.54104308]},"properties":{"phone_id":"100000000356641.0","t":25662.5}},{"type":"Feature","geometry":{"type":"Point","coordinates":[-121.74937442,38.54101978]},"properties":{"phone_id":"100000000356650.0","t":25662.5}},{"type":"Feature","geometry":{"type":"Point","coordinates":[-121.74935678,38.54113528]},"properties":{"phone_id":"100000000356669.0","t":25662.5}},{"type":"Feature","geometry":{"type":"Point","coordinates":[-121.74937172,38.54108973]},"properties":{"phone_id":"100000000356678.0","t":25662.5}},{"type":"Feature","geometry":{"type":"Point","coordinates":[-121.74935149,38.5411249]},"properties":{"phone_id":"100000000356687.0","t":25662.5}},{"type":"Feature","geometry":{"type":"Point","coordinates":[-121.74939942,38.54112944]},"properties":{"phone_id":"100000000356696.0","t":25662.5}},{"type":"Feature","geometry":{"type":"Point","coordinates":[-121.74929635,38.54114292]},"properties":{"phone_id":"100000000356703.0","t":25662.5}},{"type":"Feature","geometry":{"type":"Point","coordinates":[-121.74933348,38.54113023]},"properties":{"phone_id":"100000000356712.0","t":25662.5}},{"type":"Feature","geometry":{"type":"Point","coordinates":[-121.74946547,38.54115632]},"properties":{"phone_id":"100000000356721.0","t":25662.5}},{"type":"Feature","geometry":{"type":"Point","coordinates":[-121.74957307,38.54124335]},"properties":{"phone_id":"100000000356730.0","t":25662.5}},{"type":"Feature","geometry":{"type":"Point","coordinates":[-121.74939894,38.54104645]},"properties":{"phone_id":"100000000356749.0","t":25662.5}},{"type":"Feature","geometry":{"type":"Point","coordinates":[-121.74957556,38.54100721]},"properties":{"phone_id":"100000000356758.0","t":25662.5}},{"type":"Feature","geometry":{"type":"Point","coordinates":[-121.74918764,38.54101918]},"properties":{"phone_id":"100000000356767.0","t":25662.5}},{"type":"Feature","geometry":{"type":"Point","coordinates":[-121.74962065,38.54122795]},"properties":{"phone_id":"100000000356776.0","t":25662.5}},{"type":"Feature","geometry":{"type":"Point","coordinates":[-121.74957738,38.54107577]},"properties":{"phone_id":"100000000356785.0","t":25662.5}},{"type":"Feature","geometry":{"type":"Point","coordinates":[-121.74942211,38.54133341]},"properties":{"phone_id":"100000000353163.0","t":25665.0}},{"type":"Feature","geometry":{"type":"Point","coordinates":[-121.74964843,38.54109179]},"properties":{"phone_id":"100000000353680.0","t":25665.0}},{"type":"Feature","geometry":{"type":"Point","coordinates":[-121.74907417,38.54130183]},"properties":{"phone_id":"100000000354518.0","t":25665.0}},{"type":"Feature","geometry":{"type":"Point","coordinates":[-121.74953212,38.541145]},"properties":{"phone_id":"100000000354787.0","t":25665.0}},{"type":"Feature","geometry":{"type":"Point","coordinates":[-121.74907417,38.54094623]},"properties":{"phone_id":"100000000355964.0","t":25665.0}},{"type":"Feature","geometry":{"type":"Point","coordinates":[-121.74964843,38.54113113]},"properties":{"phone_id":"100000000356179.0","t":25665.0}},{"type":"Feature","geometry":{"type":"Point","coordinates":[-121.74928344,38.54088299]},"properties":{"phone_id":"100000000356419.0","t":25665.0}},{"type":"Feature","geometry":{"type":"Point","coordinates":[-121.74936289,38.54101838]},"properties":{"phone_id":"100000000356428.0","t":25665.0}},{"type":"Feature","geometry":{"type":"Point","coordinates":[-121.7494848,38.54121883]},"properties":{"phone_id":"100000000356437.0","t":25665.0}},{"type":"Feature","geometry":{"type":"Point","coordinates":[-121.74938196,38.54113453]},"properties":{"phone_id":"100000000356446.0","t":25665.0}},{"type":"Feature","geometry":{"type":"Point","coordinates":[-121.74947394,38.54099282]},"properties":{"phone_id":"100000000356455.0","t":25665.0}},{"type":"Feature","geometry":{"type":"Point","coordinates":[-121.74927726,38.54115481]},"properties":{"phone_id":"100000000356464.0","t":25665.0}},{"type":"Feature","geometry":{"type":"Point","coordinates":[-121.74925558,38.54088385]},"properties":{"phone_id":"100000000356473.0","t":25665.0}},{"type":"Feature","geometry":{"type":"Point","coordinates":[-121.74948384,38.54104065]},"properties":{"phone_id":"100000000356482.0","t":25665.0}},{"type":"Feature","geometry":{"type":"Point","coordinates":[-121.74940661,38.54110444]},"properties":{"phone_id":"100000000356491.0","t":25665.0}},{"type":"Feature","geometry":{"type":"Point","coordinates":[-121.74926924,38.54092438]},"properties":{"phone_id":"100000000356507.0","t":25665.0}},{"type":"Feature","geometry":{"type":"Point","coordinates":[-121.7495315,38.54092027]},"properties":{"phone_id":"100000000356525.0","t":25665.0}},{"type":"Feature","geometry":{"type":"Point","coordinates":[-121.74923086,38.54130598]},"properties":{"phone_id":"100000000356534.0","t":25665.0}},{"type":"Feature","geometry":{"type":"Point","coordinates":[-121.74940392,38.5413031]},"properties":{"phone_id":"100000000356543.0","t":25665.0}},{"type":"Feature","geometry":{"type":"Point","coordinates":[-121.74917783,38.54098407]},"properties":{"phone_id":"100000000356552.0","t":25665.0}},{"type":"Feature","geometry":{"type":"Point","coordinates":[-121.74938438,38.54104668]},"properties":{"phone_id":"100000000356561.0","t":25665.0}},{"type":"Feature","geometry":{"type":"Point","coordinates":[-121.74962485,38.5409965]},"properties":{"phone_id":"100000000356570.0","t":25665.0}},{"type":"Feature","geometry":{"type":"Point","coordinates":[-121.74936732,38.54111447]},"properties":{"phone_id":"100000000356589.0","t":25665.0}},{"type":"Feature","geometry":{"type":"Point","coordinates":[-121.74913926,38.5410116]},"properties":{"phone_id":"100000000356598.0","t":25665.0}},{"type":"Feature","geometry":{"type":"Point","coordinates":[-121.74939444,38.54113557]},"properties":{"phone_id":"100000000356605.0","t":25665.0}},{"type":"Feature","geometry":{"type":"Point","coordinates":[-121.74925533,38.54113442]},"properties":{"phone_id":"100000000356614.0","t":25665.0}},{"type":"Feature","geometry":{"type":"Point","coordinates":[-121.74927485,38.54127904]},"properties":{"phone_id":"100000000356623.0","t":25665.0}},{"type":"Feature","geometry":{"type":"Point","coordinates":[-121.74935455,38.54126013]},"properties":{"phone_id":"100000000356632.0","t":25665.0}},{"type":"Feature","geometry":{"type":"Point","coordinates":[-121.74941518,38.54098956]},"properties":{"phone_id":"100000000356641.0","t":25665.0}},{"type":"Feature","geometry":{"type":"Point","coordinates":[-121.74940019,38.54096535]},"properties":{"phone_id":"100000000356650.0","t":25665.0}},{"type":"Feature","geometry":{"type":"Point","coordinates":[-121.74929844,38.54113749]},"properties":{"phone_id":"100000000356669.0","t":25665.0}},{"type":"Feature","geometry":{"type":"Point","coordinates":[-121.74931709,38.54112146]},"properties":{"phone_id":"100000000356678.0","t":25665.0}},{"type":"Feature","geometry":{"type":"Point","coordinates":[-121.74929425,38.54114298]},"properties":{"phone_id":"100000000356687.0","t":25665.0}},{"type":"Feature","geometry":{"type":"Point","coordinates":[-121.74939559,38.54107818]},"properties":{"phone_id":"100000000356696.0","t":25665.0}},{"type":"Feature","geometry":{"type":"Point","coordinates":[-121.74934899,38.54111505]},"properties":{"phone_id":"100000000356703.0","t":25665.0}},{"type":"Feature","geometry":{"type":"Point","coordinates":[-121.74936801,38.54108145]},"properties":{"phone_id":"100000000356712.0","t":25665.0}},{"type":"Feature","geometry":{"type":"Point","coordinates":[-121.7494305,38.54111539]},"properties":{"phone_id":"100000000356721.0","t":25665.0}},{"type":"Feature","geometry":{"type":"Point","coordinates":[-121.7495489,38.54122438]},"properties":{"phone_id":"100000000356730.0","t":25665.0}},{"type":"Feature","geometry":{"type":"Point","coordinates":[-121.74940226,38.54110096]},"properties":{"phone_id":"100000000356749.0","t":25665.0}},{"type":"Feature","geometry":{"type":"Point","coordinates":[-121.74955338,38.54102558]},"properties":{"phone_id":"100000000356758.0","t":25665.0}},{"type":"Feature","geometry":{"type":"Point","coordinates":[-121.7492445,38.54103778]},"properties":{"phone_id":"100000000356767.0","t":25665.0}},{"type":"Feature","geometry":{"type":"Point","coordinates":[-121.74959343,38.54121358]},"properties":{"phone_id":"100000000356776.0","t":25665.0}},{"type":"Feature","geometry":{"type":"Point","coordinates":[-121.74950681,38.54108296]},"properties":{"phone_id":"100000000356785.0","t":25665.0}},{"type":"Feature","geometry":{"type":"Point","coordinates":[-121.74910938,38.54115924]},"properties":{"phone_id":"100000000356794.0","t":25665.0}},{"type":"Feature","geometry":{"type":"Point","coordinates":[-121.74942682,38.54090811]},"properties":{"phone_id":"100000000356801.0","t":25665.0}},{"type":"Feature","geometry":{"type":"Point","coordinates":[-121.74958931,38.54123462]},"properties":{"phone_id":"100000000356810.0","t":25665.0}},{"type":"Feature","geometry":{"type":"Point","coordinates":[-121.74942211,38.54133341]},"properties":{"phone_id":"100000000353163.0","t":25667.5}},{"type":"Feature","geometry":{"type":"Point","coordinates":[-121.74964843,38.54109179]},"properties":{"phone_id":"100000000353680.0","t":25667.5}},{"type":"Feature","geometry":{"type":"Point","coordinates":[-121.74907417,38.54130183]},"properties":{"phone_id":"100000000354518.0","t":25667.5}},{"type":"Feature","geometry":{"type":"Point","coordinates":[-121.74953212,38.541145]},"properties":{"phone_id":"100000000354787.0","t":25667.5}},{"type":"Feature","geometry":{"type":"Point","coordinates":[-121.74907417,38.54094623]},"properties":{"phone_id":"100000000355964.0","t":25667.5}},{"type":"Feature","geometry":{"type":"Point","coordinates":[-121.74964843,38.54113113]},"properties":{"phone_id":"100000000356179.0","t":25667.5}},{"type":"Feature","geometry":{"type":"Point","coordinates":[-121.74928344,38.54088299]},"properties":{"phone_id":"100000000356419.0","t":25667.5}},{"type":"Feature","geometry":{"type":"Point","coordinates":[-121.74938669,38.54103395]},"properties":{"phone_id":"100000000356428.0","t":25667.5}},{"type":"Feature","geometry":{"type":"Point","coordinates":[-121.7495315,38.54126268]},"properties":{"phone_id":"100000000356437.0","t":25667.5}},{"type":"Feature","geometry":{"type":"Point","coordinates":[-121.74937211,38.54111258]},"properties":{"phone_id":"100000000356446.0","t":25667.5}},{"type":"Feature","geometry":{"type":"Point","coordinates":[-121.74949457,38.54097535]},"properties":{"phone_id":"100000000356455.0","t":25667.5}},{"type":"Feature","geometry":{"type":"Point","coordinates":[-121.74930233,38.54113959]},"properties":{"phone_id":"100000000356464.0","t":25667.5}},{"type":"Feature","geometry":{"type":"Point","coordinates":[-121.74950878,38.54102181]},"properties":{"phone_id":"100000000356482.0","t":25667.5}},{"type":"Feature","geometry":{"type":"Point","coordinates":[-121.74941879,38.5410802]},"properties":{"phone_id":"100000000356491.0","t":25667.5}},{"type":"Feature","geometry":{"type":"Point","coordinates":[-121.74912887,38.54094807]},"properties":{"phone_id":"100000000356552.0","t":25667.5}},{"type":"Feature","geometry":{"type":"Point","coordinates":[-121.74935631,38.54102848]},"properties":{"phone_id":"100000000356561.0","t":25667.5}},{"type":"Feature","geometry":{"type":"Point","coordinates":[-121.74939894,38.54110024]},"properties":{"phone_id":"100000000356589.0","t":25667.5}},{"type":"Feature","geometry":{"type":"Point","coordinates":[-121.74908376,38.54098524]},"properties":{"phone_id":"100000000356598.0","t":25667.5}},{"type":"Feature","geometry":{"type":"Point","coordinates":[-121.74937705,38.54111436]},"properties":{"phone_id":"100000000356605.0","t":25667.5}},{"type":"Feature","geometry":{"type":"Point","coordinates":[-121.74927883,38.5411134]},"properties":{"phone_id":"100000000356614.0","t":25667.5}},{"type":"Feature","geometry":{"type":"Point","coordinates":[-121.74935289,38.54131404]},"properties":{"phone_id":"100000000356632.0","t":25667.5}},{"type":"Feature","geometry":{"type":"Point","coordinates":[-121.7494354,38.54093579]},"properties":{"phone_id":"100000000356641.0","t":25667.5}},{"type":"Feature","geometry":{"type":"Point","coordinates":[-121.74942016,38.54090944]},"properties":{"phone_id":"100000000356650.0","t":25667.5}},{"type":"Feature","geometry":{"type":"Point","coordinates":[-121.74924044,38.54114291]},"properties":{"phone_id":"100000000356669.0","t":25667.5}},{"type":"Feature","geometry":{"type":"Point","coordinates":[-121.74925966,38.54114999]},"properties":{"phone_id":"100000000356678.0","t":25667.5}},{"type":"Feature","geometry":{"type":"Point","coordinates":[-121.74923902,38.54116455]},"properties":{"phone_id":"100000000356687.0","t":25667.5}},{"type":"Feature","geometry":{"type":"Point","coordinates":[-121.74939381,38.54102686]},"properties":{"phone_id":"100000000356696.0","t":25667.5}},{"type":"Feature","geometry":{"type":"Point","coordinates":[-121.74940095,38.54108641]},"properties":{"phone_id":"100000000356703.0","t":25667.5}},{"type":"Feature","geometry":{"type":"Point","coordinates":[-121.74940281,38.54103279]},"properties":{"phone_id":"100000000356712.0","t":25667.5}},{"type":"Feature","geometry":{"type":"Point","coordinates":[-121.74939405,38.54107526]},"properties":{"phone_id":"100000000356721.0","t":25667.5}},{"type":"Feature","geometry":{"type":"Point","coordinates":[-121.74952597,38.54120448]},"properties":{"phone_id":"100000000356730.0","t":25667.5}},{"type":"Feature","geometry":{"type":"Point","coordinates":[-121.74940677,38.54115541]},"properties":{"phone_id":"100000000356749.0","t":25667.5}},{"type":"Feature","geometry":{"type":"Point","coordinates":[-121.74953146,38.54104415]},"properties":{"phone_id":"100000000356758.0","t":25667.5}},{"type":"Feature","geometry":{"type":"Point","coordinates":[-121.74930215,38.54105481]},"properties":{"phone_id":"100000000356767.0","t":25667.5}},{"type":"Feature","geometry":{"type":"Point","coordinates":[-121.74956598,38.54119948]},"properties":{"phone_id":"100000000356776.0","t":25667.5}},{"type":"Feature","geometry":{"type":"Point","coordinates":[-121.74943626,38.54109027]},"properties":{"phone_id":"100000000356785.0","t":25667.5}},{"type":"Feature","geometry":{"type":"Point","coordinates":[-121.74914481,38.54115296]},"properties":{"phone_id":"100000000356794.0","t":25667.5}},{"type":"Feature","geometry":{"type":"Point","coordinates":[-121.74941696,38.54093317]},"properties":{"phone_id":"100000000356801.0","t":25667.5}},{"type":"Feature","geometry":{"type":"Point","coordinates":[-121.74953115,38.54120396]},"properties":{"phone_id":"100000000356810.0","t":25667.5}},{"type":"Feature","geometry":{"type":"Point","coordinates":[-121.74930042,38.54127891]},"properties":{"phone_id":"100000000356829.0","t":25667.5}},{"type":"Feature","geometry":{"type":"Point","coordinates":[-121.7492165,38.5409053]},"properties":{"phone_id":"100000000356838.0","t":25667.5}},{"type":"Feature","geometry":{"type":"Point","coordinates":[-121.74954473,38.54092095]},"properties":{"phone_id":"100000000356847.0","t":25667.5}},{"type":"Feature","geometry":{"type":"Point","coordinates":[-121.74915681,38.54091927]},"properties":{"phone_id":"100000000356856.0","t":25667.5}},{"type":"Feature","geometry":{"type":"Point","coordinates":[-121.74942211,38.54133341]},"properties":{"phone_id":"100000000353163.0","t":25670.0}},{"type":"Feature","geometry":{"type":"Point","coordinates":[-121.74964843,38.54109179]},"properties":{"phone_id":"100000000353680.0","t":25670.0}},{"type":"Feature","geometry":{"type":"Point","coordinates":[-121.74907417,38.54130183]},"properties":{"phone_id":"100000000354518.0","t":25670.0}},{"type":"Feature","geometry":{"type":"Point","coordinates":[-121.74953212,38.541145]},"properties":{"phone_id":"100000000354787.0","t":25670.0}},{"type":"Feature","geometry":{"type":"Point","coordinates":[-121.74907417,38.54094623]},"properties":{"phone_id":"100000000355964.0","t":25670.0}},{"type":"Feature","geometry":{"type":"Point","coordinates":[-121.74964843,38.54113113]},"properties":{"phone_id":"100000000356179.0","t":25670.0}},{"type":"Feature","geometry":{"type":"Point","coordinates":[-121.74928344,38.54088299]},"properties":{"phone_id":"100000000356419.0","t":25670.0}},{"type":"Feature","geometry":{"type":"Point","coordinates":[-121.74940901,38.54105082]},"properties":{"phone_id":"100000000356428.0","t":25670.0}},{"type":"Feature","geometry":{"type":"Point","coordinates":[-121.74957495,38.54130854]},"properties":{"phone_id":"100000000356437.0","t":25670.0}},{"type":"Feature","geometry":{"type":"Point","coordinates":[-121.7493603,38.54109124]},"properties":{"phone_id":"100000000356446.0","t":25670.0}},{"type":"Feature","geometry":{"type":"Point","coordinates":[-121.74951457,38.54095743]},"properties":{"phone_id":"100000000356455.0","t":25670.0}},{"type":"Feature","geometry":{"type":"Point","coordinates":[-121.74932577,38.54112285]},"properties":{"phone_id":"100000000356464.0","t":25670.0}},{"type":"Feature","geometry":{"type":"Point","coordinates":[-121.74953529,38.54100434]},"properties":{"phone_id":"100000000356482.0","t":25670.0}},{"type":"Feature","geometry":{"type":"Point","coordinates":[-121.7494283,38.54105524]},"properties":{"phone_id":"100000000356491.0","t":25670.0}},{"type":"Feature","geometry":{"type":"Point","coordinates":[-121.74908195,38.54091043]},"properties":{"phone_id":"100000000356552.0","t":25670.0}},{"type":"Feature","geometry":{"type":"Point","coordinates":[-121.74932671,38.54101185]},"properties":{"phone_id":"100000000356561.0","t":25670.0}},{"type":"Feature","geometry":{"type":"Point","coordinates":[-121.74942913,38.54108421]},"properties":{"phone_id":"100000000356589.0","t":25670.0}},{"type":"Feature","geometry":{"type":"Point","coordinates":[-121.74936183,38.54109215]},"properties":{"phone_id":"100000000356605.0","t":25670.0}},{"type":"Feature","geometry":{"type":"Point","coordinates":[-121.74930149,38.54109181]},"properties":{"phone_id":"100000000356614.0","t":25670.0}},{"type":"Feature","geometry":{"type":"Point","coordinates":[-121.7491824,38.54114807]},"properties":{"phone_id":"100000000356669.0","t":25670.0}},{"type":"Feature","geometry":{"type":"Point","coordinates":[-121.74920545,38.54118217]},"properties":{"phone_id":"100000000356678.0","t":25670.0}},{"type":"Feature","geometry":{"type":"Point","coordinates":[-121.74918235,38.5411837]},"properties":{"phone_id":"100000000356687.0","t":25670.0}},{"type":"Feature","geometry":{"type":"Point","coordinates":[-121.74939409,38.54097551]},"properties":{"phone_id":"100000000356696.0","t":25670.0}},{"type":"Feature","geometry":{"type":"Point","coordinates":[-121.74945078,38.54105552]},"properties":{"phone_id":"100000000356703.0","t":25670.0}},{"type":"Feature","geometry":{"type":"Point","coordinates":[-121.74943356,38.54098247]},"properties":{"phone_id":"100000000356712.0","t":25670.0}},{"type":"Feature","geometry":{"type":"Point","coordinates":[-121.74935533,38.54103832]},"properties":{"phone_id":"100000000356721.0","t":25670.0}},{"type":"Feature","geometry":{"type":"Point","coordinates":[-121.74950134,38.54118587]},"properties":{"phone_id":"100000000356730.0","t":25670.0}},{"type":"Feature","geometry":{"type":"Point","coordinates":[-121.74941611,38.54120947]},"properties":{"phone_id":"100000000356749.0","t":25670.0}},{"type":"Feature","geometry":{"type":"Point","coordinates":[-121.74951166,38.54106413]},"properties":{"phone_id":"100000000356758.0","t":25670.0}},{"type":"Feature","geometry":{"type":"Point","coordinates":[-121.74936132,38.54106829]},"properties":{"phone_id":"100000000356767.0","t":25670.0}},{"type":"Feature","geometry":{"type":"Point","coordinates":[-121.74953858,38.54118532]},"properties":{"phone_id":"100000000356776.0","t":25670.0}},{"type":"Feature","geometry":{"type":"Point","coordinates":[-121.74936539,38.5410953]},"properties":{"phone_id":"100000000356785.0","t":25670.0}},{"type":"Feature","geometry":{"type":"Point","coordinates":[-121.74918008,38.54114617]},"properties":{"phone_id":"100000000356794.0","t":25670.0}},{"type":"Feature","geometry":{"type":"Point","coordinates":[-121.74940549,38.54095781]},"properties":{"phone_id":"100000000356801.0","t":25670.0}},{"type":"Feature","geometry":{"type":"Point","coordinates":[-121.74947036,38.54117662]},"properties":{"phone_id":"100000000356810.0","t":25670.0}},{"type":"Feature","geometry":{"type":"Point","coordinates":[-121.7493162,38.5412237]},"properties":{"phone_id":"100000000356829.0","t":25670.0}},{"type":"Feature","geometry":{"type":"Point","coordinates":[-121.74925694,38.54095242]},"properties":{"phone_id":"100000000356838.0","t":25670.0}},{"type":"Feature","geometry":{"type":"Point","coordinates":[-121.74950889,38.54095693]},"properties":{"phone_id":"100000000356847.0","t":25670.0}},{"type":"Feature","geometry":{"type":"Point","coordinates":[-121.74920387,38.54095377]},"properties":{"phone_id":"100000000356856.0","t":25670.0}},{"type":"Feature","geometry":{"type":"Point","coordinates":[-121.74961367,38.54111434]},"properties":{"phone_id":"100000000356865.0","t":25670.0}},{"type":"Feature","geometry":{"type":"Point","coordinates":[-121.74924969,38.54092731]},"properties":{"phone_id":"100000000356874.0","t":25670.0}},{"type":"Feature","geometry":{"type":"Point","coordinates":[-121.74958473,38.54116514]},"properties":{"phone_id":"100000000356883.0","t":25670.0}},{"type":"Feature","geometry":{"type":"Point","coordinates":[-121.74913243,38.54121168]},"properties":{"phone_id":"100000000356892.0","t":25670.0}},{"type":"Feature","geometry":{"type":"Point","coordinates":[-121.74912734,38.54122531]},"properties":{"phone_id":"100000000356909.0","t":25670.0}},{"type":"Feature","geometry":{"type":"Point","coordinates":[-121.74910472,38.5409305]},"properties":{"phone_id":"100000000356918.0","t":25670.0}},{"type":"Feature","geometry":{"type":"Point","coordinates":[-121.749145,38.54109905]},"properties":{"phone_id":"100000000356927.0","t":25670.0}},{"type":"Feature","geometry":{"type":"Point","coordinates":[-121.74942211,38.54133341]},"properties":{"phone_id":"100000000353163.0","t":25672.5}},{"type":"Feature","geometry":{"type":"Point","coordinates":[-121.74964843,38.54109179]},"properties":{"phone_id":"100000000353680.0","t":25672.5}},{"type":"Feature","geometry":{"type":"Point","coordinates":[-121.74907417,38.54130183]},"properties":{"phone_id":"100000000354518.0","t":25672.5}},{"type":"Feature","geometry":{"type":"Point","coordinates":[-121.74953212,38.541145]},"properties":{"phone_id":"100000000354787.0","t":25672.5}},{"type":"Feature","geometry":{"type":"Point","coordinates":[-121.74907417,38.54094623]},"properties":{"phone_id":"100000000355964.0","t":25672.5}},{"type":"Feature","geometry":{"type":"Point","coordinates":[-121.74964843,38.54113113]},"properties":{"phone_id":"100000000356179.0","t":25672.5}},{"type":"Feature","geometry":{"type":"Point","coordinates":[-121.74928344,38.54088299]},"properties":{"phone_id":"100000000356419.0","t":25672.5}},{"type":"Feature","geometry":{"type":"Point","coordinates":[-121.74943023,38.54106853]},"properties":{"phone_id":"100000000356428.0","t":25672.5}},{"type":"Feature","geometry":{"type":"Point","coordinates":[-121.74934635,38.5410707]},"properties":{"phone_id":"100000000356446.0","t":25672.5}},{"type":"Feature","geometry":{"type":"Point","coordinates":[-121.74953541,38.54094012]},"properties":{"phone_id":"100000000356455.0","t":25672.5}},{"type":"Feature","geometry":{"type":"Point","coordinates":[-121.74934987,38.54110669]},"properties":{"phone_id":"100000000356464.0","t":25672.5}},{"type":"Feature","geometry":{"type":"Point","coordinates":[-121.74956006,38.54098537]},"properties":{"phone_id":"100000000356482.0","t":25672.5}},{"type":"Feature","geometry":{"type":"Point","coordinates":[-121.74943611,38.54102991]},"properties":{"phone_id":"100000000356491.0","t":25672.5}},{"type":"Feature","geometry":{"type":"Point","coordinates":[-121.749296,38.5409965]},"properties":{"phone_id":"100000000356561.0","t":25672.5}},{"type":"Feature","geometry":{"type":"Point","coordinates":[-121.74945845,38.54106721]},"properties":{"phone_id":"100000000356589.0","t":25672.5}},{"type":"Feature","geometry":{"type":"Point","coordinates":[-121.7493454,38.54107047]},"properties":{"phone_id":"100000000356605.0","t":25672.5}},{"type":"Feature","geometry":{"type":"Point","coordinates":[-121.74932475,38.54107062]},"properties":{"phone_id":"100000000356614.0","t":25672.5}},{"type":"Feature","geometry":{"type":"Point","coordinates":[-121.74912412,38.54115116]},"properties":{"phone_id":"100000000356669.0","t":25672.5}},{"type":"Feature","geometry":{"type":"Point","coordinates":[-121.74915295,38.54121603]},"properties":{"phone_id":"100000000356678.0","t":25672.5}},{"type":"Feature","geometry":{"type":"Point","coordinates":[-121.74912611,38.5412036]},"properties":{"phone_id":"100000000356687.0","t":25672.5}},{"type":"Feature","geometry":{"type":"Point","coordinates":[-121.74939901,38.54092431]},"properties":{"phone_id":"100000000356696.0","t":25672.5}},{"type":"Feature","geometry":{"type":"Point","coordinates":[-121.74950286,38.54102701]},"properties":{"phone_id":"100000000356703.0","t":25672.5}},{"type":"Feature","geometry":{"type":"Point","coordinates":[-121.74946622,38.5409329]},"properties":{"phone_id":"100000000356712.0","t":25672.5}},{"type":"Feature","geometry":{"type":"Point","coordinates":[-121.74931503,38.54100243]},"properties":{"phone_id":"100000000356721.0","t":25672.5}},{"type":"Feature","geometry":{"type":"Point","coordinates":[-121.74947884,38.54116567]},"properties":{"phone_id":"100000000356730.0","t":25672.5}},{"type":"Feature","geometry":{"type":"Point","coordinates":[-121.74942189,38.54126385]},"properties":{"phone_id":"100000000356749.0","t":25672.5}},{"type":"Feature","geometry":{"type":"Point","coordinates":[-121.74949135,38.5410838]},"properties":{"phone_id":"100000000356758.0","t":25672.5}},{"type":"Feature","geometry":{"type":"Point","coordinates":[-121.74942119,38.54107968]},"properties":{"phone_id":"100000000356767.0","t":25672.5}},{"type":"Feature","geometry":{"type":"Point","coordinates":[-121.74951115,38.5411712]},"properties":{"phone_id":"100000000356776.0","t":25672.5}},{"type":"Feature","geometry":{"type":"Point","coordinates":[-121.74929507,38.54110388]},"properties":{"phone_id":"100000000356785.0","t":25672.5}},{"type":"Feature","geometry":{"type":"Point","coordinates":[-121.74921533,38.54113929]},"properties":{"phone_id":"100000000356794.0","t":25672.5}},{"type":"Feature","geometry":{"type":"Point","coordinates":[-121.74939318,38.5409822]},"properties":{"phone_id":"100000000356801.0","t":25672.5}},{"type":"Feature","geometry":{"type":"Point","coordinates":[-121.74940846,38.54115086]},"properties":{"phone_id":"100000000356810.0","t":25672.5}},{"type":"Feature","geometry":{"type":"Point","coordinates":[-121.74932871,38.54116797]},"properties":{"phone_id":"100000000356829.0","t":25672.5}},{"type":"Feature","geometry":{"type":"Point","coordinates":[-121.74930162,38.54099712]},"properties":{"phone_id":"100000000356838.0","t":25672.5}},{"type":"Feature","geometry":{"type":"Point","coordinates":[-121.74947545,38.54099431]},"properties":{"phone_id":"100000000356847.0","t":25672.5}},{"type":"Feature","geometry":{"type":"Point","coordinates":[-121.74924732,38.54099107]},"properties":{"phone_id":"100000000356856.0","t":25672.5}},{"type":"Feature","geometry":{"type":"Point","coordinates":[-121.74955446,38.54110959]},"properties":{"phone_id":"100000000356865.0","t":25672.5}},{"type":"Feature","geometry":{"type":"Point","coordinates":[-121.74927566,38.54097105]},"properties":{"phone_id":"100000000356874.0","t":25672.5}},{"type":"Feature","geometry":{"type":"Point","coordinates":[-121.74952255,38.54114416]},"properties":{"phone_id":"100000000356883.0","t":25672.5}},{"type":"Feature","geometry":{"type":"Point","coordinates":[-121.74919091,38.54118391]},"properties":{"phone_id":"100000000356892.0","t":25672.5}},{"type":"Feature","geometry":{"type":"Point","coordinates":[-121.74918209,38.54119893]},"properties":{"phone_id":"100000000356909.0","t":25672.5}},{"type":"Feature","geometry":{"type":"Point","coordinates":[-121.74913465,38.54094766]},"properties":{"phone_id":"100000000356918.0","t":25672.5}},{"type":"Feature","geometry":{"type":"Point","coordinates":[-121.74921495,38.54111161]},"properties":{"phone_id":"100000000356927.0","t":25672.5}},{"type":"Feature","geometry":{"type":"Point","coordinates":[-121.74912684,38.54095664]},"properties":{"phone_id":"100000000356936.0","t":25672.5}},{"type":"Feature","geometry":{"type":"Point","coordinates":[-121.7493423,38.54127766]},"properties":{"phone_id":"100000000356945.0","t":25672.5}},{"type":"Feature","geometry":{"type":"Point","coordinates":[-121.74950444,38.54092022]},"properties":{"phone_id":"100000000356954.0","t":25672.5}},{"type":"Feature","geometry":{"type":"Point","coordinates":[-121.7491459,38.54129378]},"properties":{"phone_id":"100000000356963.0","t":25672.5}},{"type":"Feature","geometry":{"type":"Point","coordinates":[-121.74942211,38.54133341]},"properties":{"phone_id":"100000000353163.0","t":25675.0}},{"type":"Feature","geometry":{"type":"Point","coordinates":[-121.74964843,38.54109179]},"properties":{"phone_id":"100000000353680.0","t":25675.0}},{"type":"Feature","geometry":{"type":"Point","coordinates":[-121.74907417,38.54130183]},"properties":{"phone_id":"100000000354518.0","t":25675.0}},{"type":"Feature","geometry":{"type":"Point","coordinates":[-121.74953212,38.541145]},"properties":{"phone_id":"100000000354787.0","t":25675.0}},{"type":"Feature","geometry":{"type":"Point","coordinates":[-121.74907417,38.54094623]},"properties":{"phone_id":"100000000355964.0","t":25675.0}},{"type":"Feature","geometry":{"type":"Point","coordinates":[-121.74964843,38.54113113]},"properties":{"phone_id":"100000000356179.0","t":25675.0}},{"type":"Feature","geometry":{"type":"Point","coordinates":[-121.74928344,38.54088299]},"properties":{"phone_id":"100000000356419.0","t":25675.0}},{"type":"Feature","geometry":{"type":"Point","coordinates":[-121.74945308,38.54108495]},"properties":{"phone_id":"100000000356428.0","t":25675.0}},{"type":"Feature","geometry":{"type":"Point","coordinates":[-121.74933355,38.54104971]},"properties":{"phone_id":"100000000356446.0","t":25675.0}},{"type":"Feature","geometry":{"type":"Point","coordinates":[-121.74955554,38.54092229]},"properties":{"phone_id":"100000000356455.0","t":25675.0}},{"type":"Feature","geometry":{"type":"Point","coordinates":[-121.74937277,38.54108949]},"properties":{"phone_id":"100000000356464.0","t":25675.0}},{"type":"Feature","geometry":{"type":"Point","coordinates":[-121.7495862,38.54096756]},"properties":{"phone_id":"100000000356482.0","t":25675.0}},{"type":"Feature","geometry":{"type":"Point","coordinates":[-121.74944314,38.54100445]},"properties":{"phone_id":"100000000356491.0","t":25675.0}},{"type":"Feature","geometry":{"type":"Point","coordinates":[-121.74926681,38.54097943]},"properties":{"phone_id":"100000000356561.0","t":25675.0}},{"type":"Feature","geometry":{"type":"Point","coordinates":[-121.74948685,38.54104928]},"properties":{"phone_id":"100000000356589.0","t":25675.0}},{"type":"Feature","geometry":{"type":"Point","coordinates":[-121.74932699,38.5410498]},"properties":{"phone_id":"100000000356605.0","t":25675.0}},{"type":"Feature","geometry":{"type":"Point","coordinates":[-121.74934682,38.54104866]},"properties":{"phone_id":"100000000356614.0","t":25675.0}},{"type":"Feature","geometry":{"type":"Point","coordinates":[-121.74909779,38.5412472]},"properties":{"phone_id":"100000000356678.0","t":25675.0}},{"type":"Feature","geometry":{"type":"Point","coordinates":[-121.74955553,38.54099917]},"properties":{"phone_id":"100000000356703.0","t":25675.0}},{"type":"Feature","geometry":{"type":"Point","coordinates":[-121.74927541,38.54096609]},"properties":{"phone_id":"100000000356721.0","t":25675.0}},{"type":"Feature","geometry":{"type":"Point","coordinates":[-121.74945805,38.54114438]},"properties":{"phone_id":"100000000356730.0","t":25675.0}},{"type":"Feature","geometry":{"type":"Point","coordinates":[-121.74942755,38.54131823]},"properties":{"phone_id":"100000000356749.0","t":25675.0}},{"type":"Feature","geometry":{"type":"Point","coordinates":[-121.74947013,38.54110286]},"properties":{"phone_id":"100000000356758.0","t":25675.0}},{"type":"Feature","geometry":{"type":"Point","coordinates":[-121.74947972,38.54109479]},"properties":{"phone_id":"100000000356767.0","t":25675.0}},{"type":"Feature","geometry":{"type":"Point","coordinates":[-121.74948246,38.54115872]},"properties":{"phone_id":"100000000356776.0","t":25675.0}},{"type":"Feature","geometry":{"type":"Point","coordinates":[-121.74922443,38.54111058]},"properties":{"phone_id":"100000000356785.0","t":25675.0}},{"type":"Feature","geometry":{"type":"Point","coordinates":[-121.74924977,38.54113026]},"properties":{"phone_id":"100000000356794.0","t":25675.0}},{"type":"Feature","geometry":{"type":"Point","coordinates":[-121.74938099,38.54100662]},"properties":{"phone_id":"100000000356801.0","t":25675.0}},{"type":"Feature","geometry":{"type":"Point","coordinates":[-121.7493469,38.54112461]},"properties":{"phone_id":"100000000356810.0","t":25675.0}},{"type":"Feature","geometry":{"type":"Point","coordinates":[-121.7493439,38.5411127]},"properties":{"phone_id":"100000000356829.0","t":25675.0}},{"type":"Feature","geometry":{"type":"Point","coordinates":[-121.74934739,38.54104114]},"properties":{"phone_id":"100000000356838.0","t":25675.0}},{"type":"Feature","geometry":{"type":"Point","coordinates":[-121.74943837,38.54102951]},"properties":{"phone_id":"100000000356847.0","t":25675.0}},{"type":"Feature","geometry":{"type":"Point","coordinates":[-121.74928879,38.54102972]},"properties":{"phone_id":"100000000356856.0","t":25675.0}},{"type":"Feature","geometry":{"type":"Point","coordinates":[-121.74949564,38.54110246]},"properties":{"phone_id":"100000000356865.0","t":25675.0}},{"type":"Feature","geometry":{"type":"Point","coordinates":[-121.74930409,38.54101383]},"properties":{"phone_id":"100000000356874.0","t":25675.0}},{"type":"Feature","geometry":{"type":"Point","coordinates":[-121.74946239,38.54111983]},"properties":{"phone_id":"100000000356883.0","t":25675.0}},{"type":"Feature","geometry":{"type":"Point","coordinates":[-121.7492503,38.54115737]},"properties":{"phone_id":"100000000356892.0","t":25675.0}},{"type":"Feature","geometry":{"type":"Point","coordinates":[-121.74923376,38.54116897]},"properties":{"phone_id":"100000000356909.0","t":25675.0}},{"type":"Feature","geometry":{"type":"Point","coordinates":[-121.74916507,38.54096428]},"properties":{"phone_id":"100000000356918.0","t":25675.0}},{"type":"Feature","geometry":{"type":"Point","coordinates":[-121.74928345,38.5411284]},"properties":{"phone_id":"100000000356927.0","t":25675.0}},{"type":"Feature","geometry":{"type":"Point","coordinates":[-121.74915651,38.54097242]},"properties":{"phone_id":"100000000356936.0","t":25675.0}},{"type":"Feature","geometry":{"type":"Point","coordinates":[-121.7493529,38.54122241]},"properties":{"phone_id":"100000000356945.0","t":25675.0}},{"type":"Feature","geometry":{"type":"Point","coordinates":[-121.74947095,38.54095775]},"properties":{"phone_id":"100000000356954.0","t":25675.0}},{"type":"Feature","geometry":{"type":"Point","coordinates":[-121.74919471,38.54125666]},"properties":{"phone_id":"100000000356963.0","t":25675.0}},{"type":"Feature","geometry":{"type":"Point","coordinates":[-121.74911687,38.54128391]},"properties":{"phone_id":"100000000356972.0","t":25675.0}},{"type":"Feature","geometry":{"type":"Point","coordinates":[-121.74930384,38.54128621]},"properties":{"phone_id":"100000000356981.0","t":25675.0}}]}